variable,col1,col2,col3,col4,col5,Sector,Subsector,Technology,Fuel,CCS_flag
Emissions|CO2|Energy,Emissions,CO2,Energy,,,Energy,,Energy,,
Emissions|HFC|HFC245fa,Emissions,HFC,HFC245fa,,,Gases,,HFC245fa,,
Emissions|OC|Energy,Emissions,OC,Energy,,,Energy,,Energy,,
Emissions|OC|Energy|Demand|Industry,Emissions,OC,Energy,Demand,Industry,Industry,Demand,Energy,,
Emissions|Sulfur|AFOLU,Emissions,Sulfur,AFOLU,,,Gases,,AFOLU,,
Emissions|VOC|AFOLU,Emissions,VOC,AFOLU,,,Gases,,AFOLU,,
Emissions|VOC|Energy,Emissions,VOC,Energy,,,Energy,,Energy,,
Final Energy|Hydrogen,Final Energy,Hydrogen,,,,Hydrogen,,,,
Final Energy|Industry|Liquids,Final Energy,Industry,Liquids,,,Liquids,,,,
Final Energy|Industry|Solids|Coal,Final Energy,Industry,Solids,Coal,,Industry,Coal,,,
Final Energy|Residential and Commercial|Liquids,Final Energy,Residential and Commercial,Liquids,,,Liquids,,,,
Final Energy|Solids,Final Energy,Solids,,,,Coal,,,,
Final Energy|Solids|Coal,Final Energy,Solids,Coal,,,Coal,,Coal,Coal,
Final Energy|Transportation|Gases,Final Energy,Transportation,Gases,,,Transportation,Gases,,,
Final Energy|Transportation|Liquids|Bioenergy,Final Energy,Transportation,Liquids,Bioenergy,,Transportation,Liquids,Bioenergy,,
Final Energy|Transportation|Liquids|Oil,Final Energy,Transportation,Liquids,Oil,,Transportation,Liquids,Oil,,
Food Demand|Livestock,Food Demand,Livestock,,,,Agriculture,Livestock,,,
Investment|Energy Supply|Electricity|Nuclear,Investment,Energy Supply,Electricity,Nuclear,,Power,,Nuclear,Nuclear,
Land Cover|Cropland|Rainfed,Land Cover,Cropland,Rainfed,,,Agriculture,,,,
OM Cost|Fixed|Electricity|Coal|w/o CCS,OM Cost,Fixed,Electricity,Coal,w/o CCS,Power,Coal,Coal - w/o CCS,,w/o CCS
OM Cost|Fixed|Electricity|Hydro,OM Cost,Fixed,Electricity,Hydro,,Renewables,Hydro,Hydro,Hydro,
OM Cost|Fixed|Electricity|Wind,OM Cost,Fixed,Electricity,Wind,,Renewables,Wind,Wind,Wind,
Population,Population,,,,,,,,,
Price|Agriculture|Non-Energy Crops|Index,Price,Agriculture,Non-Energy Crops,Index,,Agriculture,Non-Energy Crops,,,
Primary Energy|Coal|Electricity|w/ CCS,Primary Energy,Coal,Electricity,w/ CCS,,Power,,Coal - w/ CCS,Coal,w/ CCS
Primary Energy|Coal|w/ CCS,Primary Energy,Coal,w/ CCS,,,Coal,Coal,Coal - w/ CCS,Coal,w/ CCS
Primary Energy|Coal|w/o CCS,Primary Energy,Coal,w/o CCS,,,Coal,Coal,Coal - w/o CCS,Coal,w/o CCS
Primary Energy|Gas,Primary Energy,Gas,,,,Gas&Oil,Gas,,Gas,
Primary Energy|Hydro,Primary Energy,Hydro,,,,Renewables,Hydro,Hydro,Hydro,
Secondary Energy,Secondary Energy,,,,,,,,,
Secondary Energy|Electricity|Coal|w/o CCS,Secondary Energy,Electricity,Coal,w/o CCS,,Power,Coal,Coal - w/o CCS,,w/o CCS
Secondary Energy|Electricity|Fossil|w/ CCS,Secondary Energy,Electricity,Fossil,w/ CCS,,Power,Fossil,Fossil - w/ CCS,,w/ CCS
Secondary Energy|Electricity|Geothermal,Secondary Energy,Electricity,Geothermal,,,Renewables,Geothermal,Geothermal,,
Secondary Energy|Gases,Secondary Energy,Gases,,,,Gases,Gases,Gases,,
Secondary Energy|Solids|Biomass,Secondary Energy,Solids,Biomass,,,Biomass,Biomass,Solids,,
Water Consumption|Electricity|Coal|w/ CCS,Water Consumption,Electricity,Coal,w/ CCS,,Power,Coal,Coal - w/ CCS,Coal,w/ CCS
Agricultural Production|Non-Energy|Livestock,Agricultural Production,Non-Energy,Livestock,,,Agriculture,Livestock,Non-Energy,,
Capacity Additions|Electricity|Oil|w/ CCS,Capacity Additions,Electricity,Oil,w/ CCS,,Power,Oil,Oil - w/ CCS,Oil,w/ CCS
Capacity|Electricity|Coal,Capacity,Electricity,Coal,,,Power,Coal,,Coal,
Capacity|Electricity|Gas,Capacity,Electricity,Gas,,,Power,Gas,,Gas,
Capacity|Liquids|Biomass|w/ CCS,Capacity,Liquids,Biomass,w/ CCS,,Power,Liquids,,Biomass,w/ CCS
Capital Cost|Electricity|Hydro,Capital Cost,Electricity,Hydro,,,Renewables,Hydro,Hydro,Hydro,
Capital Cost|Electricity|Wind|Onshore,Capital Cost,Electricity,Wind,Onshore,,Renewables,Wind,Wind - Onshore,Wind,
Carbon Sequestration|CCS|Biomass,Carbon Sequestration,CCS,Biomass,,,Biomass,,CCS,Biomass,CCS
Carbon Sequestration|CCS|Biomass|Energy|Supply|Electricity,Carbon Sequestration,CCS,Biomass,Energy,Supply,Energy,Supply,CCS,Biomass,CCS
Carbon Sequestration|CCS|Fossil|Energy|Supply|Electricity,Carbon Sequestration,CCS,Fossil,Energy,Supply,Energy,Supply,CCS,Fossil,CCS
Carbon Sequestration|CCS|Fossil|Energy|Supply|Liquids,Carbon Sequestration,CCS,Fossil,Energy,Supply,Energy,Supply,CCS,Fossil,CCS
Carbon Sequestration|Land Use|Afforestation,Carbon Sequestration,Land Use,Afforestation,,,Agriculture,Afforestation,Land Use,,
Cumulative Capacity|Electricity|Solar|PV,Cumulative Capacity,Electricity,Solar,PV,,Renewables,Solar,Solar - PV,Solar,
Efficiency|Electricity|Coal|w/ CCS,Efficiency,Electricity,Coal,w/ CCS,,Power,Coal,Coal - w/ CCS,Coal,w/ CCS
Investment|Energy Supply|Electricity|Oil|w/ CCS,Investment,Energy Supply,Electricity,Oil,w/ CCS,Power,,Oil,Oil,w/ CCS
Final Energy|Other Sector|Gases,Final Energy,Other Sector,Gases,,,Gases,,,,
Emissions|CO2|Energy|Demand|Residential and Commercial,Emissions,CO2,Energy,Demand,Residential and Commercial,Residential and Commercial,Demand,Energy,,
Emissions|PFC|CF4,Emissions,PFC,CF4,,,Gases,,CF4,,
Cumulative Capacity|Electricity|Biomass,Cumulative Capacity,Electricity,Biomass,,,Power,Biomass,Biomass,Biomass,
Cumulative Capacity|Electricity|Coal,Cumulative Capacity,Electricity,Coal,,,Power,Coal,Coal,Coal,
Production|Cement,Production,Cement,,,,Cement,,,,
Final Energy|Transportation|Liquids|Natural Gas,Final Energy,Transportation,Liquids,Natural Gas,,Transportation,Liquids,Natural Gas,,
Secondary Energy|Hydrogen|Coal,Secondary Energy,Hydrogen,Coal,,,Hydrogen,Coal,Hydrogen,,
Investment|Energy Demand|Transportation|Passenger|Road|LDV|EV,Investment,Energy Demand,Transportation,Passenger,Road,Transportation,,Passenger,Passenger,
Value Added|Industry,Value Added,Industry,,,,Industry,,,,
Emissions|CO2|Energy|Demand|Transportation|Maritime,Emissions,CO2,Energy,Demand,Transportation,Transportation,Demand,Energy,,
Emissions|CO2|Energy|Demand|Transportation|Road|Passenger|2W&3W,Emissions,CO2,Energy,Demand,Transportation,Transportation,Demand,Energy,,
Emissions|Sulfur|Energy|Demand|Transportation|Passenger,Emissions,Sulfur,Energy,Demand,Transportation,Transportation,Demand,Energy,,
Energy Service|Transportation|Aviation,Energy Service,Transportation,Aviation,,,Transportation,Aviation,,,
Final Energy|Transportation|Rail,Final Energy,Transportation,Rail,,,Transportation,Rail,,,
Final Energy|Transportation|Rail|Freight,Final Energy,Transportation,Rail,Freight,,Transportation,Rail,Freight,,
Cumulative Capacity|Electricity|Wind|Offshore,Cumulative Capacity,Electricity,Wind,Offshore,,Power,Wind,Wind - Offshore,Wind,
Emissions|CO2|Energy|Demand|Residential and Commercial|Residential|Heating|Cooking,Emissions,CO2,Energy,Demand,Residential and Commercial,Residential and Commercial,Demand,Energy,,
Final Energy|Residential and Commercial|Heating,Final Energy,Residential and Commercial,Heating,,,Heating,,,,
Final Energy|Residential and Commercial|Heating|Water,Final Energy,Residential and Commercial,Heating,Water,,Heating,Water,,,
Final Energy|Residential and Commercial|Residential|Appliances,Final Energy,Residential and Commercial,Residential,Appliances,,Residential,Appliances,,,
Trade|Primary Energy|Coal|Value,Trade,Primary Energy,Coal,Value,,Coal,Coal,,Coal,
Trade|Value,Trade,Value,,,,,,,,
Final Energy|Residential and Commercial|Commercial|Heating|Water,Final Energy,Residential and Commercial,Commercial,Heating,Water,Commercial,Heating,Water,,
Value Added|Industry|Construction,Value Added,Industry,Construction,,,Industry,Construction,,,
Discount rate|Residential and Commercial,Discount rate,Residential and Commercial,,,,Residential and Commercial,,,,
Policy Cost|Welfare Change,Policy Cost,Welfare Change,,,,,,,,
Primary Energy|Non-Biomass Renewables|Wind,Primary Energy,Non-Biomass Renewables,Wind,,,Renewables,Non-Biomass Renewables,Wind,,
Primary Energy|Biomass|Hydrogen,Primary Energy,Biomass,Hydrogen,,,Biomass,Hydrogen,Hydrogen,,
Primary Energy|Coal|Gases,Primary Energy,Coal,Gases,,,Coal,Coal,Coal - Gases,Gases,
Expenditure|household,Expenditure,household,,,,,,,,
Import|Energy,Import,Energy,,,,Energy,,,,
Emissions|CH4|Waste,Emissions,CH4,Waste,,,Gases,,Waste,,
Expenditure|government,Expenditure,government,,,,,,,,
Final Energy (excl. feedstocks)|Industry|Gases|Hydrogen synfuel,Final Energy (excl. feedstocks),Industry,Gases,Hydrogen synfuel,,Industry,Gases,Hydrogen synfuel,,
Secondary Energy|Heat|Other,Secondary Energy,Heat,Other,,,Heat,Other,Heat,,
Resource|Extraction|Coal,Resource,Extraction,Coal,,,Coal,Coal,,,
Expenditure|Energy|Index,Expenditure,Energy,Index,,,Energy,,,,
Value Added,Value Added,,,,,,,,,
Capital Cost|Hydrogen|Biomass|w/ CCS,Capital Cost,Hydrogen,Biomass,w/ CCS,,Biomass,Hydrogen,Biomass - w/ CCS,Biomass,w/ CCS
OM Cost|Fixed|Hydrogen|Biomass|w/ CCS,OM Cost,Fixed,Hydrogen,Biomass,w/ CCS,Biomass,Hydrogen,Biomass - w/ CCS,,w/ CCS
Capacity|Hydrogen|Gas|w/ CCS,Capacity,Hydrogen,Gas,w/ CCS,,Power,Hydrogen,Hydrogen - Gas,,w/ CCS
Investment|Energy Supply|Hydrogen|Other,Investment,Energy Supply,Hydrogen,Other,,Hydrogen,,Other,Other,
Water Withdrawal|Electricity|Cooling Pond,Water Withdrawal,Electricity,Cooling Pond,,,Power,Cooling Pond,Cooling Pond,,
Price|Final Energy|Residential and Commercial|Residential|Liquids|Biomass,Price,Final Energy,Residential and Commercial,Residential,Liquids,Residential and Commercial,Residential,Residential - Liquids,Biomass-liquid,
Emissions|BC|Energy|Demand|Residential and Commercial|Commercial,Emissions,BC,Energy,Demand,Residential and Commercial,Residential and Commercial,Demand,Energy,,
Emissions|CO|Industrial Processes,Emissions,CO,Industrial Processes,,,Industry,,Industrial Processes,,
Emissions|OC|Energy|Demand|Residential and Commercial|Residential,Emissions,OC,Energy,Demand,Residential and Commercial,Residential and Commercial,Demand,Energy,,
Emissions|VOC|Industrial Processes,Emissions,VOC,Industrial Processes,,,Industry,,Industrial Processes,,
Final Energy (excl. feedstocks)|Industry|Liquids|Bioenergy,Final Energy (excl. feedstocks),Industry,Liquids,Bioenergy,,Industry,Liquids,Bioenergy,,
Final Energy|Industry|Cement|Hydrogen,Final Energy,Industry,Cement,Hydrogen,,Cement,Hydrogen,,,
Final Energy|Industry|Cement|Liquids|Fossil,Final Energy,Industry,Cement,Liquids,Fossil,Cement,Liquids,Fossil,,
Final Energy|Industry|Chemicals|High value chemicals|Liquids,Final Energy,Industry,Chemicals,High value chemicals,Liquids,Chemicals,High value chemicals,Liquids,,
Final Energy|Industry|Chemicals|High value chemicals|Solids|Fossil,Final Energy,Industry,Chemicals,High value chemicals,Solids,Chemicals,High value chemicals,Solids,,
Final Energy|Industry|Other|Gases,Final Energy,Industry,Other,Gases,,Industry,Gases,,,
Final Energy|Industry|Other|Liquids,Final Energy,Industry,Other,Liquids,,Industry,Liquids,Other,,
Final Energy|Industry|Pulp and Paper|Heat,Final Energy,Industry,Pulp and Paper,Heat,,Pulp and Paper,Heat,,,
Population|Relying on Solid Fuels,Population,Relying on Solid Fuels,,,,,,,,
Price|Agriculture|Rice|Index,Price,Agriculture,Rice,Index,,Agriculture,Rice,,,
Investment|Infrastructure|Transportation,Investment,Infrastructure,Transportation,,,Transportation,,,,
Capital Formation,Capital Formation,,,,,,,,,
Carbon Intensity|Production|Cement|Industrial Processes,Carbon Intensity,Production,Cement,Industrial Processes,,Cement,,Industrial Processes,,
Emissions|VOC|Waste,Emissions,VOC,Waste,,,Gases,,Waste,,
Final Energy|Industry|Gases|Bioenergy,Final Energy,Industry,Gases,Bioenergy,,Industry,Bioenergy,Gases,,
Land Cover|Cropland|Energy Crops|2nd generation,Land Cover,Cropland,Energy Crops,2nd generation,,Agriculture,,,,
Land Cover|Forest|Secondary,Land Cover,Forest,Secondary,,,Agriculture,,,,
Energy Service|Residential and Commercial|Residential|Single family|Construction,Energy Service,Residential and Commercial,Residential,Single family,Construction,Residential and Commercial,Residential,,,
Forcing,Forcing,,,,,,,,,
Forcing|N2O,Forcing,N2O,,,,,,,,
Policy Cost|Other,Policy Cost,Other,,,,,,,,
Final Energy|Industry|Gases|,Final Energy,Industry,Gases,,,Industry,Gases,Gases,,
Final Energy|Transportation|Freight|Gases|Bioenergy,Final Energy,Transportation,Freight,Gases,Bioenergy,Transportation,Freight,Gases - Bioenergy,,
Capacity|Transportation|Aviation|Freight,Capacity,Transportation,Aviation,Freight,,Transportation,Aviation,Freight,,
Capacity|Transportation|Road|Passenger,Capacity,Transportation,Road,Passenger,,Transportation,Road,Passenger,,
Final Energy|Residential and Commercial|Commercial|Water|Desalination,Final Energy,Residential and Commercial,Commercial,Water,Desalination,Commercial,Water,Desalination,,
Capacity|Liquids|Coal,Capacity,Liquids,Coal,,,Power,Liquids,,Coal,
Efficiency|Hydrogen|Biomass|w/ CCS,Efficiency,Hydrogen,Biomass,w/ CCS,,Biomass,Hydrogen,Hydrogen,Biomass,w/ CCS
Efficiency|Liquids|Gas|w/o CCS,Efficiency,Liquids,Gas,w/o CCS,,Gas&Oil,Liquids,Gas - w/o CCS,Gas,w/o CCS
Lifetime|Hydrogen|Gas|w/o CCS,Lifetime,Hydrogen,Gas,w/o CCS,,Hydrogen,Gas,Gas - w/o CCS,Gas,w/o CCS
Lifetime|Liquids|Coal|w/ CCS,Lifetime,Liquids,Coal,w/ CCS,,Liquids,Coal,Coal - w/ CCS,Coal,w/ CCS
Lifetime|Liquids|Gas|w/ CCS,Lifetime,Liquids,Gas,w/ CCS,,Liquids,Gas,Gas - w/ CCS,Gas,w/ CCS
OM Cost|Fixed|Liquids|Gas|w/ CCS,OM Cost,Fixed,Liquids,Gas,w/ CCS,Gas&Oil,Gas,Gas - w/ CCS,,w/ CCS
Water Consumption|Hydrogen|Fossil|w/ CCS,Water Consumption,Hydrogen,Fossil,w/ CCS,,Hydrogen,Fossil,Fossil - w/ CCS,Fossil,w/ CCS
Water Consumption|Liquids,Water Consumption,Liquids,,,,Liquids,,,,
Water Withdrawal|Gases|Biomass,Water Withdrawal,Gases,Biomass,,,Biomass,Gases,Water Withdrawal,Biomass,
Water Withdrawal|Heat,Water Withdrawal,Heat,,,,Heat,,,,
Water Withdrawal|Heat|Gas,Water Withdrawal,Heat,Gas,,,Heat,Gas,Gas,Gas,
Water Withdrawal|Hydrogen|Biomass,Water Withdrawal,Hydrogen,Biomass,,,Hydrogen,Biomass,Biomass,Biomass,
Water Withdrawal|Liquids|Biomass,Water Withdrawal,Liquids,Biomass,,,Liquids,Biomass,Biomass,Biomass,
Water Withdrawal|Liquids|Biomass|w/o CCS,Water Withdrawal,Liquids,Biomass,w/o CCS,,Liquids,Biomass,Biomass - w/o CCS,Biomass,w/o CCS
Emissions|CO2|Energy|Demand|Industry|Chemicals|Methanol,Emissions,CO2,Energy,Demand,Industry,Industry,Demand,Energy,,
GDP|PPP|Per capita growth rate,GDP,PPP,Per capita growth rate,,,,,,,
Population|Extreme poverty,Population,Extreme poverty,,,,,,,,
Population|Relative poverty|w.r.t. median income|Share,Population,Relative poverty,w.r.t. median income,Share,,,,,,
Useful Energy|Per Capita|Residential and Commercial,Useful Energy,Per Capita,Residential and Commercial,,,Residential and Commercial,,,,
Capacity|Electricity|Storage|Battery Capacity,Capacity,Electricity,Storage,Battery Capacity,,Power,Storage,Storage - Battery Capacity,Electricity,
Capital Cost |Electricity|Solar|PV|Rooftop PV,Capital Cost ,Electricity,Solar,PV,Rooftop PV,Renewables,Solar,Solar - PV,,
Capital Cost|Electricity|Storage|Battery Capacity,Capital Cost,Electricity,Storage,Battery Capacity,,Power,Storage,Storage - Battery Capacity,Electricity,
Effciency|Heating|Heat pumps,Efficiency,Heating,Heat pumps,,,Heating,Heating,Heat pumps,,
Lifetime|Heating|Heat pumps,Lifetime,Heating,Heat pumps,,,Heating,Heat pumps,Heat pumps,Heat pumps,
Lifetime|Storage|Thermal Energy Storage|District heating storage,Lifetime,Storage,Thermal Energy Storage,District heating storage,,Storage,Thermal Energy Storage,Thermal Energy Storage - District heating storage,Thermal Energy Storage,
Energy Service|Residential and Commercial|Renovation rate,Energy Service,Residential and Commercial,Renovation rate,,,Residential and Commercial,Renovation rate,,,
Emissions|BC|Energy|Demand|Transportation,Emissions,BC,Energy,Demand,Transportation,Transportation,Demand,Energy,,
Emissions|CH4,Emissions,CH4,,,,Gases,,,,
Emissions|CH4|Energy|Supply,Emissions,CH4,Energy,Supply,,Power,Supply,Energy,,
Emissions|CO2|Energy and Industrial Processes,Emissions,CO2,Energy and Industrial Processes,,,Industry,,Energy and Industrial Processes,,
Emissions|CO2|Energy|Demand|Residential and Commercial|Residential,Emissions,CO2,Energy,Demand,Residential and Commercial,Residential and Commercial,Demand,Energy,,
Emissions|HFC|HFC125,Emissions,HFC,HFC125,,,Gases,,HFC125,,
Emissions|HFC|HFC143a,Emissions,HFC,HFC143a,,,Gases,,HFC143a,,
Emissions|N2O|AFOLU|Agriculture|Managed Soils,Emissions,N2O,AFOLU,Agriculture,Managed Soils,Managed Soils,Agriculture,AFOLU,,
Emissions|NH3|Energy,Emissions,NH3,Energy,,,Gases,,Energy,,
Emissions|OC|AFOLU,Emissions,OC,AFOLU,,,Gases,,AFOLU,,
Emissions|OC|Energy|Demand|Transportation,Emissions,OC,Energy,Demand,Transportation,Transportation,Demand,Energy,,
Energy Service|Transportation|Freight|Road,Energy Service,Transportation,Freight,Road,,Transportation,Freight,,,
Final Energy|Industry|Electricity,Final Energy,Industry,Electricity,,,Industry,,,,
Final Energy|Non-Energy Use|Oil,Final Energy,Non-Energy Use,Oil,,,Non-Energy Use,Oil,,Oil,
Final Energy|Other Sector|Solids|Coal,Final Energy,Other Sector,Solids,Coal,,Coal,,,,
Final Energy|Residential and Commercial|Solids,Final Energy,Residential and Commercial,Solids,,,Residential and Commercial,,,,
Final Energy|Transportation,Final Energy,Transportation,,,,Transportation,,,,
Final Energy|Transportation|Passenger,Final Energy,Transportation,Passenger,,,Transportation,Passenger,,,
Final Energy|Transportation|Passenger|Liquids|Oil,Final Energy,Transportation,Passenger,Liquids,Oil,Transportation,Passenger,Liquids - Oil,,
GDP|MER,GDP,MER,,,,,,,,
Investment|Energy Supply|Electricity|Electricity Storage,Investment,Energy Supply,Electricity,Electricity Storage,,Power,Storage,Electricity Storage,,
Investment|Energy Supply|Electricity|Gas|w/ CCS,Investment,Energy Supply,Electricity,Gas,w/ CCS,Power,Gas,Gas,Gas,w/ CCS
Investment|Energy Supply|Electricity|Hydro,Investment,Energy Supply,Electricity,Hydro,,Renewables,Hydro,Hydro,Hydro,
Investment|Energy Supply|Electricity|Transmission and Distribution,Investment,Energy Supply,Electricity,Transmission and Distribution,,Power,Transmission and Distribution,Transmission and Distribution,,
Land Cover,Land Cover,,,,,,,,,
Land Cover|Forest|Natural Forest,Land Cover,Forest,Natural Forest,,,,,,,
Price|Primary Energy|Gas,Price,Primary Energy,Gas,,,Gas&Oil,Gas,,Gas,
Price|Primary Energy|Oil,Price,Primary Energy,Oil,,,Oil,Oil,,Oil,
Price|Secondary Energy|Liquids,Price,Secondary Energy,Liquids,,,Liquids,,,,
Primary Energy|Biomass,Primary Energy,Biomass,,,,Biomass,,,,
Primary Energy|Biomass|Energy Crops,Primary Energy,Biomass,Energy Crops,,,Biomass,Energy Crops,Energy Crops,,
Primary Energy|Coal,Primary Energy,Coal,,,,Coal,Coal,,Coal,
Primary Energy|Gas|Electricity|w/o CCS,Primary Energy,Gas,Electricity,w/o CCS,,Power,,Gas - w/o CCS,Gas,w/o CCS
Primary Energy|Gas|w/ CCS,Primary Energy,Gas,w/ CCS,,,Gas&Oil,Gas,Gas - w/ CCS,Gas,w/ CCS
Primary Energy|Oil|Electricity|w/ CCS,Primary Energy,Oil,Electricity,w/ CCS,,Power,,Oil - w/ CCS,Oil,w/ CCS
Primary Energy|Oil|w/ CCS,Primary Energy,Oil,w/ CCS,,,Oil,Oil,Oil - w/ CCS,Oil,w/ CCS
Secondary Energy|Electricity|Coal|w/ CCS,Secondary Energy,Electricity,Coal,w/ CCS,,Power,Coal,Coal - w/ CCS,,w/ CCS
Secondary Energy|Electricity|Hydro,Secondary Energy,Electricity,Hydro,,,Renewables,Hydro,Hydro,Hydro,
Secondary Energy|Electricity|Solar|PV,Secondary Energy,Electricity,Solar,PV,,Renewables,Solar,Solar - PV,,
Secondary Energy|Solids,Secondary Energy,Solids,,,,Solids,,Solids,,
Secondary Energy|Solids|Coal,Secondary Energy,Solids,Coal,,,Coal,Coal,Solids,,
Trade|Primary Energy|Oil|Volume,Trade,Primary Energy,Oil,Volume,,Oil,Oil,,Oil,
Trade|Secondary Energy|Liquids|Biomass|Volume,Trade,Secondary Energy,Liquids,Biomass,Volume,Liquids,Biomass,,Biomass,
Water Consumption|Electricity|Fossil,Water Consumption,Electricity,Fossil,,,Power,Fossil,Fossil,Fossil,
Water Consumption|Irrigation,Water Consumption,Irrigation,,,,Irrigation,,,,
Water Withdrawal|Electricity|Coal,Water Withdrawal,Electricity,Coal,,,Power,Coal,Coal,Coal,
Water Withdrawal|Electricity|Oil|w/o CCS,Water Withdrawal,Electricity,Oil,w/o CCS,,Power,Oil,Oil - w/o CCS,Oil,w/o CCS
Water Withdrawal|Industrial Water,Water Withdrawal,Industrial Water,,,,Industrial Water,,,,
Capacity Additions|Electricity|Biomass|w/o CCS,Capacity Additions,Electricity,Biomass,w/o CCS,,Power,Biomass,Biomass - w/o CCS,Biomass,w/o CCS
Capacity Additions|Electricity|Gas,Capacity Additions,Electricity,Gas,,,Power,Gas,Gas,Gas,
Capacity|Electricity|Coal|w/o CCS,Capacity,Electricity,Coal,w/o CCS,,Power,Coal,Coal - w/o CCS,Coal,w/o CCS
Capacity|Electricity|Gas|w/ CCS,Capacity,Electricity,Gas,w/ CCS,,Power,Gas,Gas - w/ CCS,Gas,w/ CCS
Capital Cost|Electricity|Nuclear,Capital Cost,Electricity,Nuclear,,,Nuclear,Nuclear,Nuclear,,
Carbon Sequestration|CCS|Biomass|Energy|Supply,Carbon Sequestration,CCS,Biomass,Energy,Supply,Energy,Supply,CCS,Biomass,CCS
Emissions|BC,Emissions,BC,,,,,,,,
Investment|Energy Supply|Electricity|Coal|w/ CCS,Investment,Energy Supply,Electricity,Coal,w/ CCS,Power,Coal,Coal,Coal,w/ CCS
Investment|Energy Supply|Electricity|Oil,Investment,Energy Supply,Electricity,Oil,,Power,Oil,,Oil,
Investment|Energy Supply|Electricity|Oil|w/o CCS,Investment,Energy Supply,Electricity,Oil,w/o CCS,Power,Oil,,Oil,w/o CCS
Secondary Energy|Heat|Geothermal,Secondary Energy,Heat,Geothermal,,,Heat,Geothermal,Heat,,
Emissions|CO2|Energy|Demand|Residential,Emissions,CO2,Energy,Demand,Residential,Residential,Demand,Energy,,
Water Withdrawal|Irrigation,Water Withdrawal,Irrigation,,,,Irrigation,,,,
Yield|Cereal,Yield,Cereal,,,,Agriculture,Cereal,Cereal,,
Investment|Energy Supply|Hydrogen,Investment,Energy Supply,Hydrogen,,,Hydrogen,,,,
Carbon Sequestration|Land Use,Carbon Sequestration,Land Use,,,,,,Land Use,,
Emissions|CO2|Energy|Demand|Transportation|Freight,Emissions,CO2,Energy,Demand,Transportation,Transportation,Demand,Energy,,
Emissions|CO2|Energy|Supply|Gases,Emissions,CO2,Energy,Supply,Gases,Energy,Supply,Gases,,
Final Energy|Other Sector|Solids|Biomass|Traditional,Final Energy,Other Sector,Solids,Biomass,Traditional,Biomass,,,,
Final Energy|Residential and Commercial|Residential|Hydrogen,Final Energy,Residential and Commercial,Residential,Hydrogen,,Residential,Hydrogen,,,
Final Energy|Residential and Commercial|Residential|Other,Final Energy,Residential and Commercial,Residential,Other,,Residential,Other,,,
Lifetime|Electricity|Coal|w/o CCS,Lifetime,Electricity,Coal,w/o CCS,,Power,Coal,Coal - w/o CCS,Coal,w/o CCS
Lifetime|Electricity|Hydro,Lifetime,Electricity,Hydro,,,Renewables,Hydro,Hydro,Hydro,
Secondary Energy|Electricity|Solar|CSP,Secondary Energy,Electricity,Solar,CSP,,Renewables,Solar,Solar - CSP,,
Secondary Energy|Electricity|Storage Losses,Secondary Energy,Electricity,Storage Losses,,,Power,Storage Losses,Storage Losses,,
Secondary Energy|Gases|Coal,Secondary Energy,Gases,Coal,,,Coal,Coal,Gases,,
Secondary Energy|Hydrogen|Biomass|w/ CCS,Secondary Energy,Hydrogen,Biomass,w/ CCS,,Hydrogen,Biomass,Hydrogen - w/ CCS,,w/ CCS
Secondary Energy|Hydrogen|Coal|w/o CCS,Secondary Energy,Hydrogen,Coal,w/o CCS,,Hydrogen,Coal,Hydrogen - w/o CCS,,w/o CCS
Secondary Energy|Hydrogen|Fossil|w/o CCS,Secondary Energy,Hydrogen,Fossil,w/o CCS,,Hydrogen,Fossil,Hydrogen - w/o CCS,,w/o CCS
Secondary Energy|Hydrogen|Gas|w/o CCS,Secondary Energy,Hydrogen,Gas,w/o CCS,,Hydrogen,Gas,Hydrogen - w/o CCS,,w/o CCS
Secondary Energy|Liquids|Coal|w/o CCS,Secondary Energy,Liquids,Coal,w/o CCS,,Liquids,Coal,Liquids - w/o CCS,,w/o CCS
Secondary Energy|Liquids|Gas,Secondary Energy,Liquids,Gas,,,Liquids,Gas,Liquids,,
Capital Cost|Electricity|Wind|Offshore,Capital Cost,Electricity,Wind,Offshore,,Renewables,Wind,Wind - Offshore,Wind,
Energy Service|Residential and Commercial|Floor Space,Energy Service,Residential and Commercial,Floor Space,,,Residential and Commercial,Floor Space,,,
Investment|Energy Demand|Transportation|Freight|Road|HDT|EV,Investment,Energy Demand,Transportation,Freight,Road,Transportation,,Freight,Freight,
Price|Secondary Energy|Hydrogen,Price,Secondary Energy,Hydrogen,,,Hydrogen,,,Hydrogen,
Yield|Sugarcrops,Yield,Sugarcrops,,,,Agriculture,Sugarcrops,Sugarcrops,,
Energy Service|Transportation|Navigation,Energy Service,Transportation,Navigation,,,Transportation,Navigation,,,
Final Energy|Transportation|Aviation|Passenger,Final Energy,Transportation,Aviation,Passenger,,Transportation,Aviation,Passenger,,
Final Energy|Transportation|Road|Freight|ICE,Final Energy,Transportation,Road,Freight,ICE,Transportation,Road,Freight - ICE,,
Final Energy|Transportation|Road|Passenger|2W&3W,Final Energy,Transportation,Road,Passenger,2W&3W,Transportation,Road,Passenger - 2W&3W,,
Final Energy|Residential and Commercial|Commercial|Heating|Cooking,Final Energy,Residential and Commercial,Commercial,Heating,Cooking,Commercial,Heating,Cooking,,
Final Energy|Residential and Commercial|Heating|Cooking,Final Energy,Residential and Commercial,Heating,Cooking,,Heating,Cooking,,,
Final Energy|Residential and Commercial|Residential|Heating|Cooking,Final Energy,Residential and Commercial,Residential,Heating,Cooking,Residential,Heating,Cooking,,
Trade|Secondary Energy|Electricity|Value,Trade,Secondary Energy,Electricity,Value,,Power,Electricity,Trade,,
Emissions|CO2|Energy|Demand|Residential and Commercial|Commercial|Hotels,Emissions,CO2,Energy,Demand,Residential and Commercial,Residential and Commercial,Demand,Energy,,
Emissions|CO2|Energy|Demand|Residential and Commercial|Commercial|Offices,Emissions,CO2,Energy,Demand,Residential and Commercial,Residential and Commercial,Demand,Energy,,
Final Energy|Residential and Commercial|Ofice equipment,Final Energy,Residential and Commercial,Ofice equipment,,,Ofice equipment,,,,
Energy Service|Floor Space|Residential and Commercial,Energy Service,Floor Space,Residential and Commercial,,,Floor Space,Residential and Commercial,,,
Discount rate|Economy,Discount rate,Economy,,,,Economy,,,,
Carbon Sequestration|CCS|Fossil|Energy,Carbon Sequestration,CCS,Fossil,Energy,,Energy,,CCS,Fossil,CCS
Price|Secondary Energy|Gases|Natural Gas,Price,Secondary Energy,Gases,Natural Gas,,Gas&Oil,Gas,Gas,Natural Gas,
Primary Energy|Biomass|Gases,Primary Energy,Biomass,Gases,,,Biomass,Gases,Gases,,
Emissions|BC|Other,Emissions,BC,Other,,,Gases,,Other,,
Emissions|NH3|Other,Emissions,NH3,Other,,,Gases,,Other,,
Export|Energy,Export,Energy,,,,Energy,,,,
Export|Other,Export,Other,,,,Export,,,,
Final Energy (excl. feedstocks)|Industry,Final Energy (excl. feedstocks),Industry,,,,Industry,,,,
Final Energy (excl. feedstocks)|Industry|Hydrogen,Final Energy (excl. feedstocks),Industry,Hydrogen,,,Industry,Hydrogen,,,
Final Energy (excl. feedstocks)|Industry|Solids|Bioenergy,Final Energy (excl. feedstocks),Industry,Solids,Bioenergy,,Industry,Solids,Bioenergy,,
Final Energy (excl. feedstocks)|Industry|Solids|Fossil,Final Energy (excl. feedstocks),Industry,Solids,Fossil,,Industry,Solids,Fossil,,
Investment|Energy Demand|Transportation|Passenger|Aviation,Investment,Energy Demand,Transportation,Passenger,Aviation,Transportation,,Passenger,Passenger,
Capacity|Hydrogen|Biomass,Capacity,Hydrogen,Biomass,,,Power,Hydrogen,Hydrogen - Biomass,,
Capacity|Hydrogen|Biomass|w/o CCS,Capacity,Hydrogen,Biomass,w/o CCS,,Power,Hydrogen,Hydrogen - Biomass,,w/o CCS
Expenditure|household|Services|health,Expenditure,household,Services,health,,,,,,
Population|Life expectancy,Population,Life expectancy,,,,,,,,
Population|Male,Population,Male,,,,,,,,
Population|Working Age,Population,Working Age,,,,,,,,
Resource|Extraction|Oil,Resource,Extraction,Oil,,,,,,,
Value Added|Services,Value Added,Services,,,,Services,,,,
Industrial Production|Index,Industrial Production,Index,,,,Industry,,,,
Capacity|Hydrogen|Biomass|w/ CCS,Capacity,Hydrogen,Biomass,w/ CCS,,Power,Hydrogen,Hydrogen - Biomass,,w/ CCS
Capacity|Hydrogen|Coal|w/ CCS,Capacity,Hydrogen,Coal,w/ CCS,,Power,Hydrogen,Hydrogen - Coal,,w/ CCS
Capital Cost|Hydrogen|Biomass|w/o CCS,Capital Cost,Hydrogen,Biomass,w/o CCS,,Biomass,Hydrogen,Biomass - w/o CCS,,w/o CCS
Capital Cost|Hydrogen|Coal|w/o CCS,Capital Cost,Hydrogen,Coal,w/o CCS,,Coal,Hydrogen,Coal - w/o CCS,,w/o CCS
Water Consumption|Electricity|Cooling Pond,Water Consumption,Electricity,Cooling Pond,,,Power,Cooling Pond,Cooling Pond,,
Water Consumption|Electricity|Other,Water Consumption,Electricity,Other,,,Power,Other,Other,Other,
Water Consumption|Electricity|Solar|CSP,Water Consumption,Electricity,Solar,CSP,,Renewables,Solar,Solar - CSP,Solar,
Water Withdrawal|Electricity|Other,Water Withdrawal,Electricity,Other,,,Power,Other,Other,Other,
Water Withdrawal|Electricity|Solar|PV,Water Withdrawal,Electricity,Solar,PV,,Renewables,Solar,Solar - PV,Solar,
Carbon Sequestration|CCS|Biomass|Industrial Processes,Carbon Sequestration,CCS,Biomass,Industrial Processes,,Industrial Processes,,CCS,Biomass,CCS
Emissions|BC|Energy|Demand|Residential and Commercial|Residential,Emissions,BC,Energy,Demand,Residential and Commercial,Residential and Commercial,Demand,Energy,,
Emissions|N2O|Energy|Demand|Residential and Commercial|Commercial,Emissions,N2O,Energy,Demand,Residential and Commercial,Residential and Commercial,Demand,Energy,,
Emissions|Sulfur|Energy|Demand|Residential and Commercial|Commercial,Emissions,Sulfur,Energy,Demand,Residential and Commercial,Residential and Commercial,Demand,Energy,,
Final Energy|Industry|Cement|Solids,Final Energy,Industry,Cement,Solids,,Cement,Solids,,,
Final Energy|Industry|Chemicals|Ammonia|Gases|Fossil,Final Energy,Industry,Chemicals,Ammonia,Gases,Chemicals,Ammonia,Gases,,
Final Energy|Industry|Chemicals|High value chemicals|Electricity,Final Energy,Industry,Chemicals,High value chemicals,Electricity,Chemicals,High value chemicals,Electricity,,
Final Energy|Industry|Chemicals|Solids|Bioenergy,Final Energy,Industry,Chemicals,Solids,Bioenergy,Chemicals,Solids,Bioenergy,,
Final Energy|Industry|Other|Hydrogen,Final Energy,Industry,Other,Hydrogen,,Hydrogen,Energy Supply,,,
Final Energy|Transportation|Road|Passenger|Bus,Final Energy,Transportation,Road,Passenger,Bus,Transportation,Road,Passenger - Bus,,
Yield|Bioenergy|2nd generation,Yield,Bioenergy,2nd generation,,,Agriculture,Bioenergy,Bioenergy - 2nd generation,,
Expenditure Share|Food,Expenditure Share,Food,,,,,,,,
Fertilizer Use|Nitrogen|Biological Fixation|Symbiotic Crops,Fertilizer Use,Nitrogen,Biological Fixation,Symbiotic Crops,,Agriculture,,,,
Fertilizer Use|Nitrogen|Organic,Fertilizer Use,Nitrogen,Organic,,,Agriculture,,,,
Final Energy|Industry|Gases|Fossil,Final Energy,Industry,Gases,Fossil,,Industry,Fossil,Gas,,
Capacity|Transportation|Maritime|Passenger,Capacity,Transportation,Maritime,Passenger,,Transportation,Maritime,Passenger,,
Secondary Energy|Heat|Solar,Secondary Energy,Heat,Solar,,,Heat,Solar,Heat,,
Capacity|Liquids|Coal|w/ CCS,Capacity,Liquids,Coal,w/ CCS,,Power,Liquids,,Coal,w/ CCS
Primary Energy|Gas|Solids,Primary Energy,Gas,Solids,,,Gas&Oil,Gas,Gas - Solids,Solids,
Land Cover|Water Ecosystems|Wetlands|Peatlands,Land Cover,Water Ecosystems,Wetlands,Peatlands,,,,,,
Capacity|Liquids|Gas,Capacity,Liquids,Gas,,,Power,Liquids,,Gas,
Capital Cost|Gases|Coal|w/o CCS,Capital Cost,Gases,Coal,w/o CCS,,Coal,Gases,Coal - w/o CCS,,w/o CCS
Capital Cost|Liquids|Gas|w/ CCS,Capital Cost,Liquids,Gas,w/ CCS,,Gas&Oil,Gas,Gas - w/ CCS,,w/ CCS
Lifetime|Hydrogen|Coal|w/ CCS,Lifetime,Hydrogen,Coal,w/ CCS,,Hydrogen,Coal,Coal - w/ CCS,Coal,w/ CCS
OM Cost|Fixed|Gases|Biomass|w/o CCS,OM Cost,Fixed,Gases,Biomass,w/o CCS,Biomass,Gas,Biomass - w/o CCS,,w/o CCS
OM Cost|Fixed|Gases|Coal|w/o CCS,OM Cost,Fixed,Gases,Coal,w/o CCS,Coal,Gas,Coal - w/o CCS,,w/o CCS
OM Cost|Fixed|Hydrogen|Biomass|w/o CCS,OM Cost,Fixed,Hydrogen,Biomass,w/o CCS,Biomass,Hydrogen,Biomass - w/o CCS,,w/o CCS
OM Cost|Fixed|Hydrogen|Coal|w/ CCS,OM Cost,Fixed,Hydrogen,Coal,w/ CCS,Hydrogen,Coal,Coal - w/ CCS,,w/ CCS
Water Consumption|Heat|Geothermal,Water Consumption,Heat,Geothermal,,,Heat,Geothermal,Geothermal,Geothermal,
Water Consumption|Hydrogen|Biomass,Water Consumption,Hydrogen,Biomass,,,Hydrogen,Biomass,Biomass,Biomass,
Water Consumption|Hydrogen|Biomass|w/o CCS,Water Consumption,Hydrogen,Biomass,w/o CCS,,Hydrogen,Biomass,Biomass - w/o CCS,Biomass,w/o CCS
Water Consumption|Hydrogen|Coal|w/ CCS,Water Consumption,Hydrogen,Coal,w/ CCS,,Hydrogen,Coal,Coal - w/ CCS,Coal,w/ CCS
Water Consumption|Hydrogen|Fossil|w/o CCS,Water Consumption,Hydrogen,Fossil,w/o CCS,,Hydrogen,Fossil,Fossil - w/o CCS,Fossil,w/o CCS
Water Withdrawal|Hydrogen|Biomass|w/o CCS,Water Withdrawal,Hydrogen,Biomass,w/o CCS,,Hydrogen,Biomass,Biomass - w/o CCS,Biomass,w/o CCS
Water Withdrawal|Hydrogen|Coal|w/o CCS,Water Withdrawal,Hydrogen,Coal,w/o CCS,,Hydrogen,Coal,Coal - w/o CCS,Coal,w/o CCS
Water Withdrawal|Liquids|Gas,Water Withdrawal,Liquids,Gas,,,Liquids,Gas,Gas,Gas,
Emissions|CO2|Energy|Demand|Industry|Chemicals|Ammonia,Emissions,CO2,Energy,Demand,Industry,Industry,Demand,Energy,,
Emissions|CO2|Energy|Demand|Industry|Chemicals|Other,Emissions,CO2,Energy,Demand,Industry,Industry,Demand,Energy,,
Population|Poverty|LMIC poverty line,Population,Poverty,LMIC poverty line,,,,,,,
Population|Poverty|UMIC poverty line,Population,Poverty,UMIC poverty line,,,,,,,
Capacity |Electricity|Solar|PV|Rooftop PV,Capacity ,Electricity,Solar,PV,Rooftop PV,Renewables,Solar,Rooftop PV,,
Capacity|Heating|Electric boilers,Capacity,Heating,Electric boilers,,,Heating,Heating,Electric boilers,Electricity,
Capacity|Heating|Heat pumps,Capacity,Heating,Heat pumps,,,Heating,Heating,Heat pumps,Electricity,
Final Energy|Residential and Commercial|Commercial|Heating|Heat pumps,Final Energy,Residential and Commercial,Commercial,Heating,Heat pumps,Commercial,Heating,Heat pumps,,
Lifetime|Electricity|Solar|PV|Utility-scale PV,Lifetime,Electricity,Solar,PV,Utility-scale PV,Renewables,Solar,Solar - PV,Solar,
Energy Service|Residential and Commercial|Commercial|Education|Construction rate,Energy Service,Residential and Commercial,Commercial,Education,Construction rate,Residential and Commercial,Commercial,,,
Energy Service|Residential and Commercial|Residential|Construction,Energy Service,Residential and Commercial,Residential,Construction,,Residential and Commercial,Residential,,,
Energy Service|Residential and Commercial|Residential|Renovation rate,Energy Service,Residential and Commercial,Residential,Renovation rate,,Residential and Commercial,Residential,,,
Emissions|CO,Emissions,CO,,,,Gases,,,,
Emissions|CO|AFOLU,Emissions,CO,AFOLU,,,Gases,,AFOLU,,
Emissions|CO|Energy,Emissions,CO,Energy,,,Gases,,Energy,,
Emissions|HFC,Emissions,HFC,,,,Gases,,,,
Emissions|HFC|HFC227ea,Emissions,HFC,HFC227ea,,,Gases,,HFC227ea,,
Emissions|N2O|AFOLU,Emissions,N2O,AFOLU,,,Gases,,AFOLU,,
Emissions|NH3,Emissions,NH3,,,,Gases,,,,
Emissions|NH3|AFOLU,Emissions,NH3,AFOLU,,,Gases,,AFOLU,,
Emissions|NOx,Emissions,NOx,,,,Gases,,,,
Emissions|Sulfur|Energy|Supply,Emissions,Sulfur,Energy,Supply,,Gases,Supply,Energy,,
Emissions|VOC,Emissions,VOC,,,,Gases,,,,
Emissions|VOC|Energy|Supply,Emissions,VOC,Energy,Supply,,Gases,VOC,Energy Supply,,
Energy Service|Transportation|Freight|Navigation,Energy Service,Transportation,Freight,Navigation,,Transportation,Freight,,,
Final Energy|Industry|Heat,Final Energy,Industry,Heat,,,Heat,,,,
Final Energy|Residential and Commercial|Commercial|Solids|Biomass,Final Energy,Residential and Commercial,Commercial,Solids,Biomass,Commercial,Solids,Biomass,,
Final Energy|Residential and Commercial|Heat,Final Energy,Residential and Commercial,Heat,,,Heat,,,,
Final Energy|Transportation|Passenger|Liquids,Final Energy,Transportation,Passenger,Liquids,,Transportation,Passenger,Liquids,,
Forestry Demand|Roundwood,Forestry Demand,Roundwood,,,,Biomass,,,,
Land Cover|Other Land,Land Cover,Other Land,,,,,,,,
OM Cost|Fixed|Electricity|Nuclear,OM Cost,Fixed,Electricity,Nuclear,,Nuclear,Nuclear,Nuclear,,
Price|Agriculture|Non-Energy Crops and Livestock|Index,Price,Agriculture,Non-Energy Crops and Livestock,Index,,Agriculture,Non-Energy Crops and Livestock,,,
Price|Primary Energy|Coal,Price,Primary Energy,Coal,,,Coal,Coal,,Coal,
Primary Energy|Biomass|Liquids,Primary Energy,Biomass,Liquids,,,Biomass,Liquids,Liquids,,
Primary Energy|Biomass|Residues,Primary Energy,Biomass,Residues,,,Biomass,Residues,Residues,,
Primary Energy|Nuclear,Primary Energy,Nuclear,,,,Renewables,Nuclear,Nuclear,,
Primary Energy|Oil,Primary Energy,Oil,,,,Oil,Oil,,Oil,
Secondary Energy|Electricity,Secondary Energy,Electricity,,,,Power,,,,
Secondary Energy|Electricity|Biomass,Secondary Energy,Electricity,Biomass,,,Power,Biomass,Biomass,,
Secondary Energy|Electricity|Curtailment,Secondary Energy,Electricity,Curtailment,,,Power,Curtailment,Curtailment,,
Secondary Energy|Electricity|Fossil,Secondary Energy,Electricity,Fossil,,,Power,Fossil,Fossil,,
Secondary Energy|Electricity|Gas|w/ CCS,Secondary Energy,Electricity,Gas,w/ CCS,,Power,Gas,Gas - w/ CCS,,w/ CCS
Secondary Energy|Heat|Oil,Secondary Energy,Heat,Oil,,,Heat,Oil,Heat,,
Value Added|Agriculture,Value Added,Agriculture,,,,Agriculture,,,,
Water Consumption|Electricity|Biomass|w/ CCS,Water Consumption,Electricity,Biomass,w/ CCS,,Biomass,Biomass,Biomass - w/ CCS,Biomass,w/ CCS
Water Withdrawal|Electricity|Coal|w/ CCS,Water Withdrawal,Electricity,Coal,w/ CCS,,Power,Coal,Coal - w/ CCS,Coal,w/ CCS
Water Withdrawal|Electricity|Wind,Water Withdrawal,Electricity,Wind,,,Renewables,Wind,Wind,Wind,
Capacity Additions|Electricity|Biomass,Capacity Additions,Electricity,Biomass,,,Power,Biomass,Biomass,Biomass,
Capacity Additions|Electricity|Wind,Capacity Additions,Electricity,Wind,,,Power,Wind,Wind,Wind,
Capacity|Electricity|Hydro,Capacity,Electricity,Hydro,,,Renewables,Hydro,Hydro,Hydro,
Capacity|Electricity|Solar,Capacity,Electricity,Solar,,,Power,Solar,,Solar,
Capital Cost|Liquids|Biomass|w/ CCS,Capital Cost,Liquids,Biomass,w/ CCS,,Biomass,Liquids,Biomass - w/ CCS,,w/ CCS
Carbon Sequestration|CCS|Fossil|Energy|Supply,Carbon Sequestration,CCS,Fossil,Energy,Supply,Energy,Supply,CCS,Fossil,CCS
Capital Cost|Electricity|Geothermal,Capital Cost,Electricity,Geothermal,,,Renewables,Geothermal,Geothermal,,
Emissions|CO2|Energy|Demand|Commercial,Emissions,CO2,Energy,Demand,Commercial,Commercial,Demand,Energy,,
Final Energy|Commercial,Final Energy,Commercial,,,,Commercial,,,,
Final Energy|Residential,Final Energy,Residential,,,,Residential and Commercial,Residential,,,
Agricultural Demand|Livestock|Other,Agricultural Demand,Livestock,Other,,,Agriculture,Livestock,Other,,
Emissions|PFC|C2F6,Emissions,PFC,C2F6,,,Gases,PFC,C2F6,,
Emissions|Sulfur|Energy|Demand|Residential and Commercial,Emissions,Sulfur,Energy,Demand,Residential and Commercial,Residential and Commercial,Demand,Energy,,
OM Cost|Fixed|Electricity|Gas|w/ CCS,OM Cost,Fixed,Electricity,Gas,w/ CCS,Power,Gas,Gas - w/ CCS,,w/ CCS
Primary Energy|Biomass|Modern|w/ CCS,Primary Energy,Biomass,Modern,w/ CCS,,Biomass,Modern,Modern - w/ CCS,,w/ CCS
Yield|Oilcrops,Yield,Oilcrops,,,,Agriculture,Oilcrops,Oilcrops,,
Cumulative Capacity|Electricity|Solar,Cumulative Capacity,Electricity,Solar,,,Renewables,Solar,Solar,Solar,
Population|Urban,Population,Urban,,,,,,,,
Emissions|CH4|Other,Emissions,CH4,Other,,,Gases,CH4,Other,,
Production|Chemicals,Production,Chemicals,,,,Industry,,,,
Carbon Sequestration|CCS|Biomass|Energy|Supply|Gases,Carbon Sequestration,CCS,Biomass,Energy,Supply,Energy,Supply,CCS,Biomass,CCS
Carbon Sequestration|CCS|Fossil|Energy|Supply|Gases,Carbon Sequestration,CCS,Fossil,Energy,Supply,Energy,Supply,CCS,Fossil,CCS
Emissions|CO2|Energy|Supply|Liquids,Emissions,CO2,Energy,Supply,Liquids,Liquids,Supply,Energy,,
Lifetime|Electricity|Solar|PV,Lifetime,Electricity,Solar,PV,,Renewables,Solar,Solar - PV,Solar,
Secondary Energy|Electricity|Ocean,Secondary Energy,Electricity,Ocean,,,Power,Ocean,Ocean,,
Secondary Energy|Hydrogen|Gas,Secondary Energy,Hydrogen,Gas,,,Hydrogen,Gas,Hydrogen,,
Secondary Energy|Hydrogen|Gas|w/ CCS,Secondary Energy,Hydrogen,Gas,w/ CCS,,Hydrogen,Gas,Hydrogen - w/ CCS,,w/ CCS
Secondary Energy|Liquids|Coal,Secondary Energy,Liquids,Coal,,,Liquids,Coal,Liquids,,
Secondary Energy|Liquids|Coal|w/ CCS,Secondary Energy,Liquids,Coal,w/ CCS,,Liquids,Coal,Liquids - w/ CCS,,w/ CCS
Secondary Energy|Liquids|Gas|w/ CCS,Secondary Energy,Liquids,Gas,w/ CCS,,Liquids,Gas,Liquids - w/ CCS,,w/ CCS
Secondary Energy|Liquids|Gas|w/o CCS,Secondary Energy,Liquids,Gas,w/o CCS,,Liquids,Gas,Liquids - w/o CCS,,w/o CCS
Secondary Energy|Liquids|Other,Secondary Energy,Liquids,Other,,,Liquids,Other,Liquids,,
Investment|Energy Demand|Transportation|Freight|Road|HDT|FCV,Investment,Energy Demand,Transportation,Freight,Road,Transportation,,Freight,Freight,
Production|Non-ferrous metals,Production,Non-ferrous metals,,,,Industry,,,,
Value Added|Residential and Commercial|Commercial,Value Added,Residential and Commercial,Commercial,,,Residential and Commercial,Commercial,,,
Price|Final Energy|Residential and Commercial|Residential|Solids|Coal,Price,Final Energy,Residential and Commercial,Residential,Solids,Residential and Commercial,Residential,Residential - Solids,Coal,
Emissions|CH4|AFOLU|Agriculture|Livestock|Enteric Fermentation,Emissions,CH4,AFOLU,Agriculture,Livestock,Livestock,Agriculture,AFOLU,,
Emissions|CO2|Energy|Demand|Transportation|Aviation|Passenger,Emissions,CO2,Energy,Demand,Transportation,Transportation,Demand,Energy,,
Energy Service|Transportation|Passenger|Road|2W and 3W,Energy Service,Transportation,Passenger,Road,2W and 3W,Transportation,Passenger,,,
Final Energy|Transportation|Aviation,Final Energy,Transportation,Aviation,,,Transportation,Aviation,,,
Trade|Primary Energy|Gas|Value,Trade,Primary Energy,Gas,Value,,Gas&Oil,Gas,,Gas,
Investment|Energy Supply|Extraction|Uranium,Investment,Energy Supply,Extraction,Uranium,,Extraction,,Uranium,Uranium,
Final Energy|Residential and Commercial|Residential|Heating|Space,Final Energy,Residential and Commercial,Residential,Heating,Space,Residential,Heating,Space,,
Emissions|CO2|Energy|Demand|Residential and Commercial|Commercial|Heating|Space,Emissions,CO2,Energy,Demand,Residential and Commercial,Residential and Commercial,Demand,Energy,,
Final Energy|Residential and Commercial|Heating|Space,Final Energy,Residential and Commercial,Heating,Space,,Heating,Space,,,
Trade|Energy|Volume,Trade,Energy,Volume,,,Energy,,,,
Investment|Energy Supply|Other,Investment,Energy Supply,Other,,,Investment,Energy Supply,,,
Price|Final Energy|Transportation|Hydrogen,Price,Final Energy,Transportation,Hydrogen,,Transportation,Hydrogen,Hydrogen,Hydrogen,
Price|Final Energy|Transportation|Liquids,Price,Final Energy,Transportation,Liquids,,Transportation,Liquids,Liquids,,
Emissions|NOx|Other,Emissions,NOx,Other,,,Gases,NOx,Other,,
Emissions|VOC|Other,Emissions,VOC,Other,,,Gases,VOC,Other,,
Employment|Service,Employment,Service,,,,Service,,,,
Employment|Industry|Manufacturing,Employment,Industry,Manufacturing,,,Industry,Manufacturing,,,
Expenditure|household|Industry,Expenditure,household,Industry,,,Industry,,,,
Investment|Energy Demand|Transportation|Freight|Railways,Investment,Energy Demand,Transportation,Freight,Railways,Transportation,,Freight,Freight,
Investment|Energy Demand|Transportation|Passenger|Railways,Investment,Energy Demand,Transportation,Passenger,Railways,Transportation,,Passenger,Passenger,
Cumulative Capacity|Hydrogen|Electricity,Cumulative Capacity,Hydrogen,Electricity,,,Power,Hydrogen,Electricity,Electricity,
Transport|Stock|Road|Passenger,Transport,Stock,Road,Passenger,,Transportation,Road,Passenger,,
Transport|Stock|Road|Passenger|2W&3W,Transport,Stock,Road,Passenger,2W&3W,Transportation,Road,Passenger - 2W&3W,,
Efficiency|Liquids|Oil,Efficiency,Liquids,Oil,,,Gas&Oil,Liquids,Oil,Oil,
OM Cost|Fixed|Electricity|Solar|CSP,OM Cost,Fixed,Electricity,Solar,CSP,Renewables,Solar,Solar - CSP,,
Labour Supply,Labour Supply,,,,,,,,,
Trade|Terms,Trade,Terms,,,,,,,,
Land Cover|Forest|Afforestation and Reforestation,Land Cover,Forest,Afforestation and Reforestation,,,,,,,
Cumulative Capacity|Hydrogen|Biomass|w/ CCS,Cumulative Capacity,Hydrogen,Biomass,w/ CCS,,Power,Hydrogen,Biomass - w/ CCS,Biomass,w/ CCS
Primary Energy|Oil|Hydrogen,Primary Energy,Oil,Hydrogen,,,Oil,Oil,Oil - Hydrogen,Hydrogen,
Subsidies|Energy,Subsidies,Energy,,,,Energy,,,,
Carbon Sequestration|Feedstocks,Carbon Sequestration,Feedstocks,,,,,,Feedstocks,,
Emissions|CH4|Energy|Demand|Residential and Commercial|Residential,Emissions,CH4,Energy,Demand,Residential and Commercial,Residential and Commercial,Demand,Energy,,
Emissions|CO2|Industrial Processes|Steel,Emissions,CO2,Industrial Processes,Steel,,,Steel,Industrial Processes,,
Emissions|N2O|Energy|Demand|Residential and Commercial|Residential,Emissions,N2O,Energy,Demand,Residential and Commercial,Residential and Commercial,Demand,Energy,,
Emissions|N2O|Energy|Demand|Transportation,Emissions,N2O,Energy,Demand,Transportation,Transportation,Demand,Energy,,
Emissions|VOC|Energy|Demand|Residential and Commercial|Commercial,Emissions,VOC,Energy,Demand,Residential and Commercial,Residential and Commercial,Demand,Energy,,
Final Energy|Industry|Cement|Heat,Final Energy,Industry,Cement,Heat,,Cement,Heat,,,
Final Energy|Industry|Chemicals|Ammonia|Solids|Fossil,Final Energy,Industry,Chemicals,Ammonia,Solids,Chemicals,Ammonia,Solids,,
Final Energy|Industry|Chemicals|High value chemicals|Liquids|Fossil,Final Energy,Industry,Chemicals,High value chemicals,Liquids,Chemicals,High value chemicals,Liquids,,
Final Energy|Industry|Chemicals|Liquids|Bioenergy,Final Energy,Industry,Chemicals,Liquids,Bioenergy,Chemicals,Liquids,Bioenergy,,
Final Energy|Industry|Other|Liquids|Fossil,Final Energy,Industry,Other,Liquids,Fossil,Industry,Liquids,Fossil,Fossil,
Price|Agriculture|Livestock|Index,Price,Agriculture,Livestock,Index,,Agriculture,Livestock,,,
Expenditure|RnD,Expenditure,RnD,,,,,,,,
Investment|RnD|Energy Supply,Investment,RnD,Energy Supply,,,Energy Supply,,,,
Employment|Industry|Mining,Employment,Industry,Mining,,,Industry,Mining,,,
Emissions|NH3|Waste,Emissions,NH3,Waste,,,,,Waste,,
Investment|Energy Supply|Liquids|Coal and Gas,Investment,Energy Supply,Liquids,Coal and Gas,,Liquids,,Coal and Gas,Coal and Gas,
Population|Prevalence of overweight|Children,Population,Prevalence of overweight,Children,,,,,,,
Energy Service|Residential and Commercial|Residential|Multi-family|Construction,Energy Service,Residential and Commercial,Residential,Multi-family,Construction,Residential and Commercial,Residential,,,
Forcing|CO2,Forcing,CO2,,,,,,,,
Final Energy|Transportation|Freight|Liquids|Biomass,Final Energy,Transportation,Freight,Liquids,Biomass,Transportation,Freight,Liquids - Biomass,,
Final Energy|Industry|Liquids|Fossil,Final Energy,Industry,Liquids,Fossil,,Liquids,Fossil,,,
Final Energy|Transportation|Freight|Gases|Fossil,Final Energy,Transportation,Freight,Gases,Fossil,Transportation,Freight,Gases - Fossil,,
Revenue|government,Revenue,government,,,,,,,,
Capacity|Transportation|Maritime|Freight,Capacity,Transportation,Maritime,Freight,,Transportation,Maritime,Freight,,
Efficiency|Hydrogen|Gas|w/o CCS,Efficiency,Hydrogen,Gas,w/o CCS,,Gas&Oil,Gas,Hydrogen - w/o CCS,Gas,w/o CCS
Emissions|CO2|Energy|Demand|Transportation|Maritime|Passenger,Emissions,CO2,Energy,Demand,Transportation,Transportation,Demand,Energy,,
Capacity|Liquids|Gas|w/o CCS,Capacity,Liquids,Gas,w/o CCS,,Power,Liquids,,Gas,w/o CCS
Cumulative Capacity|Gases|Biomass|w/o CCS,Cumulative Capacity,Gases,Biomass,w/o CCS,,Power,Gases,Biomass - w/o CCS,Biomass,w/o CCS
Cumulative Capacity|Liquids|Coal|w/ CCS,Cumulative Capacity,Liquids,Coal,w/ CCS,,Power,Liquids,Coal - w/ CCS,Coal,w/ CCS
Cumulative Capacity|Liquids|Coal|w/o CCS,Cumulative Capacity,Liquids,Coal,w/o CCS,,Power,Liquids,Coal - w/o CCS,Coal,w/o CCS
Cumulative Capacity|Liquids|Coal,Cumulative Capacity,Liquids,Coal,,,Power,Liquids,Coal,Coal,
Efficiency|Gases|Coal|w/o CCS,Efficiency,Gases,Coal,w/o CCS,,Coal,Gases,Gases,Coal,w/o CCS
Efficiency|Liquids|Coal|w/ CCS,Efficiency,Liquids,Coal,w/ CCS,,Coal,Liquids,Coal - w/ CCS,Coal,w/ CCS
Water Consumption|Gases|Coal,Water Consumption,Gases,Coal,,,Coal,Gases,Coal,Coal,
Water Consumption|Heat|Coal,Water Consumption,Heat,Coal,,,Heat,Coal,Coal,Coal,
Water Consumption|Liquids|Biomass,Water Consumption,Liquids,Biomass,,,Liquids,Biomass,Biomass,Biomass,
Water Consumption|Liquids|Coal|w/ CCS,Water Consumption,Liquids,Coal,w/ CCS,,Liquids,Coal,Coal - w/ CCS,Coal,w/ CCS
Water Withdrawal|Extraction|Gas,Water Withdrawal,Extraction,Gas,,,Extraction,Gas,Gas,Gas,
Water Withdrawal|Extraction|Uranium,Water Withdrawal,Extraction,Uranium,,,Extraction,Uranium,Uranium,Uranium,
Water Withdrawal|Heat|Geothermal,Water Withdrawal,Heat,Geothermal,,,Heat,Geothermal,Geothermal,Geothermal,
Water Withdrawal|Hydrogen|Fossil|w/ CCS,Water Withdrawal,Hydrogen,Fossil,w/ CCS,,Hydrogen,Fossil,Fossil - w/ CCS,Fossil,w/ CCS
Water Withdrawal|Hydrogen|Gas|w/ CCS,Water Withdrawal,Hydrogen,Gas,w/ CCS,,Hydrogen,Gas,Gas - w/ CCS,Gas,w/ CCS
Water Withdrawal|Hydrogen|Gas|w/o CCS,Water Withdrawal,Hydrogen,Gas,w/o CCS,,Hydrogen,Gas,Gas - w/o CCS,Gas,w/o CCS
Water Withdrawal|Liquids|Gas|w/ CCS,Water Withdrawal,Liquids,Gas,w/ CCS,,Liquids,Gas,Gas - w/ CCS,Gas,w/ CCS
Employment|High Skills,Employment,High Skills,,,,High Skills,,,,
Final Energy|Industry|Electricity|Share,Final Energy,Industry,Electricity,Share,,Industry,Share,,,
Inequality|Bottom 40% average income|Ratio,Inequality,Bottom 40% average income,Ratio,,,,,,,
Water Consumption|Electricity w/o Hydro,Water Consumption,Electricity w/o Hydro,,,,Power,Electricity w/o Hydro,,Hydro,
Capacity|Electricity|Storage|Hydrogen Storage Capacity,Capacity,Electricity,Storage,Hydrogen Storage Capacity,,Power,HydrogenStorage,Hydrogen Storage Capacity,Storage,
Capacity|Storage|Thermal Energy Storage|Household storage,Capacity,Storage,Thermal Energy Storage,Household storage,,Power,Storage,Thermal Energy Storage - Household storage,,
Capital Cost|Electricity|Storage|Battery Capacity|Utility-scale Battery ,Capital Cost,Electricity,Storage,Battery Capacity,Utility-scale Battery ,Power,Storage,Battery Capacity - Utility-scale Battery ,Electricity,
Capital Cost|Storage|Thermal Energy Storage|District heating storage,Capital Cost,Storage,Thermal Energy Storage,District heating storage,,Heating,Storage,Thermal Energy Storage - District heating storage,,
Efficiency|Gas|Synthetic,Efficiency,Gas,Synthetic,,,Gas&Oil,Gas,Gas - Synthetic,Gas,
Lifetime|Electricity|Storage|Battery Capacity|Utility-scale Battery ,Lifetime,Electricity,Storage,Battery Capacity,Utility-scale Battery ,Power,Storage,Battery Capacity - Utility-scale Battery ,Electricity,
OM Cost |Electricity|Solar|PV|Rooftop PV,OM Cost ,Electricity,Solar,PV,Rooftop PV,Renewables,Solar,Rooftop PV,,
OM Cost|Heating|Electric boilers,OM Cost,Heating,Electric boilers,,,Heating,Electric Heating,Electric boilers,,
OM Cost|Storage|Thermal Energy Storage|Household storage,OM Cost,Storage,Thermal Energy Storage,Household storage,,Storage,Thermal Energy Storage,Household storage,,
Energy Service|Residential and Commercial|Commercial|Offices|Construction rate,Energy Service,Residential and Commercial,Commercial,Offices,Construction rate,Residential and Commercial,Commercial,,,
Energy Service|Residential and Commercial|Construction,Energy Service,Residential and Commercial,Construction,,,Residential and Commercial,Construction,,,
Emissions|BC|Energy,Emissions,BC,Energy,,,Energy,,Energy,,
Emissions|BC|Energy|Demand|Industry,Emissions,BC,Energy,Demand,Industry,Industry,Demand,Energy,,
Emissions|CH4|Energy|Demand|Transportation,Emissions,CH4,Energy,Demand,Transportation,Transportation,Demand,Energy,,
Emissions|CO2|Energy|Supply,Emissions,CO2,Energy,Supply,,Energy,Supply,Energy,,
Emissions|F-Gases,Emissions,F-Gases,,,,Gases,Fgas,,,
Emissions|HFC|HFC134a,Emissions,HFC,HFC134a,,,Gases,HFC,HFC134a,,
Emissions|NH3|Energy|Supply,Emissions,NH3,Energy,Supply,,Energy,Supply,Energy,,
Emissions|NOx|AFOLU,Emissions,NOx,AFOLU,,,Gases,Nox,AFOLU,,
Emissions|PFC,Emissions,PFC,,,,Gases,PFC,,,
Emissions|SF6,Emissions,SF6,,,,Gases,SF6,,,
Energy Service|Transportation|Passenger,Energy Service,Transportation,Passenger,,,Transportation,Passenger,,,
Fertilizer Use|Nitrogen,Fertilizer Use,Nitrogen,,,,Agriculture,,,,
Final Energy|Other Sector|Electricity,Final Energy,Other Sector,Electricity,,,Other,,,,
Final Energy|Other Sector|Solids,Final Energy,Other Sector,Solids,,,Other,,,,
Final Energy|Residential and Commercial|Commercial,Final Energy,Residential and Commercial,Commercial,,,Commercial,,,,
Final Energy|Residential and Commercial|Hydrogen,Final Energy,Residential and Commercial,Hydrogen,,,Hydrogen,,,,
Final Energy|Residential and Commercial|Residential|Liquids,Final Energy,Residential and Commercial,Residential,Liquids,,Residential,Liquids,,,
Final Energy|Transportation|Electricity,Final Energy,Transportation,Electricity,,,Transportation,Electricity,,,
Final Energy|Transportation|Freight|Liquids|Bioenergy,Final Energy,Transportation,Freight,Liquids,Bioenergy,Transportation,Freight,Liquids - Bioenergy,,
Final Energy|Transportation|Passenger|Liquids|Bioenergy,Final Energy,Transportation,Passenger,Liquids,Bioenergy,Transportation,Passenger,Liquids - Bioenergy,,
Forestry Production|Roundwood,Forestry Production,Roundwood,,,,Biomass,,,,
Forestry Production|Roundwood|Wood Fuel,Forestry Production,Roundwood,Wood Fuel,,,Biomass,,,,
Investment|Energy Supply,Investment,Energy Supply,,,,,,,,
Investment|Energy Supply|Electricity|Biomass|w/ CCS,Investment,Energy Supply,Electricity,Biomass,w/ CCS,Power,,Biomass,Biomass,w/ CCS
Investment|Energy Supply|Electricity|Gas,Investment,Energy Supply,Electricity,Gas,,Power,,Gas,Gas,
Investment|Energy Supply|Extraction|Bioenergy,Investment,Energy Supply,Extraction,Bioenergy,,Extraction,,Bioenergy,Bioenergy,
Investment|Energy Supply|Extraction|Coal,Investment,Energy Supply,Extraction,Coal,,Extraction,,Coal,Coal,
Investment|Energy Supply|Liquids|Oil,Investment,Energy Supply,Liquids,Oil,,Liquids,,Oil,Oil,
Land Cover|Forest,Land Cover,Forest,,,,,,,,
Primary Energy|Biomass|Electricity|w/o CCS,Primary Energy,Biomass,Electricity,w/o CCS,,Power,Biomass,Biomass - w/o CCS,,w/o CCS
Primary Energy|Biomass|Modern,Primary Energy,Biomass,Modern,,,Biomass,Modern,Modern,,
Primary Energy|Fossil,Primary Energy,Fossil,,,,Fossil,Fossil,Fossil,,
Primary Energy|Solar,Primary Energy,Solar,,,,Renewables,Solar,Solar,,
Primary Energy|Wind,Primary Energy,Wind,,,,Renewables,Wind,Wind,Wind,
Secondary Energy|Electricity|Oil|w/o CCS,Secondary Energy,Electricity,Oil,w/o CCS,,Power,Oil,Oil - w/o CCS,,w/o CCS
Secondary Energy|Heat,Secondary Energy,Heat,,,,Heat,,Heat,,
Secondary Energy|Liquids|Biomass|1st Generation,Secondary Energy,Liquids,Biomass,1st Generation,,Liquids,Biomass,Liquids - 1st Generation,,
Secondary Energy|Liquids|Fossil|w/o CCS,Secondary Energy,Liquids,Fossil,w/o CCS,,Liquids,Fossil,Liquids - w/o CCS,,w/o CCS
Water Consumption|Electricity,Water Consumption,Electricity,,,,Power,,,,
Water Consumption|Electricity|Coal|w/o CCS,Water Consumption,Electricity,Coal,w/o CCS,,Power,Coal,Coal - w/o CCS,Coal,w/o CCS
Water Consumption|Electricity|Oil,Water Consumption,Electricity,Oil,,,Power,Oil,Oil,Oil,
Water Withdrawal|Electricity|Biomass|w/ CCS,Water Withdrawal,Electricity,Biomass,w/ CCS,,Power,Biomass,Biomass - w/ CCS,Biomass,w/ CCS
Water Withdrawal|Electricity|Fossil,Water Withdrawal,Electricity,Fossil,,,Power,Fossil,Fossil,Fossil,
Water Withdrawal|Electricity|Fossil|w/ CCS,Water Withdrawal,Electricity,Fossil,w/ CCS,,Power,Fossil,Fossil - w/ CCS,Fossil,w/ CCS
Water Withdrawal|Electricity|Gas|w/ CCS,Water Withdrawal,Electricity,Gas,w/ CCS,,Power,Gas,Gas - w/ CCS,Gas,w/ CCS
Water Withdrawal|Electricity|Oil,Water Withdrawal,Electricity,Oil,,,Power,Oil,Oil,Oil,
Agricultural Production|Non-Energy,Agricultural Production,Non-Energy,,,,Agriculture,,Non-Energy,,
Capacity Additions|Electricity|Hydro,Capacity Additions,Electricity,Hydro,,,Renewables,Hydro,Hydro,Hydro,
Capacity|Electricity|Biomass,Capacity,Electricity,Biomass,,,Power,Biomass,,Biomass,
Capacity|Electricity|Nuclear,Capacity,Electricity,Nuclear,,,Power,Nuclear,,Nuclear,
Capacity|Liquids|Oil,Capacity,Liquids,Oil,,,Power,Liquids,,Oil,
Capital Cost|Electricity|Biomass|w/ CCS,Capital Cost,Electricity,Biomass,w/ CCS,,Power,Biomass,Biomass - w/ CCS,Biomass,w/ CCS
Capital Cost|Electricity|Gas|w/o CCS,Capital Cost,Electricity,Gas,w/o CCS,,Power,Gas,Gas - w/o CCS,,w/o CCS
Carbon Sequestration|CCS|Fossil|Energy|Demand|Industry,Carbon Sequestration,CCS,Fossil,Energy,Demand,Energy,Demand,CCS,Fossil,CCS
Carbon Sequestration|CCS|Industrial Processes,Carbon Sequestration,CCS,Industrial Processes,,,,,CCS,,CCS
Cumulative Capacity|Electricity|Hydro,Cumulative Capacity,Electricity,Hydro,,,Renewables,Hydro,Hydro,Hydro,
Cumulative Capacity|Electricity|Nuclear,Cumulative Capacity,Electricity,Nuclear,,,Power,Nuclear,Nuclear,Nuclear,
Cumulative Capacity|Electricity|Oil|w/o CCS,Cumulative Capacity,Electricity,Oil,w/o CCS,,Power,Oil,Oil - w/o CCS,Oil,w/o CCS
Capacity|Electricity|Other,Capacity,Electricity,Other,,,Power,Other,,Other,
Emissions|NH3|Energy|Demand|Residential and Commercial,Emissions,NH3,Energy,Demand,Residential and Commercial,Residential and Commercial,Demand,Energy,,
Emissions|NOx|Energy|Demand|Residential and Commercial,Emissions,NOx,Energy,Demand,Residential and Commercial,Residential and Commercial,Demand,Energy,,
Emissions|OC|Energy|Demand|Residential and Commercial,Emissions,OC,Energy,Demand,Residential and Commercial,Residential and Commercial,Demand,Energy,,
Capacity|Electricity|Solar|CSP,Capacity,Electricity,Solar,CSP,,Power,Solar,Solar - CSP,Solar,
Investment|Energy Efficiency,Investment,Energy Efficiency,,,,,,,,
Lifetime|Electricity|Coal|w/ CCS,Lifetime,Electricity,Coal,w/ CCS,,Power,Coal,Coal - w/ CCS,Coal,w/ CCS
Lifetime|Electricity|Solar|CSP,Lifetime,Electricity,Solar,CSP,,Renewables,Solar,Solar - CSP,Solar,
Primary Energy|Ocean,Primary Energy,Ocean,,,,Renewables,Ocean,Ocean,,
Secondary Energy|Hydrogen,Secondary Energy,Hydrogen,,,,Hydrogen,,Hydrogen,,
Capacity Additions|Electricity|Wind|Offshore,Capacity Additions,Electricity,Wind,Offshore,,Power,Wind,Wind - Offshore,Wind,
Capacity|Hydrogen|Electricity,Capacity,Hydrogen,Electricity,,,Power,Hydrogen,Hydrogen - Electricity,,
Capacity Additions|Electricity|Storage Capacity,Capacity Additions,Electricity,Storage Capacity,,,Power,Storage,Storage Capacity,Storage Capacity,
Energy Service|Floor Space|Commercial,Energy Service,Floor Space,Commercial,,,Floor Space,Commercial,,,
Energy Service|Transportation|Passenger|Other,Energy Service,Transportation,Passenger,Other,,Transportation,Passenger,,,
Emissions|CO2|Energy|Demand|Transportation|Aviation|Freight,Emissions,CO2,Energy,Demand,Transportation,Transportation,Demand,Energy,,
Final Energy|Transportation|Road|Freight|Electric,Final Energy,Transportation,Road,Freight,Electric,Transportation,Road,Freight - Electric,,
Emissions|CO2|Energy|Demand|Residential and Commercial|Residential|Heating|Water,Emissions,CO2,Energy,Demand,Residential and Commercial,Residential and Commercial,Demand,Energy,,
Final Energy|Residential and Commercial|Commercial|Heating,Final Energy,Residential and Commercial,Commercial,Heating,,Commercial,Heating,,,
Household Expenditure|Energy|Share,Household Expenditure,Energy,Share,,,,,,,
Trade|Value|Imports,Trade,Value,Imports,,,,,,,
Cumulative Capacity|Electricity|Wind,Cumulative Capacity,Electricity,Wind,,,Power,Wins,Wind,Wind,
Primary Energy|Oil|Liquids,Primary Energy,Oil,Liquids,,,Oil,Oil,Oil - Liquids,Liquids,
Emissions|CO2|Energy|Demand|Residential and Commercial|Commercial|Heating|Water,Emissions,CO2,Energy,Demand,Residential and Commercial,Residential and Commercial,Demand,Energy,,
Energy Service|Residential and Commercial|Commercial|Health|Floor space,Energy Service,Residential and Commercial,Commercial,Health,Floor space,Residential and Commercial,Commercial,,,
Capital Cost|Electricity|Solar|CSP,Capital Cost,Electricity,Solar,CSP,,Renewables,Solar,Solar - CSP,,
Emissions|C2F6,Emissions,C2F6,,,,Gases,C2F6,,,
Price|Secondary Energy|Liquids|Oil,Price,Secondary Energy,Liquids,Oil,,Liquids,Oil,Oil,Oil,
Policy Cost|Area under MAC Curve,Policy Cost,Area under MAC Curve,,,,,,,,
Emissions|OC|Other,Emissions,OC,Other,,,,,Other,,
Employment,Employment,,,,,,,,,
Import|Other,Import,Other,,,,Import,,,,
Emissions|N2O|Industrial Processes,Emissions,N2O,Industrial Processes,,,Industry,,Industrial Processes,,
Cumulative Capacity|Hydrogen|Biomass|w/o CCS,Cumulative Capacity,Hydrogen,Biomass,w/o CCS,,Power,Hydrogen,Biomass - w/o CCS,Biomass,w/o CCS
Trade|Primary Energy|Biomass|Value,Trade,Primary Energy,Biomass,Value,,Biomass,Biomass,,Biomass,
Trade|Secondary Energy|Liquids|Oil|Value,Trade,Secondary Energy,Liquids,Oil,Value,Liquids,Oil,,Oil,
Value Added|Industry|Manufacturing|Cement,Value Added,Industry,Manufacturing,Cement,,Industry,Manufacturing,Cement,,
Capacity|Hydrogen|Gas|w/o CCS,Capacity,Hydrogen,Gas,w/o CCS,,Power,Hydrogen,Hydrogen - Gas,,w/o CCS
Cumulative Capacity|Hydrogen|Gas,Cumulative Capacity,Hydrogen,Gas,,,Power,Hydrogen,Gas,Gas,
Investment|Energy Supply|Hydrogen|Fossil,Investment,Energy Supply,Hydrogen,Fossil,,Hydrogen,,Fossil,Fossil,
Price|Secondary Energy|Solids|Biomass,Price,Secondary Energy,Solids,Biomass,,Biomass,Biomass,Biomass,Biomass_solid,
Water Withdrawal|Electricity|Ocean,Water Withdrawal,Electricity,Ocean,,,Power,Ocean,Ocean,Ocean,
Trade|Emissions Allowances|Volume,Trade,Emissions Allowances,Volume,,,,,,,
Emissions|CH4|AFOLU|Land,Emissions,CH4,AFOLU,Land,,Gases,Land,AFOLU,,
Emissions|CH4|Industrial Processes|Chemicals,Emissions,CH4,Industrial Processes,Chemicals,,Chemicals,Chemicals,Industrial Processes,,
Emissions|CO2|Energy|Demand|Industry|Pulp and Paper,Emissions,CO2,Energy,Demand,Industry,Industry,Demand,Energy,,
Emissions|CO2|Industrial Processes|Cement,Emissions,CO2,Industrial Processes,Cement,,Cement,Cement,Industrial Processes,,
Emissions|CO|Energy|Demand|Residential and Commercial|Commercial,Emissions,CO,Energy,Demand,Residential and Commercial,Residential and Commercial,Demand,Energy,,
Emissions|Sulfur|Industrial Processes,Emissions,Sulfur,Industrial Processes,,,Industry,,Industrial Processes,,
Final Energy|Industry|Cement|Electricity,Final Energy,Industry,Cement,Electricity,,Cement,Electricity,,,
Final Energy|Industry|Cement|Solids|Bioenergy,Final Energy,Industry,Cement,Solids,Bioenergy,Cement,Solids,Bioenergy,,
Final Energy|Industry|Cement|Solids|Fossil,Final Energy,Industry,Cement,Solids,Fossil,Cement,Solids,Fossil,,
Final Energy|Industry|Chemicals|Gases,Final Energy,Industry,Chemicals,Gases,,Chemicals,Gases,,,
Final Energy|Industry|Chemicals|High value chemicals|Solids,Final Energy,Industry,Chemicals,High value chemicals,Solids,Chemicals,High value chemicals,Solids,,
Final Energy|Industry|Pulp and Paper|Electricity,Final Energy,Industry,Pulp and Paper,Electricity,,Pulp and Paper,Electricity,,,
Final Energy|Industry|Pulp and Paper|Gases,Final Energy,Industry,Pulp and Paper,Gases,,Pulp and Paper,Gases,,,
Final Energy|Industry|Steel|Liquids,Final Energy,Industry,Steel,Liquids,,Steel,Liquids,,,
Final Energy|Transportation|Gases|Fossil,Final Energy,Transportation,Gases,Fossil,,Transportation,Gases,Fossil,,
Material recycling|Chemicals,Material recycling,Chemicals,,,,,,,,
Final Energy|Transportation|Liquids|Biomass,Final Energy,Transportation,Liquids,Biomass,,Transportation,Liquids,Biomass,,
Land Cover|Forest|Share,Land Cover,Forest,Share,,,,,,,
Production|Non-ferrous Metals,Production,Non-ferrous Metals,,,,,,,,
Value Added|Industry|Manufacturing|Chemicals,Value Added,Industry,Manufacturing,Chemicals,,Industry,Manufacturing,Chemicals,,
Population|Urban|Share,Population,Urban,Share,,,,,,,
Primary Energy|Non-Biomass Renewables|Ocean,Primary Energy,Non-Biomass Renewables,Ocean,,,Renewables,Non-Biomass Renewables,Ocean,,
Discount rate|Social,Discount rate,Social,,,,Social,,,,
Interest Rate|Real,Interest Rate,Real,,,,,,,,
Final Energy|Industry|Gases|Hydrogen synfuel,Final Energy,Industry,Gases,Hydrogen synfuel,,Industry,Gases,Hydrogen synfuel,,
Capacity|Liquids|Gas|w/ CCS,Capacity,Liquids,Gas,w/ CCS,,Power,Liquids,,Gas,w/ CCS
Lifetime|Liquids|Oil,Lifetime,Liquids,Oil,,,Liquids,Oil,Oil,Oil,
Carbon Sequestration|Land Use|Other,Carbon Sequestration,Land Use,Other,,,,,Land Use,Other,
Emissions|CH4|AFOLU|Wetlands|Peatlands,Emissions,CH4,AFOLU,Wetlands,Peatlands,Peatlands,Wetlands,AFOLU,,
Emissions|CO2|AFOLU|Wetlands|Peatlands,Emissions,CO2,AFOLU,Wetlands,Peatlands,Peatlands,Wetlands,AFOLU,,
Emissions|N2O|AFOLU|Wetlands|Peatlands,Emissions,N2O,AFOLU,Wetlands,Peatlands,Peatlands,Wetlands,AFOLU,,
Land Cover|Water Ecosystems|Wetlands|Peatlands|Drained,Land Cover,Water Ecosystems,Wetlands,Peatlands,Drained,,,,,
Land Cover|Water Ecosystems|Wetlands|Peatlands|Intact,Land Cover,Water Ecosystems,Wetlands,Peatlands,Intact,,,,,
Capacity|Liquids|Biomass,Capacity,Liquids,Biomass,,,Power,Liquids,,Biomass,
Lifetime|Hydrogen|Biomass|w/ CCS,Lifetime,Hydrogen,Biomass,w/ CCS,,Hydrogen,Biomass,Biomass - w/ CCS,Biomass,w/ CCS
Water Consumption|Extraction,Water Consumption,Extraction,,,,Extraction,,,,
Water Consumption|Extraction|Gas,Water Consumption,Extraction,Gas,,,Extraction,Gas,Gas,Gas,
Water Consumption|Gases,Water Consumption,Gases,,,,Gases,Gases,Water Consumption,,
Water Consumption|Hydrogen|Coal|w/o CCS,Water Consumption,Hydrogen,Coal,w/o CCS,,Hydrogen,Coal,Coal - w/o CCS,Coal,w/o CCS
Water Consumption|Hydrogen|Fossil,Water Consumption,Hydrogen,Fossil,,,Hydrogen,Fossil,Fossil,Fossil,
Water Withdrawal|Extraction,Water Withdrawal,Extraction,,,,Extraction,,,,
Water Withdrawal|Gases|Coal,Water Withdrawal,Gases,Coal,,,Gases,Coal,Coal,Coal,
Water Withdrawal|Hydrogen|Coal|w/ CCS,Water Withdrawal,Hydrogen,Coal,w/ CCS,,Hydrogen,Coal,Coal - w/ CCS,Coal,w/ CCS
Water Withdrawal|Hydrogen|Fossil,Water Withdrawal,Hydrogen,Fossil,,,Hydrogen,Fossil,Fossil,Fossil,
Water Withdrawal|Liquids|Biomass|w/ CCS,Water Withdrawal,Liquids,Biomass,w/ CCS,,Liquids,Biomass,Biomass - w/ CCS,Biomass,w/ CCS
Water Withdrawal|Liquids|Coal|w/ CCS,Water Withdrawal,Liquids,Coal,w/ CCS,,Liquids,Coal,Coal - w/ CCS,Coal,w/ CCS
Water Withdrawal|Liquids|Fossil|w/ CCS,Water Withdrawal,Liquids,Fossil,w/ CCS,,Liquids,Fossil,Fossil - w/ CCS,Fossil,w/ CCS
Water Withdrawal|Liquids|Fossil|w/o CCS,Water Withdrawal,Liquids,Fossil,w/o CCS,,Liquids,Fossil,Fossil - w/o CCS,Fossil,w/o CCS
Emissions|CO2|Energy|Demand|Industry|Cement,Emissions,CO2,Energy,Demand,Industry,Industry,Demand,Energy,,
Investment|Infrastructure|Residential and Commercial|Building Retrofits,Investment,Infrastructure,Residential and Commercial,Building Retrofits,,Residential and Commercial,,Building Retrofits,Building Retrofits,
Capacity|Storage|Thermal Energy Storage|District heating storage,Capacity,Storage,Thermal Energy Storage,District heating storage,,Power,Storage,Thermal Energy Storage - District heating storage,,
Emissions|CH4|AFOLU,Emissions,CH4,AFOLU,,,,,AFOLU,,
Emissions|CH4|AFOLU|Agriculture|Livestock,Emissions,CH4,AFOLU,Agriculture,Livestock,Livestock,Agriculture,AFOLU,,
Emissions|CH4|AFOLU|Agriculture|Livestock|Manure Management,Emissions,CH4,AFOLU,Agriculture,Livestock,Livestock,Agriculture,AFOLU,,
Emissions|CO2|Energy|Demand|AFOFI,Emissions,CO2,Energy,Demand,AFOFI,Energy,Demand,AFOFI,,
Emissions|CO|Energy|Demand|Industry,Emissions,CO,Energy,Demand,Industry,Industry,Demand,Energy,,
Emissions|N2O|AFOLU|Agriculture|Livestock|Manure Management,Emissions,N2O,AFOLU,Agriculture,Livestock,Livestock,Agriculture,AFOLU,,
Emissions|Sulfur,Emissions,Sulfur,,,,,,,,
Emissions|Sulfur|Energy,Emissions,Sulfur,Energy,,,,,Energy,,
Emissions|Sulfur|Energy|Demand|Transportation,Emissions,Sulfur,Energy,Demand,Transportation,Transportation,Demand,Energy,,
Energy Service|Transportation|Freight|Railways,Energy Service,Transportation,Freight,Railways,,Transportation,Freight,,,
Final Energy|Industry,Final Energy,Industry,,,,Industry,,,,
Final Energy|Industry|Hydrogen,Final Energy,Industry,Hydrogen,,,Hydrogen,,,,
Final Energy|Industry|Solids|Biomass,Final Energy,Industry,Solids,Biomass,,Industry,Biomass,,,
Final Energy|Liquids,Final Energy,Liquids,,,,Liquids,,,,
Final Energy|Non-Energy Use,Final Energy,Non-Energy Use,,,,Non-Energy Use,,,,
Final Energy|Other Sector|Liquids,Final Energy,Other Sector,Liquids,,,Liquids,,,,
Final Energy|Residential and Commercial,Final Energy,Residential and Commercial,,,,Residential and Commercial,,,,
Final Energy|Residential and Commercial|Electricity,Final Energy,Residential and Commercial,Electricity,,,Power,Residential and Commercial,,,
Final Energy|Residential and Commercial|Residential|Solids|Biomass,Final Energy,Residential and Commercial,Residential,Solids,Biomass,Residential,Solids,Biomass,,
Final Energy|Residential and Commercial|Solids|Biomass,Final Energy,Residential and Commercial,Solids,Biomass,,Residential and Commercial,Biomass,,,
Final Energy|Transportation|Freight|Electricity,Final Energy,Transportation,Freight,Electricity,,Transportation,Freight,Electricity,,
Final Energy|Transportation|Freight|Liquids,Final Energy,Transportation,Freight,Liquids,,Transportation,Freight,Liquids,,
Forestry Demand|Roundwood|Industrial Roundwood,Forestry Demand,Roundwood,Industrial Roundwood,,,Biomass,,,,
Investment|Energy Supply|Electricity,Investment,Energy Supply,Electricity,,,Power,Energy Supply,,,
Investment|Energy Supply|Electricity|Coal,Investment,Energy Supply,Electricity,Coal,,Power,Energy Supply,Coal,Coal,
Investment|Energy Supply|Electricity|Geothermal,Investment,Energy Supply,Electricity,Geothermal,,Renewables,Energy Supply,Geothermal,Geothermal,
Investment|Energy Supply|Liquids|Biomass,Investment,Energy Supply,Liquids,Biomass,,Liquids,,Biomass,Biomass,
Land Cover|Built-up Area,Land Cover,Built-up Area,,,,,,,,
OM Cost|Fixed|Electricity|Solar|PV,OM Cost,Fixed,Electricity,Solar,PV,Renewables,Solar,Solar - PV,,
Primary Energy|Biomass|Electricity|w/ CCS,Primary Energy,Biomass,Electricity,w/ CCS,,Power,Biomass,Biomass - w/ CCS,,w/ CCS
Primary Energy|Biomass|Traditional,Primary Energy,Biomass,Traditional,,,Biomass,Traditional,Traditional,,
Primary Energy|Gas|Electricity,Primary Energy,Gas,Electricity,,,Power,,Gas,Gas,
Primary Energy|Geothermal,Primary Energy,Geothermal,,,,Renewables,Geothermal,Geothermal,,
Primary Energy|Oil|w/o CCS,Primary Energy,Oil,w/o CCS,,,Oil,Oil,Oil - w/o CCS,Oil,w/o CCS
Primary Energy|Other,Primary Energy,Other,,,,Other,,,,
Secondary Energy|Electricity|Nuclear,Secondary Energy,Electricity,Nuclear,,,Power,Nuclear,Nuclear,,
Secondary Energy|Electricity|Oil,Secondary Energy,Electricity,Oil,,,Power,Oil,Oil,,
Secondary Energy|Electricity|Other,Secondary Energy,Electricity,Other,,,Power,Other,Other,,
Secondary Energy|Electricity|Wind|Onshore,Secondary Energy,Electricity,Wind,Onshore,,Renewables,Wind,Wind - Onshore,Wind,
Trade|Secondary Energy|Liquids|Oil|Volume,Trade,Secondary Energy,Liquids,Oil,Volume,Liquids,Oil,,Oil,
Water Consumption|Electricity|Biomass,Water Consumption,Electricity,Biomass,,,Power,Biomass,Biomass,Biomass,
Water Consumption|Electricity|Fossil|w/o CCS,Water Consumption,Electricity,Fossil,w/o CCS,,Power,Fossil,Fossil - w/o CCS,Fossil,w/o CCS
Water Consumption|Electricity|Geothermal,Water Consumption,Electricity,Geothermal,,,Renewables,Geothermal,Geothermal,Geothermal,
Water Consumption|Electricity|Hydro,Water Consumption,Electricity,Hydro,,,Renewables,Hydro,Hydro,Hydro,
Water Consumption|Electricity|Non-Biomass Renewables,Water Consumption,Electricity,Non-Biomass Renewables,,,Renewables,Non-Biomass Renewables,Non-Biomass Renewables,Non-Biomass Renewables,
Water Consumption|Electricity|Oil|w/o CCS,Water Consumption,Electricity,Oil,w/o CCS,,Power,Oil,Oil - w/o CCS,Oil,w/o CCS
Agricultural Demand,Agricultural Demand,,,,,Agriculture,,,,
Capacity Additions|Electricity|Coal,Capacity Additions,Electricity,Coal,,,Power,Coal,Coal,Coal,
Capacity Additions|Electricity|Gas|w/o CCS,Capacity Additions,Electricity,Gas,w/o CCS,,Power,Gas,Gas - w/o CCS,Gas,w/o CCS
Capacity Additions|Electricity|Wind|Onshore,Capacity Additions,Electricity,Wind,Onshore,,Power,Wind,Wind - Onshore,Wind,
Capacity|Electricity,Capacity,Electricity,,,,Power,Electricity,,,
Capacity|Electricity|Biomass|w/ CCS,Capacity,Electricity,Biomass,w/ CCS,,Power,Biomass,w/ CCS,Biomass,w/ CCS
Capacity|Electricity|Biomass|w/o CCS,Capacity,Electricity,Biomass,w/o CCS,,Power,Biomass,w/o CCS,Biomass,w/o CCS
Capacity|Electricity|Storage,Capacity,Electricity,Storage,,,Power,Storage,Storage,Storage,
Capital Cost|Liquids|Oil,Capital Cost,Liquids,Oil,,,Gas&Oil,Oil,Oil,,
Carbon Sequestration|CCS,Carbon Sequestration,CCS,,,,,,CCS,,CCS
Carbon Sequestration|CCS|Fossil,Carbon Sequestration,CCS,Fossil,,,Fossil,,CCS,Fossil,CCS
Cumulative Capacity|Electricity|Oil|w/ CCS,Cumulative Capacity,Electricity,Oil,w/ CCS,,Power,Oil,Oil - w/ CCS,Oil,w/ CCS
Efficiency|Electricity|Gas|w/ CCS,Efficiency,Electricity,Gas,w/ CCS,,Power,Gas,Gas - w/ CCS,Gas,w/ CCS
Final Energy|Transportation|Freight|Other,Final Energy,Transportation,Freight,Other,,Transportation,Freight,Other,,
Agricultural Demand|Crops|Energy,Agricultural Demand,Crops,Energy,,,Agriculture,Crops,Energy,,
OM Cost|Fixed|Electricity|Coal|w/ CCS,OM Cost,Fixed,Electricity,Coal,w/ CCS,Power,Coal,Coal - w/ CCS,,w/ CCS
Primary Energy|Biomass|Modern|w/o CCS,Primary Energy,Biomass,Modern,w/o CCS,,Biomass,Modern,Modern - w/o CCS,,w/o CCS
Final Energy|Residential and Commercial|Other,Final Energy,Residential and Commercial,Other,,,Residential and Commercial,,,,
Carbon Sequestration|CCS|Biomass|Energy|Supply|Other,Carbon Sequestration,CCS,Biomass,Energy,Supply,Energy,Supply,CCS,Biomass,CCS
Carbon Sequestration|CCS|Fossil|Energy|Supply|Hydrogen,Carbon Sequestration,CCS,Fossil,Energy,Supply,Energy,Supply,CCS,Fossil,CCS
Lifetime|Electricity|Gas|w/ CCS,Lifetime,Electricity,Gas,w/ CCS,,Power,Gas,Gas - w/ CCS,Gas,w/ CCS
Lifetime|Electricity|Wind|Onshore,Lifetime,Electricity,Wind,Onshore,,Renewables,Wind,Wind - Onshore,Wind,
Secondary Energy|Hydrogen|Coal|w/ CCS,Secondary Energy,Hydrogen,Coal,w/ CCS,,Hydrogen,Coal,Hydrogen - w/ CCS,,w/ CCS
Secondary Energy|Hydrogen|Fossil|w/ CCS,Secondary Energy,Hydrogen,Fossil,w/ CCS,,Hydrogen,Fossil,Hydrogen - w/ CCS,,w/ CCS
Secondary Energy|Other Carrier,Secondary Energy,Other Carrier,,,,Other Carrier,,Other Carrier,,
Final Energy|Transportation|Passenger|Gases,Final Energy,Transportation,Passenger,Gases,,Transportation,Passenger,Gases,,
Energy Service|Residential and Commercial|Residential|Floor Space,Energy Service,Residential and Commercial,Residential,Floor Space,,Residential and Commercial,Residential,,,
Investment|Energy Demand|Transportation|Freight|Road|HDT|ICE,Investment,Energy Demand,Transportation,Freight,Road,Transportation,,Freight,Freight,
Investment|Energy Supply|Electricity|Ocean,Investment,Energy Supply,Electricity,Ocean,,Renewables,,Ocean,Ocean,
Energy Service|Floor Space|Residential,Energy Service,Floor Space,Residential,,,Floor Space,Residential,,,
Capital Cost|Hydrogen|Electricity,Capital Cost,Hydrogen,Electricity,,,Power,Hydrogen,Electricity,,
Energy Service|Transportation|Passenger|Bicycling and Walking,Energy Service,Transportation,Passenger,Bicycling and Walking,,Transportation,Passenger,,,
Lifetime|Hydrogen|Electricity,Lifetime,Hydrogen,Electricity,,,Power,Hydrogen,Hydrogen,Electricity,
Emissions|CO2|Energy|Demand|Transportation|Aviation,Emissions,CO2,Energy,Demand,Transportation,Transportation,Demand,Energy,,
Emissions|CO2|Energy|Demand|Transportation|Rail,Emissions,CO2,Energy,Demand,Transportation,Transportation,Demand,Energy,,
Final Energy|Transportation|Aviation|Freight,Final Energy,Transportation,Aviation,Freight,,Transportation,Aviation,Freight,,
Final Energy|Transportation|Maritime,Final Energy,Transportation,Maritime,,,Transportation,Maritime,,,
Final Energy|Transportation|Road|Passenger,Final Energy,Transportation,Road,Passenger,,Transportation,Road,Passenger,,
Final Energy|Transportation|Liquids|Fossil synfuel,Final Energy,Transportation,Liquids,Fossil synfuel,,Transportation,Liquids,Fossil synfuel,,
Cumulative Capacity|Electricity|Solar|CSP,Cumulative Capacity,Electricity,Solar,CSP,,Renewables,Solar,Solar - CSP,Solar,
Welfare,Welfare,,,,,,,,,
Investment|Clean Energy,Investment,Clean Energy,,,,,,,,
Primary Energy|Coal|Solids,Primary Energy,Coal,Solids,,,Coal,Coal,Coal - Solids,Coal,
Emissions|CO2|Energy|Demand|Residential and Commercial|Commercial|Education,Emissions,CO2,Energy,Demand,Residential and Commercial,Residential and Commercial,Demand,Energy,,
Energy Service|Residential and Commercial|Residential|Single family|Floor space,Energy Service,Residential and Commercial,Residential,Single family,Floor space,Residential and Commercial,Residential,,,
Capacity Additions|Electricity|Solar|CSP,Capacity Additions,Electricity,Solar,CSP,,Renewables,Solar,Solar - CSP,Solar,
Primary Energy|Coal|Liquids,Primary Energy,Coal,Liquids,,,Coal,Coal,Coal - Liquids,Coal,
Emissions|Sulfur|Other,Emissions,Sulfur,Other,,,,,Other,,
Employment|Industry,Employment,Industry,,,,Industry,,,,
Employment|Industry|Energy Intensive,Employment,Industry,Energy Intensive,,,Industry,Energy Intensive,,,
Export|Industry,Export,Industry,,,,Industry,,,,
Import|Industry,Import,Industry,,,,Industry,,,,
Emissions|HFC|Industrial Processes,Emissions,HFC,Industrial Processes,,,Industry,,Industrial Processes,,
Cumulative Capacity|Liquids|Biomass|w/o CCS,Cumulative Capacity,Liquids,Biomass,w/o CCS,,Power,Liquids,Biomass - w/o CCS,Biomass,w/o CCS
Final Energy (excl. feedstocks)|Industry|Electricity,Final Energy (excl. feedstocks),Industry,Electricity,,,Industry,Electricity,,,
Final Energy (excl. feedstocks)|Industry|Liquids|Fossil,Final Energy (excl. feedstocks),Industry,Liquids,Fossil,,Industry,Liquids,Fossil,,
Final Energy (excl. feedstocks)|Industry|Gases|Bioenergy,Final Energy (excl. feedstocks),Industry,Gases,Bioenergy,,Industry,Gases,Bioenergy,,
Cumulative Capacity|Hydrogen|Biomass,Cumulative Capacity,Hydrogen,Biomass,,,Power,Hydrogen,Biomass,Biomass,
Debt|Public,Debt,Public,,,,,,,,
Employment|Industry|Energy|Electricity and Gas,Employment,Industry,Energy,Electricity and Gas,,Industry,Energy,Electricity and Gas,,
Employment|Services|Transportation,Employment,Services,Transportation,,,Services,Transportation,,,
Value Added|Industry|Manufacturing|Light Manufacturing,Value Added,Industry,Manufacturing,Light Manufacturing,,Industry,Manufacturing,Light Manufacturing,,
Value Added|Industry|Manufacturing|Steel,Value Added,Industry,Manufacturing,Steel,,Industry,Manufacturing,Steel,,
Value Added|Services|Transportation,Value Added,Services,Transportation,,,Services,Transportation,,,
Cumulative Capacity|Hydrogen|Coal|w/o CCS,Cumulative Capacity,Hydrogen,Coal,w/o CCS,,Power,Hydrogen,Coal - w/o CCS,Coal,w/o CCS
Investment|Energy Supply|Hydrogen|Renewable,Investment,Energy Supply,Hydrogen,Renewable,,Hydrogen,,Renewable,Renewable,
Subsidies|Energy|Fossil,Subsidies,Energy,Fossil,,,Energy,Fossil,,,
Water Consumption|Electricity|Solar,Water Consumption,Electricity,Solar,,,Renewables,Solar,Solar,Solar,
Water Consumption|Electricity|Solar|PV,Water Consumption,Electricity,Solar,PV,,Renewables,Solar,Solar - PV,Solar,
Water Withdrawal|Electricity|Wet Tower,Water Withdrawal,Electricity,Wet Tower,,,Power,Wet Tower,Wet Tower,Wet Tower,
Emissions|CH4|Energy|Demand|Residential and Commercial|Commercial,Emissions,CH4,Energy,Demand,Residential and Commercial,Residential and Commercial,Demand,Energy,,
Emissions|CO2|Energy|Demand|Industry|Chemicals,Emissions,CO2,Energy,Demand,Industry,Industry,Demand,Energy,,
Final Energy|Industry|Chemicals|Ammonia|Electricity,Final Energy,Industry,Chemicals,Ammonia,Electricity,Chemicals,Ammonia,Electricity,,
Final Energy|Industry|Chemicals|Ammonia|Gases,Final Energy,Industry,Chemicals,Ammonia,Gases,Chemicals,Ammonia,Gases,,
Final Energy|Industry|Chemicals|Ammonia|Liquids,Final Energy,Industry,Chemicals,Ammonia,Liquids,Chemicals,Ammonia,Liquids,,
Final Energy|Industry|Chemicals|Ammonia|Liquids|Bioenergy,Final Energy,Industry,Chemicals,Ammonia,Liquids,Chemicals,Ammonia,Liquids,,
Final Energy|Industry|Chemicals|Ammonia|Liquids|Fossil,Final Energy,Industry,Chemicals,Ammonia,Liquids,Chemicals,Ammonia,Liquids,,
Final Energy|Industry|Chemicals|Ammonia|Solids|Bioenergy,Final Energy,Industry,Chemicals,Ammonia,Solids,Chemicals,Ammonia,Solids,,
Final Energy|Industry|Chemicals|High value chemicals|Gases,Final Energy,Industry,Chemicals,High value chemicals,Gases,Chemicals,High value chemicals,Gases,,
Final Energy|Industry|Other|Liquids|Bioenergy,Final Energy,Industry,Other,Liquids,Bioenergy,Industry,Liquids,Bioenergy,,
Final Energy|Industry|Steel|Hydrogen,Final Energy,Industry,Steel,Hydrogen,,Steel,Hydrogen,,,
Final Energy|Transportation|Passenger|Gases|Fossil,Final Energy,Transportation,Passenger,Gases,Fossil,Transportation,Passenger,Gases - Fossil,,
Population|Electricity Access,Population,Electricity Access,,,,,,,,
Emissions|NOx|Waste,Emissions,NOx,Waste,,,,,Waste,,
Food Waste,Food Waste,,,,,,,,,
Investment|Energy Supply|Hydrogen|Biomass,Investment,Energy Supply,Hydrogen,Biomass,,Hydrogen,,Biomass,Biomass,
Taxes|Energy,Taxes,Energy,,,,Energy,,,,
Forcing|CH4,Forcing,CH4,,,,,,,,
Temperature|Global Mean,Temperature,Global Mean,,,,,,,,
Carbon Utilization|CCS|Biomass|Industry,Carbon Utilization,CCS,Biomass,Industry,,Industry,Biomass,Biomass - CCS,,CCS
Carbon Utilization|CCS|Fossil|Industry,Carbon Utilization,CCS,Fossil,Industry,,Industry,Fossil,Fossil - CCS,,CCS
Discount rate|Mobility,Discount rate,Mobility,,,,Mobility,,,,
Capacity|Liquids|Coal|w/o CCS,Capacity,Liquids,Coal,w/o CCS,,Power,Liquids,,Coal,w/o CCS
Capital Cost|Hydrogen|Gas|w/o CCS,Capital Cost,Hydrogen,Gas,w/o CCS,,Gas&Oil,Hydrogen,Gas - w/o CCS,,w/o CCS
Cumulative Capacity|Liquids|Biomass,Cumulative Capacity,Liquids,Biomass,,,Power,Liquids,Biomass,Biomass,
Efficiency|Gases|Biomass|w/o CCS,Efficiency,Gases,Biomass,w/o CCS,,Biomass,,Gases,Biomass,w/o CCS
Efficiency|Hydrogen|Coal|w/ CCS,Efficiency,Hydrogen,Coal,w/ CCS,,Coal,,Hydrogen,Coal,w/ CCS
Lifetime|Hydrogen|Coal|w/o CCS,Lifetime,Hydrogen,Coal,w/o CCS,,Hydrogen,Coal,Coal - w/o CCS,Coal,w/o CCS
Lifetime|Liquids|Biomass|w/o CCS,Lifetime,Liquids,Biomass,w/o CCS,,Liquids,Biomass,Biomass - w/o CCS,Biomass,w/o CCS
Lifetime|Liquids|Coal|w/o CCS,Lifetime,Liquids,Coal,w/o CCS,,Liquids,Coal,Coal - w/o CCS,Coal,w/o CCS
OM Cost|Fixed|Hydrogen|Gas|w/ CCS,OM Cost,Fixed,Hydrogen,Gas,w/ CCS,Hydrogen,Gas,Gas - w/ CCS,,w/ CCS
Water Consumption|Heat|Biomass,Water Consumption,Heat,Biomass,,,Heat,Biomass,Biomass,Biomass,
Water Consumption|Hydrogen,Water Consumption,Hydrogen,,,,Hydrogen,,,,
Water Consumption|Liquids|Biomass|w/ CCS,Water Consumption,Liquids,Biomass,w/ CCS,,Liquids,Biomass,Biomass - w/ CCS,Biomass,w/ CCS
Water Consumption|Liquids|Coal,Water Consumption,Liquids,Coal,,,Liquids,Coal,Coal,Coal,
Water Consumption|Liquids|Oil,Water Consumption,Liquids,Oil,,,Liquids,Oil,Oil,Oil,
Water Withdrawal|Heat|Oil,Water Withdrawal,Heat,Oil,,,Heat,Oil,Oil,Oil,
Water Withdrawal|Heat|Other,Water Withdrawal,Heat,Other,,,Heat,Other,Other,Other,
Water Withdrawal|Hydrogen|Biomass|w/ CCS,Water Withdrawal,Hydrogen,Biomass,w/ CCS,,Hydrogen,Biomass,Biomass - w/ CCS,Biomass,w/ CCS
Water Withdrawal|Liquids|Coal|w/o CCS,Water Withdrawal,Liquids,Coal,w/o CCS,,Liquids,Coal,Coal - w/o CCS,Coal,w/o CCS
Emissions|CO2|Energy|Demand|Industry|Non-ferrous metals,Emissions,CO2,Energy,Demand,Industry,Industry,Demand,Energy,,
Emissions|CO2|Industrial Processes|Chemicals,Emissions,CO2,Industrial Processes,Chemicals,,Industry,Chemicals,Industrial Processes,,
Emissions|CO2|Industrial Processes|Other,Emissions,CO2,Industrial Processes,Other,,Industry,Other,Industrial Processes,,
Useful Energy|Per Capita|Transportation|Passenger,Useful Energy,Per Capita,Transportation,Passenger,,Transportation,,,,
Capacity|Electricity|Storage|Battery Capacity|Utility-scale Battery ,Capacity,Electricity,Storage,Battery Capacity,Utility-scale Battery ,Power,Storage,Battery Capacity - Utility-scale Battery ,Electricity,
Capacity|Electricity|Storage|Hydrogen Storage Capacity|underground,Capacity,Electricity,Storage,Hydrogen Storage Capacity,underground,Power,Storage,Hydrogen Storage Capacity - underground,Storage,
Capital Cost|Gas|Synthetic,Capital Cost,Gas,Synthetic,,,Gas&Oil,Gas,Gas - Synthetic,,
Final Energy|Residential and Commercial|Commercial|Heating|Electric boilers,Final Energy,Residential and Commercial,Commercial,Heating,Electric boilers,Commercial,Heating,Electric boilers,,
Final Energy|Residential and Commercial|Residential|Heating|Heat pumps,Final Energy,Residential and Commercial,Residential,Heating,Heat pumps,Residential,Heating,Heat pumps,,
Lifetime |Electricity|Solar|PV|Rooftop PV,Lifetime ,Electricity,Solar,PV,Rooftop PV,Renewables,Solar,Rooftop PV,,
OM Cost|Electricity|Storage|Battery Capacity,OM Cost,Electricity,Storage,Battery Capacity,,Storage,Battery Storage,Storage - Battery Capacity,Electricity,
OM Cost|Storage|Thermal Energy Storage|District heating storage,OM Cost,Storage,Thermal Energy Storage,District heating storage,,Heating,Thermal Energy Storage,District heating storage,,
Emissions|CH4|Energy,Emissions,CH4,Energy,,,Gases,CH4,Energy,,
Emissions|CO2|AFOLU,Emissions,CO2,AFOLU,,,Gases,CO2,AFOLU,,
Emissions|CO2|Energy|Supply|Electricity,Emissions,CO2,Energy,Supply,Electricity,Power,Supply,Energy,,
Emissions|CO|Energy|Demand|Transportation,Emissions,CO,Energy,Demand,Transportation,Transportation,Demand,Energy,,
Emissions|NOx|Energy|Demand|Industry,Emissions,NOx,Energy,Demand,Industry,Industry,Demand,Energy,,
Emissions|VOC|Energy|Demand|Industry,Emissions,VOC,Energy,Demand,Industry,Industry,Demand,Energy,,
Final Energy|Electricity,Final Energy,Electricity,,,,Power,,,,
Final Energy|Residential and Commercial|Commercial|Electricity,Final Energy,Residential and Commercial,Commercial,Electricity,,Power,Electricity,,,
Final Energy|Residential and Commercial|Commercial|Solids|Coal,Final Energy,Residential and Commercial,Commercial,Solids,Coal,Commercial,Solids,Coal,,
Final Energy|Transportation|Freight|Liquids|Oil,Final Energy,Transportation,Freight,Liquids,Oil,Transportation,Freight,Liquids - Oil,,
Final Energy|Transportation|Passenger|Electricity,Final Energy,Transportation,Passenger,Electricity,,Transportation,Passenger,Electricity,,
Food Energy Supply,Food Energy Supply,,,,,Agriculture,,,,
Investment|Energy Supply|Electricity|Biomass,Investment,Energy Supply,Electricity,Biomass,,Power,,Biomass,Biomass,
Investment|Energy Supply|Electricity|Gas|w/o CCS,Investment,Energy Supply,Electricity,Gas,w/o CCS,Power,,Gas,Gas,w/o CCS
Investment|Energy Supply|Electricity|Solar,Investment,Energy Supply,Electricity,Solar,,Renewables,Solar,Solar,Solar,
Investment|Energy Supply|Extraction|Fossil,Investment,Energy Supply,Extraction,Fossil,,Extraction,,Fossil,Fossil,
Land Cover|Forest|Forestry|Harvested Area,Land Cover,Forest,Forestry,Harvested Area,,,,,,
OM Cost|Fixed|Liquids|Biomass|w/o CCS,OM Cost,Fixed,Liquids,Biomass,w/o CCS,Biomass,Liquids,Biomass - w/o CCS,,w/o CCS
Price|Agriculture|Soybean|Index,Price,Agriculture,Soybean,Index,,Agriculture,Soybean,,,
Price|Agriculture|Wheat|Index,Price,Agriculture,Wheat,Index,,Agriculture,Wheat,,,
Price|Primary Energy|Biomass,Price,Primary Energy,Biomass,,,Biomass,Biomass,,Biomass,
Price|Secondary Energy|Liquids|Biomass,Price,Secondary Energy,Liquids,Biomass,,Liquids,Biomass,Biomass,Biomass_liquid,
Primary Energy|Coal|Electricity,Primary Energy,Coal,Electricity,,,Power,,Coal,Coal,
Primary Energy|Oil|Electricity|w/o CCS,Primary Energy,Oil,Electricity,w/o CCS,,Power,,Oil - w/o CCS,Oil,w/o CCS
Secondary Energy|Heat|Gas,Secondary Energy,Heat,Gas,,,Heat,Gas,Heat,,
Secondary Energy|Liquids|Biomass|Residues,Secondary Energy,Liquids,Biomass,Residues,,Liquids,Biomass,Liquids - Residues,,
Secondary Energy|Liquids|Biomass|w/ CCS,Secondary Energy,Liquids,Biomass,w/ CCS,,Liquids,Biomass,Liquids - w/ CCS,,w/ CCS
Secondary Energy|Liquids|Biomass|w/o CCS,Secondary Energy,Liquids,Biomass,w/o CCS,,Liquids,Biomass,Liquids - w/o CCS,,w/o CCS
Trade|Primary Energy|Biomass|Volume,Trade,Primary Energy,Biomass,Volume,,Biomass,Biomass,,Biomass,
Trade|Secondary Energy|Electricity|Volume,Trade,Secondary Energy,Electricity,Volume,,Power,Electricity,Trade,,
Value Added|Industry|Energy,Value Added,Industry,Energy,,,Industry,Energy,,,
Water Consumption|Electricity|Gas|w/ CCS,Water Consumption,Electricity,Gas,w/ CCS,,Power,Gas,Gas - w/ CCS,Gas,w/ CCS
Water Consumption|Electricity|Wind,Water Consumption,Electricity,Wind,,,Renewables,Wind,Wind,Wind,
Water Consumption|Municipal Water,Water Consumption,Municipal Water,,,,Municipal Water,,,,
Water Withdrawal|Electricity|Biomass,Water Withdrawal,Electricity,Biomass,,,Power,Biomass,Biomass,Biomass,
Water Withdrawal|Electricity|Coal|w/o CCS,Water Withdrawal,Electricity,Coal,w/o CCS,,Power,Coal,Coal - w/o CCS,Coal,w/o CCS
Water Withdrawal|Electricity|Gas,Water Withdrawal,Electricity,Gas,,,Power,Gas,Gas,Gas,
Water Withdrawal|Electricity|Hydro,Water Withdrawal,Electricity,Hydro,,,Renewables,Hydro,Hydro,Hydro,
Capacity Additions|Electricity|Solar,Capacity Additions,Electricity,Solar,,,Renewables,Solar,Solar,Solar,
Capacity Additions|Electricity|Solar|PV,Capacity Additions,Electricity,Solar,PV,,Renewables,Solar,Solar - PV,Solar,
Capacity|Electricity|Oil,Capacity,Electricity,Oil,,,Power,Oil,Oil,Oil,
Capacity|Electricity|Oil|w/ CCS,Capacity,Electricity,Oil,w/ CCS,,Power,Oil,Oil - w/ CCS,Oil,w/ CCS
Capacity|Electricity|Storage Capacity,Capacity,Electricity,Storage Capacity,,,Power,Storage,Storage,Storage Capacity,
Capital Cost|Electricity|Biomass|w/o CCS,Capital Cost,Electricity,Biomass,w/o CCS,,Power,Biomass,Biomass - w/o CCS,Biomass,w/o CCS
Carbon Sequestration|CCS|Biomass|Energy|Supply|Liquids,Carbon Sequestration,CCS,Biomass,Energy,Supply,Energy,Supply,CCS,Biomass,CCS
Cumulative Capacity|Electricity|Biomass|w/o CCS,Cumulative Capacity,Electricity,Biomass,w/o CCS,,Power,Biomass,Biomass - w/o CCS,Biomass,w/o CCS
Cumulative Capacity|Electricity|Coal|w/ CCS,Cumulative Capacity,Electricity,Coal,w/ CCS,,Power,Coal,Coal - w/ CCS,Coal,w/ CCS
Cumulative Capacity|Electricity|Coal|w/o CCS,Cumulative Capacity,Electricity,Coal,w/o CCS,,Power,Coal,Coal - w/o CCS,Coal,w/o CCS
Cumulative Capacity|Electricity|Gas|w/ CCS,Cumulative Capacity,Electricity,Gas,w/ CCS,,Power,Gas,Gas - w/ CCS,Gas,w/ CCS
Cumulative Capacity|Electricity|Wind|Onshore,Cumulative Capacity,Electricity,Wind,Onshore,,Power,Wind,Wind - Onshore,Wind,
Final Energy|Transportation|Other,Final Energy,Transportation,Other,,,Transportation,Other,,,
Population|Risk of Hunger,Population,Risk of Hunger,,,,,,,,
Final Energy|Residential and Commercial|Residential|Heat,Final Energy,Residential and Commercial,Residential,Heat,,Residential,Heat,,,
Agricultural Demand|Crops|Feed,Agricultural Demand,Crops,Feed,,,Agriculture,Crops,Feed,,
Agricultural Demand|Livestock,Agricultural Demand,Livestock,,,,Agriculture,Livestock,,,
Agricultural Demand|Livestock|Food,Agricultural Demand,Livestock,Food,,,Agriculture,Livestock,Food,,
Emissions|BC|Energy|Demand|Residential and Commercial,Emissions,BC,Energy,Demand,Residential and Commercial,Residential and Commercial,Demand,Energy,,
Final Energy|Residential and Commercial|Solids|Biomass|Traditional,Final Energy,Residential and Commercial,Solids,Biomass,Traditional,Residential and Commercial,Biomass,Traditional,,
Price|Final Energy|Residential and Commercial|Residential|Electricity,Price,Final Energy,Residential and Commercial,Residential,Electricity,Residential and Commercial,Residential,Residential - Electricity,Electricity,
Cumulative Capacity|Electricity|Gas,Cumulative Capacity,Electricity,Gas,,,Power,Gas,Gas,Gas,
Production|Steel,Production,Steel,,,,Steel,,,,
Capacity|Electricity|Peak Demand,Capacity,Electricity,Peak Demand,,,Power,Electricity,,,
Carbon Sequestration|Other,Carbon Sequestration,Other,,,,,,Other,,
Final Energy|Industry|Other,Final Energy,Industry,Other,,,Industry,,,,
Final Energy|Residential and Commercial|Commercial|Hydrogen,Final Energy,Residential and Commercial,Commercial,Hydrogen,,Commercial,Hydrogen,,,
Final Energy|Residential and Commercial|Commercial|Other,Final Energy,Residential and Commercial,Commercial,Other,,Commercial,Other,,,
Lifetime|Electricity|Biomass|w/o CCS,Lifetime,Electricity,Biomass,w/o CCS,,Power,Biomass,Biomass - w/o CCS,Biomass,w/o CCS
Secondary Energy|Gases|Biomass,Secondary Energy,Gases,Biomass,,,Gases,Biomass,Gases,,
Secondary Energy|Hydrogen|Nuclear,Secondary Energy,Hydrogen,Nuclear,,,Hydrogen,Nuclear,Hydrogen,,
Secondary Energy|Hydrogen|Oil,Secondary Energy,Hydrogen,Oil,,,Hydrogen,Oil,Hydrogen,,
Secondary Energy|Hydrogen|Solar,Secondary Energy,Hydrogen,Solar,,,Hydrogen,Solar,Hydrogen,,
Secondary Energy|Liquids|Biomass|Other,Secondary Energy,Liquids,Biomass,Other,,Liquids,Biomass,Liquids - Other,,
Secondary Energy|Liquids|Fossil|w/ CCS,Secondary Energy,Liquids,Fossil,w/ CCS,,Liquids,Fossil,Liquids - w/ CCS,,w/ CCS
Energy Service|Residential and Commercial|Commercial|Floor Space,Energy Service,Residential and Commercial,Commercial,Floor Space,,Residential and Commercial,Commercial,,,
OM Cost|Fixed|Hydrogen|Electricity,OM Cost,Fixed,Hydrogen,Electricity,,Power,Hydrogen,Electricity,,
Emissions|CO|Energy|Demand|Transportation|Passenger,Emissions,CO,Energy,Demand,Transportation,Transportation,Demand,Energy,,
Emissions|VOC|Energy|Demand|Transportation|Freight,Emissions,VOC,Energy,Demand,Transportation,Transportation,Demand,Energy,,
Emissions|VOC|Energy|Demand|Transportation|Passenger,Emissions,VOC,Energy,Demand,Transportation,Transportation,Demand,Energy,,
Energy Service|Transportation|Road,Energy Service,Transportation,Road,,,Transportation,Road,,,
Final Energy|Residential and Commercial|Commercial|Lighting,Final Energy,Residential and Commercial,Commercial,Lighting,,Commercial,Lighting,,,
Investment,Investment,,,,,,,,,
Trade|Value|Exports,Trade,Value,Exports,,,,,,,
Value Added|Industry|Mining,Value Added,Industry,Mining,,,Industry,Mining,,,
Carbon Sequestration|CCS|Biomass|Energy,Carbon Sequestration,CCS,Biomass,Energy,,Energy,,CCS,Biomass,CCS
Carbon Sequestration|CCS|Fossil|Industrial Processes,Carbon Sequestration,CCS,Fossil,Industrial Processes,,Industrial Processes,,CCS,Fossil,CCS
Agricultural Demand|Crops|Energy|1st generation,Agricultural Demand,Crops,Energy,1st generation,,Agriculture,Crops,Energy - 1st generation,,
Concentration|CO2,Concentration,CO2,,,,,,,,
Primary Energy|Gas|Hydrogen,Primary Energy,Gas,Hydrogen,,,Gas&Oil,Gas,Gas - Hydrogen,Hydrogen,
Emissions|CO|Other,Emissions,CO,Other,,,,,Other,,
Export,Export,,,,,,,,,
Emissions|CO2|Waste,Emissions,CO2,Waste,,,Gases,CO2,Waste,,
Emissions|N2O|Waste,Emissions,N2O,Waste,,,Gases,N20,Waste,,
Final Energy (excl. feedstocks)|Industry|Liquids,Final Energy (excl. feedstocks),Industry,Liquids,,,Industry,Liquids,,,
Final Energy (excl. feedstocks)|Industry|Solids,Final Energy (excl. feedstocks),Industry,Solids,,,Industry,Solids,,,
Investment|Energy Supply|Hydrogen|Electricity,Investment,Energy Supply,Hydrogen,Electricity,,Hydrogen,,Electricity,Electricity,
Transport|Stock|Road|Passenger|LDV,Transport,Stock,Road,Passenger,LDV,Transportation,Road,Passenger - LDV,,
OM Cost|Fixed|Liquids|Coal|w/o CCS,OM Cost,Fixed,Liquids,Coal,w/o CCS,Coal,Liquids,Coal - w/o CCS,,w/o CCS
Resource|Extraction|Fossil,Resource,Extraction,Fossil,,,,,,,
Employment|Industry|Construction,Employment,Industry,Construction,,,Industry,Construction,,,
Final Energy|Transportation|Passenger|Household,Final Energy,Transportation,Passenger,Household,,Transportation,Passenger,Household,,
Trade|Energy|Value,Trade,Energy,Value,,,Energy,,,,
Energy Service|Transportation|Freight|International Shipping,Energy Service,Transportation,Freight,International Shipping,,Transportation,Freight,,,
Agricultural Production|Energy|Residues,Agricultural Production,Energy,Residues,,,Agriculture,Residues,Energy,,
Price|Secondary Energy|Solids|Coal,Price,Secondary Energy,Solids,Coal,,Coal,Coal,Coal,Coal,
Water Consumption|Electricity|Once Through,Water Consumption,Electricity,Once Through,,,Power,,,,
Water Consumption|Electricity|Sea Cooling,Water Consumption,Electricity,Sea Cooling,,,Power,Sea Cooling,Sea Cooling,Sea Cooling,
Emissions|CO2|AFOLU|Land,Emissions,CO2,AFOLU,Land,,,Land,AFOLU,,
Emissions|CO2|Energy|Demand|Industry|Steel,Emissions,CO2,Energy,Demand,Industry,Industry,Demand,Energy,,
Emissions|N2O|Industrial Processes|Chemicals,Emissions,N2O,Industrial Processes,Chemicals,,,Chemicals,Industrial Processes,,
Emissions|NH3|AFOLU|Agriculture,Emissions,NH3,AFOLU,Agriculture,,,Agriculture,AFOLU,,
Emissions|NOx|AFOLU|Agriculture,Emissions,NOx,AFOLU,Agriculture,,,Agriculture,AFOLU,,
Emissions|Sulfur|Energy|Demand|Residential and Commercial|Residential,Emissions,Sulfur,Energy,Demand,Residential and Commercial,Residential and Commercial,Demand,Energy,,
Emissions|VOC|Energy|Demand|Residential and Commercial|Residential,Emissions,VOC,Energy,Demand,Residential and Commercial,Residential and Commercial,Demand,Energy,,
Final Energy|Industry|Cement|Gases,Final Energy,Industry,Cement,Gases,,Cement,Gases,,,
Final Energy|Industry|Chemicals|Ammonia|Solids,Final Energy,Industry,Chemicals,Ammonia,Solids,Chemicals,Ammonia,Solids,,
Final Energy|Industry|Chemicals|Liquids|Fossil,Final Energy,Industry,Chemicals,Liquids,Fossil,Chemicals,Liquids,Fossil,,
Final Energy|Industry|Chemicals|Solids,Final Energy,Industry,Chemicals,Solids,,Chemicals,Solids,,,
Final Energy|Industry|Other|Gases|Fossil,Final Energy,Industry,Other,Gases,Fossil,Industry,Gases,Fossil,,
Final Energy|Industry|Other|Heat,Final Energy,Industry,Other,Heat,,Industry,Heat,,,
Final Energy|Industry|Pulp and Paper|Hydrogen,Final Energy,Industry,Pulp and Paper,Hydrogen,,Pulp and Paper,Hydrogen,,,
Final Energy|Industry|Pulp and Paper|Solids,Final Energy,Industry,Pulp and Paper,Solids,,Pulp and Paper,Solids,,,
Final Energy|Industry|Steel|Heat,Final Energy,Industry,Steel,Heat,,Steel,Heat,,,
Final Energy|Transportation|Road|Passenger|LDV,Final Energy,Transportation,Road,Passenger,LDV,Transportation,Road,Passenger - LDV,,
Price|Final Energy|Transportation|Electricity,Price,Final Energy,Transportation,Electricity,,Transportation,Electricity,Electricity,,
Emissions|OC|Waste,Emissions,OC,Waste,,,,,Waste,,
Final Energy|Transportation|Gases|Bioenergy,Final Energy,Transportation,Gases,Bioenergy,,Transportation,Gases,Bioenergy,,
Land Cover|Cropland|Sugarcrops,Land Cover,Cropland,Sugarcrops,,,,,,,
Final Energy|Industry|Liquids|Oil,Final Energy,Industry,Liquids,Oil,,Liquids,Oil,,,
Emissions|CO2|Energy|Demand|Residential and Commercial|Commercial|Heating,Emissions,CO2,Energy,Demand,Residential and Commercial,Residential and Commercial,Demand,Energy,,
Final Energy|Industry|Liquids|Hydrogen synfuel,Final Energy,Industry,Liquids,Hydrogen synfuel,,Liquids,Hydrogen synfuel,,,
Capacity|Transportation|Road|Freight,Capacity,Transportation,Road,Freight,,Transportation,Road,Freight,,
Capacity|Gases|Biomass|w/ CCS,Capacity,Gases,Biomass,w/ CCS,,Power,Gases,,Biomass,w/ CCS
Capacity|Gases|Coal|w/ CCS,Capacity,Gases,Coal,w/ CCS,,Power,Gases,,Coal,w/ CCS
Capacity|Gases|Coal,Capacity,Gases,Coal,,,Power,Gases,,Coal,
Capital Cost|Liquids|Coal|w/ CCS,Capital Cost,Liquids,Coal,w/ CCS,,Coal,Liquids,Coal - w/ CCS,,w/ CCS
Capital Cost|Liquids|Gas|w/o CCS,Capital Cost,Liquids,Gas,w/o CCS,,Gas&Oil,Gas,Gas - w/o CCS,,w/o CCS
Cumulative Capacity|Gases|Biomass,Cumulative Capacity,Gases,Biomass,,,Power,Gases,Biomass,Biomass,
Cumulative Capacity|Liquids|Gas,Cumulative Capacity,Liquids,Gas,,,Power,Liquids,Gas,Gas,
Efficiency|Hydrogen|Coal|w/o CCS,Efficiency,Hydrogen,Coal,w/o CCS,,Coal,Hydrogen,Hydrogen,Coal,w/o CCS
OM Cost|Fixed|Liquids|Gas|w/o CCS,OM Cost,Fixed,Liquids,Gas,w/o CCS,Gas&Oil,Gas,Gas - w/o CCS,,w/o CCS
Water Consumption|Extraction|Coal,Water Consumption,Extraction,Coal,,,Extraction,Coal,Coal,Coal,
Water Consumption|Extraction|Oil,Water Consumption,Extraction,Oil,,,Extraction,Oil,Oil,Oil,
Water Consumption|Heat|Gas,Water Consumption,Heat,Gas,,,Heat,Gas,Gas,Gas,
Water Consumption|Hydrogen|Gas,Water Consumption,Hydrogen,Gas,,,Hydrogen,Gas,Gas,Gas,
Water Consumption|Hydrogen|Gas|w/ CCS,Water Consumption,Hydrogen,Gas,w/ CCS,,Hydrogen,Gas,Gas - w/ CCS,Gas,w/ CCS
Water Consumption|Liquids|Coal|w/o CCS,Water Consumption,Liquids,Coal,w/o CCS,,Liquids,Coal,Coal - w/o CCS,Coal,w/o CCS
Water Consumption|Liquids|Fossil|w/o CCS,Water Consumption,Liquids,Fossil,w/o CCS,,Liquids,Fossil,Fossil - w/o CCS,Fossil,w/o CCS
Water Withdrawal|Extraction|Oil,Water Withdrawal,Extraction,Oil,,,Extraction,Oil,Oil,Oil,
Water Withdrawal|Heat|Coal,Water Withdrawal,Heat,Coal,,,Heat,Coal,Coal,Coal,
Water Withdrawal|Liquids|Gas|w/o CCS,Water Withdrawal,Liquids,Gas,w/o CCS,,Liquids,Gas,Gas - w/o CCS,Gas,w/o CCS
Water Withdrawal|Liquids|Oil,Water Withdrawal,Liquids,Oil,,,Liquids,Oil,Oil,Oil,
Emissions|CO2|Industrial Processes|Chemicals|High value chemicals,Emissions,CO2,Industrial Processes,Chemicals,High value chemicals,High value chemicals,Chemicals,Industrial Processes,,
Policy Cost|GDP Loss|w/o transfers,Policy Cost,GDP Loss,w/o transfers,,,,,,,
Premature Deaths|PM2.5,Premature Deaths,PM2.5,,,,,,,,
Capacity|Storage|Thermal Energy Storage,Capacity,Storage,Thermal Energy Storage,,,Power,Storage,Thermal Energy Storage,,
Capital Cost|Heating|Electric boilers,Capital Cost,Heating,Electric boilers,,,Heating,Heating,Electric boilers,,
Capital Cost|Storage|Thermal Energy Storage|Household storage,Capital Cost,Storage,Thermal Energy Storage,Household storage,,Storage,Storage,Thermal Energy Storage - Household storage,,
Efficiency|Heating|Electric boilers,Efficiency,Heating,Electric boilers,,,Heating,,Heating,Electric boilers,
OM Cost|Electricity|Storage|Battery Capacity|Utility-scale Battery ,OM Cost,Electricity,Storage,Battery Capacity,Utility-scale Battery ,Storage,Battery Storage,Battery Capacity - Utility-scale Battery ,Electricity,
OM Cost|Electricity|Storage|Pumped Hydro Storage,OM Cost,Electricity,Storage,Pumped Hydro Storage,,Power,Storage,Pumped Hydro Storage,,
Secondary Energy|Electricity|Solar|PV|Utility-scale PV,Secondary Energy,Electricity,Solar,PV,Utility-scale PV,Renewables,Solar,Solar - PV,,
Energy Service|Residential and Commercial|Commercial|Offices|Construction,Energy Service,Residential and Commercial,Commercial,Offices,Construction,Residential and Commercial,Commercial,,,
Energy Service|Residential and Commercial|Construction rate,Energy Service,Residential and Commercial,Construction rate,,,Residential and Commercial,Construction rate,,,
Emissions|BC|Energy|Supply,Emissions,BC,Energy,Supply,,,Supply,Energy,,
Emissions|CH4|AFOLU|Agriculture,Emissions,CH4,AFOLU,Agriculture,,,Agriculture,AFOLU,,
Emissions|CO2|Energy|Demand|Transportation,Emissions,CO2,Energy,Demand,Transportation,Transportation,Demand,Energy,,
Emissions|CO|Energy|Supply,Emissions,CO,Energy,Supply,,,Supply,Energy,,
Emissions|Kyoto Gases,Emissions,Kyoto Gases,,,,,,,,
Emissions|N2O,Emissions,N2O,,,,,,,,
Emissions|N2O|AFOLU|Agriculture,Emissions,N2O,AFOLU,Agriculture,,,Agriculture,AFOLU,,
Emissions|OC|Energy|Supply,Emissions,OC,Energy,Supply,,,Supply,Energy,,
Energy Service|Transportation|Passenger|Railways,Energy Service,Transportation,Passenger,Railways,,Transportation,Passenger,,,
Energy Service|Transportation|Passenger|Road|Bus,Energy Service,Transportation,Passenger,Road,Bus,Transportation,Passenger,,,
Final Energy|Geothermal,Final Energy,Geothermal,,,,Geothermal,,,,
Final Energy|Heat,Final Energy,Heat,,,,Heat,,,,
Final Energy|Other Sector|Solids|Biomass,Final Energy,Other Sector,Solids,Biomass,,Biomass,,,,
Final Energy|Residential and Commercial|Commercial|Gases,Final Energy,Residential and Commercial,Commercial,Gases,,Commercial,Gases,,,
Final Energy|Residential and Commercial|Commercial|Solids,Final Energy,Residential and Commercial,Commercial,Solids,,Commercial,Solids,,,
Final Energy|Residential and Commercial|Residential|Solids|Coal,Final Energy,Residential and Commercial,Residential,Solids,Coal,Residential,Solids,Coal,,
Final Energy|Residential and Commercial|Solids|Coal,Final Energy,Residential and Commercial,Solids,Coal,,Residential and Commercial,Coal,,,
Final Energy|Solids|Biomass,Final Energy,Solids,Biomass,,,Biomass,,Biomass,Biomass,
Food Energy Supply|Livestock,Food Energy Supply,Livestock,,,,Agriculture,Livestock,,,
Forestry Demand|Roundwood|Wood Fuel,Forestry Demand,Roundwood,Wood Fuel,,,Biomass,,,,
Forestry Production|Roundwood|Industrial Roundwood,Forestry Production,Roundwood,Industrial Roundwood,,,Biomass,,,,
GDP|PPP,GDP,PPP,,,,,,,,
Investment|Energy Supply|Electricity|Fossil,Investment,Energy Supply,Electricity,Fossil,,Power,,Fossil,Fossil,
Investment|Energy Supply|Electricity|Non-Biomass Renewables,Investment,Energy Supply,Electricity,Non-Biomass Renewables,,Renewables,,Non-Biomass Renewables,Non-Biomass Renewables,
Investment|Energy Supply|Electricity|Non-fossil,Investment,Energy Supply,Electricity,Non-fossil,,Power,,Non-fossil,Non-fossil,
Investment|Energy Supply|Heat,Investment,Energy Supply,Heat,,,Heat,,,,
Investment|Energy Supply|Liquids,Investment,Energy Supply,Liquids,,,Liquids,,,,
Land Cover|Pasture,Land Cover,Pasture,,,,,,,,
OM Cost|Fixed|Electricity|Biomass|w/o CCS,OM Cost,Fixed,Electricity,Biomass,w/o CCS,Power,Biomass,Biomass - w/o CCS,,w/o CCS
OM Cost|Fixed|Electricity|Geothermal,OM Cost,Fixed,Electricity,Geothermal,,Renewables,Geothermal,Geothermal,,
OM Cost|Fixed|Electricity|Wind|Onshore,OM Cost,Fixed,Electricity,Wind,Onshore,Renewables,Wind,Wind - Onshore,Wind,
Price|Secondary Energy|Electricity,Price,Secondary Energy,Electricity,,,Power,,,Electricity,
Primary Energy|Biomass|Electricity,Primary Energy,Biomass,Electricity,,,Power,Biomass,Biomass,,
Primary Energy|Biomass|Solids,Primary Energy,Biomass,Solids,,,Biomass,Solids,Solids,,
Primary Energy|Coal|Electricity|w/o CCS,Primary Energy,Coal,Electricity,w/o CCS,,Power,,Coal - w/o CCS,Coal,w/o CCS
Primary Energy|Gas|Electricity|w/ CCS,Primary Energy,Gas,Electricity,w/ CCS,,Power,,Gas - w/ CCS,Gas,w/ CCS
Secondary Energy|Electricity|Biomass|w/o CCS,Secondary Energy,Electricity,Biomass,w/o CCS,,Power,Biomass,Biomass - w/o CCS,,w/o CCS
Secondary Energy|Electricity|Coal,Secondary Energy,Electricity,Coal,,,Power,Coal,Coal,,
Secondary Energy|Electricity|Fossil|w/o CCS,Secondary Energy,Electricity,Fossil,w/o CCS,,Power,Fossil,Fossil - w/o CCS,,w/o CCS
Secondary Energy|Electricity|Oil|w/ CCS,Secondary Energy,Electricity,Oil,w/ CCS,,Power,Oil,Oil - w/ CCS,,w/ CCS
Secondary Energy|Electricity|Solar,Secondary Energy,Electricity,Solar,,,Renewables,Solar,Solar,,
Secondary Energy|Gases|Natural Gas,Secondary Energy,Gases,Natural Gas,,,Gases,Natural Gas,Gases,,
Secondary Energy|Liquids|Biomass|Energy Crops,Secondary Energy,Liquids,Biomass,Energy Crops,,Liquids,Biomass,Liquids - Energy Crops,,
Water Consumption|Electricity|Coal,Water Consumption,Electricity,Coal,,,Power,Coal,Coal,Coal,
Water Consumption|Electricity|Gas,Water Consumption,Electricity,Gas,,,Power,Gas,Gas,Gas,
Water Consumption|Industrial Water,Water Consumption,Industrial Water,,,,Industrial Water,,,,
Water Withdrawal,Water Withdrawal,,,,,,,,,
Water Withdrawal|Electricity,Water Withdrawal,Electricity,,,,Power,,,,
Water Withdrawal|Electricity|Biomass|w/o CCS,Water Withdrawal,Electricity,Biomass,w/o CCS,,Power,Biomass,Biomass - w/o CCS,Biomass,w/o CCS
Water Withdrawal|Electricity|Geothermal,Water Withdrawal,Electricity,Geothermal,,,Renewables,Geothermal,Geothermal,Geothermal,
Capacity Additions|Electricity|Coal|w/ CCS,Capacity Additions,Electricity,Coal,w/ CCS,,Power,Coal,Coal - w/ CCS,Coal,w/ CCS
Capacity Additions|Electricity|Coal|w/o CCS,Capacity Additions,Electricity,Coal,w/o CCS,,Power,Coal,Coal - w/o CCS,Coal,w/o CCS
Capacity Additions|Electricity|Nuclear,Capacity Additions,Electricity,Nuclear,,,Power,Nuclear,Nuclear,Nuclear,
Capacity Additions|Electricity|Oil,Capacity Additions,Electricity,Oil,,,Power,Oil,Oil,Oil,
Capacity|Electricity|Coal|w/ CCS,Capacity,Electricity,Coal,w/ CCS,,Power,Coal,Coal - w/ CCS,Coal,w/ CCS
Capacity|Electricity|Oil|w/o CCS,Capacity,Electricity,Oil,w/o CCS,,Power,Oil,Oil - w/o CCS,Oil,w/o CCS
Capacity|Electricity|Wind|Onshore,Capacity,Electricity,Wind,Onshore,,Power,Wind,Wind - Onshore,Wind,
Capital Cost|Liquids|Biomass|w/o CCS,Capital Cost,Liquids,Biomass,w/o CCS,,Biomass,Liquids,Biomass - w/o CCS,,w/o CCS
Cumulative Capacity|Electricity|Gas|w/o CCS,Cumulative Capacity,Electricity,Gas,w/o CCS,,Power,Gas,Gas - w/o CCS,Gas,w/o CCS
Efficiency|Electricity|Gas|w/o CCS,Efficiency,Electricity,Gas,w/o CCS,,Power,Gas,Gas - w/o CCS,Gas,w/o CCS
Final Energy|Transportation|Passenger|Other,Final Energy,Transportation,Passenger,Other,,Transportation,Passenger,Other,,
Secondary Energy|Heat|Nuclear,Secondary Energy,Heat,Nuclear,,,Heat,Nuclear,Heat,,
Price|Carbon,Price,Carbon,,,,,,,,
Agricultural Demand|Crops|Energy|2nd generation,Agricultural Demand,Crops,Energy,2nd generation,,Agriculture,Crops,Energy - 2nd generation,,
OM Cost|Fixed|Electricity|Biomass|w/ CCS,OM Cost,Fixed,Electricity,Biomass,w/ CCS,Power,Biomass,Biomass - w/ CCS,,w/ CCS
Unemployment|Rate,Unemployment,Rate,,,,,,,,
Cumulative Capacity|Electricity|Oil,Cumulative Capacity,Electricity,Oil,,,Power,Oil,Oil,Oil,
Emissions|CO2|Energy|Supply|Other Sector,Emissions,CO2,Energy,Supply,Other Sector,Other Sector,Supply,Energy,,
Carbon Sequestration|CCS|Biomass|Energy|Demand|Industry,Carbon Sequestration,CCS,Biomass,Energy,Demand,Energy,Demand,CCS,Biomass,CCS
Emissions|CO2|Energy|Demand|Transportation|Passenger,Emissions,CO2,Energy,Demand,Transportation,Transportation,Demand,Energy,,
Emissions|CO2|Energy|Supply|Heat,Emissions,CO2,Energy,Supply,Heat,Heat,Supply,Energy,,
Lifetime|Electricity|Biomass|w/ CCS,Lifetime,Electricity,Biomass,w/ CCS,,Power,Biomass,Biomass - w/ CCS,Biomass,w/ CCS
Lifetime|Electricity|Nuclear,Lifetime,Electricity,Nuclear,,,Power,Nuclear,Nuclear,Nuclear,
Lifetime|Electricity|Wind,Lifetime,Electricity,Wind,,,Renewables,Wind,Wind,Wind,
Secondary Energy|Electricity|Wind|Offshore,Secondary Energy,Electricity,Wind,Offshore,,Renewables,Wind,Wind - Offshore,Wind,
Secondary Energy|Hydrogen|Electricity,Secondary Energy,Hydrogen,Electricity,,,Power,Hydrogen,Hydrogen,Hydrogen,
Secondary Energy|Hydrogen|Fossil,Secondary Energy,Hydrogen,Fossil,,,Hydrogen,Fossil,Hydrogen,,
Final Energy|Transportation|Passenger|Hydrogen,Final Energy,Transportation,Passenger,Hydrogen,,Transportation,Passenger,Hydrogen,,
Investment|Energy Demand|Transportation|Passenger|Road|LDV|ICE,Investment,Energy Demand,Transportation,Passenger,Road,Transportation,,Passenger,Passenger,
OM Cost|Fixed|Electricity|Wind|Offshore,OM Cost,Fixed,Electricity,Wind,Offshore,Renewables,Wind,Wind - Offshore,Wind,
Emissions|CO2|Energy|Demand|Transportation|Road|Passenger,Emissions,CO2,Energy,Demand,Transportation,Transportation,Demand,Energy,,
Emissions|Sulfur|Energy|Demand|Transportation|Freight,Emissions,Sulfur,Energy,Demand,Transportation,Transportation,Demand,Energy,,
Energy Service|Transportation|Freight|Other,Energy Service,Transportation,Freight,Other,,Transportation,Freight,,,
Energy Service|Transportation|Rail,Energy Service,Transportation,Rail,,,Transportation,Rail,,,
Final Energy|Transportation|Passenger|Liquids|Fossil synfuel,Final Energy,Transportation,Passenger,Liquids,Fossil synfuel,Transportation,Passenger,Liquids - Fossil synfuel,,
Final Energy|Transportation|Road|Freight|FC,Final Energy,Transportation,Road,Freight,FC,Transportation,Road,Freight - FC,,
Final Energy|Residential and Commercial|Appliances,Final Energy,Residential and Commercial,Appliances,,,Appliances,,,,
Final Energy|Residential and Commercial|Commercial|Appliances,Final Energy,Residential and Commercial,Commercial,Appliances,,Commercial,Appliances,,,
Final Energy|Residential and Commercial|Commercial|Cooling,Final Energy,Residential and Commercial,Commercial,Cooling,,Commercial,Cooling,,,
Final Energy|Residential and Commercial|Residential|Cooling,Final Energy,Residential and Commercial,Residential,Cooling,,Residential,Cooling,,,
Final Energy|Residential and Commercial|Commercial|Heating|Space,Final Energy,Residential and Commercial,Commercial,Heating,Space,Commercial,Heating,Space,,
Trade|Secondary Energy|Hydrogen|Volume,Trade,Secondary Energy,Hydrogen,Volume,,Hydrogen,Hydrogen,,,
Emissions|CO2|Energy|Demand|Residential and Commercial|Commercial|Health,Emissions,CO2,Energy,Demand,Residential and Commercial,Residential and Commercial,Demand,Energy,,
Energy Service|Residential and Commercial|Residential|Multi-family|Floor space,Energy Service,Residential and Commercial,Residential,Multi-family,Floor space,Residential and Commercial,Residential,,,
Policy Cost|Equivalent Variation,Policy Cost,Equivalent Variation,,,,,,,,
Primary Energy|Non-Biomass Renewables|Solar,Primary Energy,Non-Biomass Renewables,Solar,,,Renewables,Solar,Solar,,
Concentration|N2O,Concentration,N2O,,,,,,,,
Expenditure|household|Food,Expenditure,household,Food,,,,,,,
Expenditure|household|Services,Expenditure,household,Services,,,,,,,
Import,Import,,,,,,,,,
Trade,Trade,,,,,,,,,
Value Added|Industry|Energy Intensive,Value Added,Industry,Energy Intensive,,,Industry,Energy Intensive,,,
Efficiency|Liquids|Coal|w/o CCS,Efficiency,Liquids,Coal,w/o CCS,,Coal,Liquids,Coal - w/o CCS,Coal,w/o CCS
Employment|Services,Employment,Services,,,,Services,,,,
Value Added|Services|Other Services,Value Added,Services,Other Services,,,Services,Other Services,,,
Land Cover|Cropland|Energy Crops|Irrigated,Land Cover,Cropland,Energy Crops,Irrigated,,,,,,
Capacity|Hydrogen|Coal,Capacity,Hydrogen,Coal,,,Power,Hydrogen,Hydrogen - Coal,,
Capital Cost|Hydrogen|Gas|w/ CCS,Capital Cost,Hydrogen,Gas,w/ CCS,,Gas&Oil,Gas,Hydrogen - w/ CCS,,w/ CCS
Cumulative Capacity|Hydrogen|Coal|w/ CCS,Cumulative Capacity,Hydrogen,Coal,w/ CCS,,Power,Hydrogen,Coal - w/ CCS,Coal,w/ CCS
Water Consumption|Electricity|Dry Cooling,Water Consumption,Electricity,Dry Cooling,,,Power,Dry Cooling,Dry Cooling,Dry Cooling,
Water Withdrawal|Electricity|Solar,Water Withdrawal,Electricity,Solar,,,Renewables,Solar,Solar,Solar,
Water Withdrawal|Electricity|Solar|CSP,Water Withdrawal,Electricity,Solar,CSP,,Renewables,Solar,Solar - CSP,Solar,
Cumulative Capacity|Electricity|Other,Cumulative Capacity,Electricity,Other,,,Power,Electricity,Other,Other,
Emissions|CH4|Industrial Processes|Steel,Emissions,CH4,Industrial Processes,Steel,,Steel,Steel,Industrial Processes,,
Emissions|CO2|Industrial Processes|Pulp and Paper,Emissions,CO2,Industrial Processes,Pulp and Paper,,,Pulp and Paper,Industrial Processes,,
Final Energy|Industry|Cement|Liquids,Final Energy,Industry,Cement,Liquids,,Cement,Liquids,,,
Final Energy|Industry|Chemicals|Electricity,Final Energy,Industry,Chemicals,Electricity,,Chemicals,Electricity,,Electricity,
Final Energy|Industry|Chemicals|High value chemicals|Liquids|Bioenergy,Final Energy,Industry,Chemicals,High value chemicals,Liquids,Chemicals,High value chemicals,Liquids,,
Final Energy|Industry|Chemicals|High value chemicals|Solids|Bioenergy,Final Energy,Industry,Chemicals,High value chemicals,Solids,Chemicals,High value chemicals,Solids,,
Final Energy|Industry|Other|Solids,Final Energy,Industry,Other,Solids,,Industry,Solids,,,
Final Energy|Industry|Other|Solids|Bioenergy,Final Energy,Industry,Other,Solids,Bioenergy,Industry,Solids,Bioenergy,,
Final Energy|Industry|Steel|Liquids|Fossil,Final Energy,Industry,Steel,Liquids,Fossil,Steel,Liquids,Fossil,,
Final Energy|Industry|Steel|Solids|Fossil,Final Energy,Industry,Steel,Solids,Fossil,Steel,Solids,Fossil,,
Emissions|Sulfur|Waste,Emissions,Sulfur,Waste,,,,,Waste,,
Fertilizer Use|Nitrogen|Inorganic,Fertilizer Use,Nitrogen,Inorganic,,,,,,,
Land Cover|Cropland|Oilcrops,Land Cover,Cropland,Oilcrops,,,,,,,
Population|Prevalence of overweight,Population,Prevalence of overweight,,,,,,,,
Final Energy|Transportation|Passenger|Liquids|Biomass,Final Energy,Transportation,Passenger,Liquids,Biomass,Transportation,Passenger,Liquids - Biomass,,
Emissions|CO2|Energy|Demand|Residential and Commercial|Commercial|Heating|Cooking,Emissions,CO2,Energy,Demand,Residential and Commercial,Residential and Commercial,Demand,Energy,,
Capacity|Transportation|Aviation|Passenger,Capacity,Transportation,Aviation,Passenger,,Transportation,Aviation,Passenger,,
Discount rate|Transport Infrastructure,Discount rate,Transport Infrastructure,,,,Transportation,Transport Infrastructure,,,
Cumulative Capacity|Gases|Biomass|w/ CCS,Cumulative Capacity,Gases,Biomass,w/ CCS,,Power,Gases,Biomass - w/ CCS,Biomass,w/ CCS
Cumulative Capacity|Liquids|Biomass|w/ CCS,Cumulative Capacity,Liquids,Biomass,w/ CCS,,Power,Liquids,Biomass - w/ CCS,Biomass,w/ CCS
Cumulative Capacity|Liquids|Gas|w/ CCS,Cumulative Capacity,Liquids,Gas,w/ CCS,,Power,Liquids,Gas - w/ CCS,Gas,w/ CCS
Cumulative Capacity|Liquids|Gas|w/o CCS,Cumulative Capacity,Liquids,Gas,w/o CCS,,Power,Liquids,Gas - w/o CCS,Gas,w/o CCS
Primary Energy|Oil|Solids,Primary Energy,Oil,Solids,,,Oil,Oil,Oil - Solids,Solids,
Efficiency|Liquids|Gas|w/ CCS,Efficiency,Liquids,Gas,w/ CCS,,Gas&Oil,Gas,Gas - w/ CCS,Gas,w/ CCS
Lifetime|Hydrogen|Gas|w/ CCS,Lifetime,Hydrogen,Gas,w/ CCS,,Hydrogen,Gas,Gas - w/ CCS,Gas,w/ CCS
OM Cost|Fixed|Liquids|Coal|w/ CCS,OM Cost,Fixed,Liquids,Coal,w/ CCS,Coal,Liquids,Coal - w/ CCS,,w/ CCS
Trade|Secondary Energy|Liquids|Coal|Volume,Trade,Secondary Energy,Liquids,Coal,Volume,Liquids,Coal,,Coal,
Water Consumption|Heat,Water Consumption,Heat,,,,Heat,,,,
Water Consumption|Heat|Oil,Water Consumption,Heat,Oil,,,Heat,Oil,Oil,Oil,
Water Consumption|Heat|Other,Water Consumption,Heat,Other,,,Heat,Other,Other,Other,
Water Consumption|Hydrogen|Coal,Water Consumption,Hydrogen,Coal,,,Hydrogen,Coal,Coal,Coal,
Water Consumption|Hydrogen|Gas|w/o CCS,Water Consumption,Hydrogen,Gas,w/o CCS,,Hydrogen,Gas,Gas - w/o CCS,Gas,w/o CCS
Water Consumption|Liquids|Biomass|w/o CCS,Water Consumption,Liquids,Biomass,w/o CCS,,Liquids,Biomass,Biomass - w/o CCS,Biomass,w/o CCS
Water Consumption|Liquids|Gas,Water Consumption,Liquids,Gas,,,Liquids,Gas,Gas,Gas,
Water Consumption|Liquids|Gas|w/o CCS,Water Consumption,Liquids,Gas,w/o CCS,,Liquids,Gas,Gas - w/o CCS,Gas,w/o CCS
Water Withdrawal|Extraction|Coal,Water Withdrawal,Extraction,Coal,,,Extraction,Coal,Coal,Coal,
Water Withdrawal|Hydrogen|Electricity,Water Withdrawal,Hydrogen,Electricity,,,Hydrogen,Electricity,Electricity,Electricity,
Water Withdrawal|Liquids|Coal,Water Withdrawal,Liquids,Coal,,,Liquids,Coal,Coal,Coal,
Water Withdrawal|Liquids|Fossil,Water Withdrawal,Liquids,Fossil,,,Liquids,Fossil,Fossil,Fossil,
Emissions|CO2|Industrial Processes|Chemicals|Ammonia,Emissions,CO2,Industrial Processes,Chemicals,Ammonia,Chemicals,Industrial Processes,Ammonia,,
Emissions|CO2|Industrial Processes|Chemicals|Methanol,Emissions,CO2,Industrial Processes,Chemicals,Methanol,Methanol,Chemicals,Industrial Processes,,
Emissions|CO2|Industrial Processes|Chemicals|Other,Emissions,CO2,Industrial Processes,Chemicals,Other,Industry,Chemicals,Industrial Processes,,
Emissions|CO2|Industrial Processes|Non-ferrous metals,Emissions,CO2,Industrial Processes,Non-ferrous metals,,,Non-ferrous metals,Industrial Processes,,
Carbon Intensity|Production|Steel|Fossil|Energy|Demand|Industry,Carbon Intensity,Production,Steel,Fossil,Energy,Steel,,Fossil,,
Capacity|Electricity|Storage|Hydrogen Storage Capacity|overground,Capacity,Electricity,Storage,Hydrogen Storage Capacity,overground,Power,Storage,Hydrogen Storage Capacity - overground,Storage,
Capacity|Gas|Synthetic,Capacity,Gas,Synthetic,,,Gas&Oil,Gas,Gas - Synthetic,Gas,
Capital Cost|Electricity|Solar|PV|Utility-scale PV,Capital Cost,Electricity,Solar,PV,Utility-scale PV,Renewables,Solar,Solar - PV,,
Capital Cost|Electricity|Storage|Pumped Hydro Storage,Capital Cost,Electricity,Storage,Pumped Hydro Storage,,Storage,Pumped Hydro Storage,Storage - Pumped Hydro Storage,,
Lifetime|Gas|Synthetic,Lifetime,Gas,Synthetic,,,Gas&Oil,Gas,Gas - Synthetic,Gas,
Lifetime|Heating|Electric boilers,Lifetime,Heating,Electric boilers,,,Heating,Electric boilers,Electric boilers,Electric boilers,
Lifetime|Storage|Thermal Energy Storage|Household storage,Lifetime,Storage,Thermal Energy Storage,Household storage,,Storage,Thermal Energy Storage,Thermal Energy Storage - Household storage,Thermal Energy Storage,
OM Cost|Heating|Heat pumps,OM Cost,Heating,Heat pumps,,,Heating,Electric Heating,Heat pumps,,
Energy Service|Residential and Commercial|Commercial|Construction,Energy Service,Residential and Commercial,Commercial,Construction,,Residential and Commercial,Commercial,,,
Energy Service|Residential and Commercial|Commercial|Education|Renovation rate,Energy Service,Residential and Commercial,Commercial,Education,Renovation rate,Residential and Commercial,Commercial,,,
Energy Service|Residential and Commercial|Commercial|Offices|Renovation rate,Energy Service,Residential and Commercial,Commercial,Offices,Renovation rate,Residential and Commercial,Commercial,,,
Energy Service|Residential and Commercial|Residential|Construction rate,Energy Service,Residential and Commercial,Residential,Construction rate,,Residential and Commercial,Residential,,,
Emissions|CH4|Energy|Demand|Industry,Emissions,CH4,Energy,Demand,Industry,Industry,Demand,Energy,,
Emissions|CO2,Emissions,CO2,,,,,,,,
Emissions|CO2|Energy|Demand|Industry,Emissions,CO2,Energy,Demand,Industry,Industry,Demand,Energy,,
Emissions|CO2|Industrial Processes,Emissions,CO2,Industrial Processes,,,,,Industrial Processes,,
Emissions|N2O|Energy,Emissions,N2O,Energy,,,,,Energy,,
Emissions|NH3|Energy|Demand|Industry,Emissions,NH3,Energy,Demand,Industry,Industry,Demand,Energy,,
Emissions|NH3|Energy|Demand|Transportation,Emissions,NH3,Energy,Demand,Transportation,Transportation,Demand,Energy,,
Emissions|NOx|Energy,Emissions,NOx,Energy,,,,,Energy,,
Emissions|NOx|Energy|Supply,Emissions,NOx,Energy,Supply,,,Supply,Energy,,
Emissions|Sulfur|Energy|Demand|Industry,Emissions,Sulfur,Energy,Demand,Industry,Industry,Demand,Energy,,
Emissions|VOC|Energy|Demand|Transportation,Emissions,VOC,Energy,Demand,Transportation,Transportation,Demand,Energy,,
Energy Service|Transportation|Freight|Aviation,Energy Service,Transportation,Freight,Aviation,,Transportation,Freight,,,
Energy Service|Transportation|Passenger|Road|LDV,Energy Service,Transportation,Passenger,Road,LDV,Transportation,Passenger,,,
Final Energy,Final Energy,,,,,,,,,
Final Energy|Industry|Gases,Final Energy,Industry,Gases,,,Industry,Gases,,,
Final Energy|Industry|Solids,Final Energy,Industry,Solids,,,Industry,,,,
Final Energy|Non-Energy Use|Biomass,Final Energy,Non-Energy Use,Biomass,,,Non-Energy Use,Biomass,,Biomass,
Final Energy|Other Sector,Final Energy,Other Sector,,,,,,,,
Final Energy|Residential and Commercial|Commercial|Heat,Final Energy,Residential and Commercial,Commercial,Heat,,Commercial,Heat,,,
Final Energy|Residential and Commercial|Residential,Final Energy,Residential and Commercial,Residential,,,Residential,,,,
Final Energy|Residential and Commercial|Residential|Gases,Final Energy,Residential and Commercial,Residential,Gases,,Residential,Gases,,,
Final Energy|Residential and Commercial|Residential|Solids,Final Energy,Residential and Commercial,Residential,Solids,,Residential,Solids,,,
Final Energy|Residential and Commercial|Residential|Solids|Biomass|Traditional,Final Energy,Residential and Commercial,Residential,Solids,Biomass,Residential,Solids,Biomass,,
Final Energy|Solids|Biomass|Traditional,Final Energy,Solids,Biomass,Traditional,,,,Biomass - Traditional,Biomass - Traditional,
Final Energy|Transportation|Freight,Final Energy,Transportation,Freight,,,Transportation,Freight,,,
Final Energy|Transportation|Hydrogen,Final Energy,Transportation,Hydrogen,,,Transportation,Hydrogen,,,
Food Demand,Food Demand,,,,,Agriculture,,,,
Food Demand|Crops,Food Demand,Crops,,,,Agriculture,Crops,,,
Investment|Energy Supply|CO2 Transport and Storage,Investment,,CO2 Transport and Storage,,,Energy Supply,CO2 Transport and Storage,,,
Investment|Energy Supply|Electricity|Biomass|w/o CCS,Investment,Energy Supply,Electricity,Biomass,w/o CCS,Power,Biomass,Biomass - w/o CCS,Biomass,w/o CCS
Land Cover|Other Arable Land,Land Cover,Other Arable Land,,,,,,,,
OM Cost|Fixed|Liquids|Biomass|w/ CCS,OM Cost,Fixed,Liquids,Biomass,w/ CCS,Biomass,Liquids,Biomass - w/ CCS,,w/ CCS
Policy Cost|Consumption Loss,Policy Cost,Consumption Loss,,,,,,,,
Policy Cost|GDP Loss,Policy Cost,GDP Loss,,,,,,,,
Primary Energy|Biomass|1st Generation,Primary Energy,Biomass,1st Generation,,,Biomass,1st Generation,1st Generation,,
Primary Energy|Gas|w/o CCS,Primary Energy,Gas,w/o CCS,,,Gas&Oil,Gas,Gas - w/o CCS,Gas,w/o CCS
Primary Energy|Non-Biomass Renewables,Primary Energy,Non-Biomass Renewables,,,,Renewables,Non-Biomass Renewables,,,
Secondary Energy|Heat|Biomass,Secondary Energy,Heat,Biomass,,,Heat,Biomass,Heat,,
Secondary Energy|Liquids,Secondary Energy,Liquids,,,,Liquids,,Liquids,,
Secondary Energy|Liquids|Biomass,Secondary Energy,Liquids,Biomass,,,Liquids,Biomass,Liquids,,
Secondary Energy|Liquids|Fossil,Secondary Energy,Liquids,Fossil,,,Liquids,Fossil,Liquids,,
Secondary Energy|Liquids|Oil,Secondary Energy,Liquids,Oil,,,Liquids,Oil,Liquids,,
Trade|Primary Energy|Coal|Volume,Trade,Primary Energy,Coal,Volume,,Coal,Coal,,Coal,
Water Consumption,Water Consumption,,,,,,,,,
Water Consumption|Electricity|Biomass|w/o CCS,Water Consumption,Electricity,Biomass,w/o CCS,,Power,Biomass,Biomass - w/o CCS,Biomass,w/o CCS
Water Withdrawal|Electricity|Fossil|w/o CCS,Water Withdrawal,Electricity,Fossil,w/o CCS,,Power,Fossil,Fossil - w/o CCS,Fossil,w/o CCS
Water Withdrawal|Electricity|Gas|w/o CCS,Water Withdrawal,Electricity,Gas,w/o CCS,,Power,Gas,Gas - w/o CCS,Gas,w/o CCS
Water Withdrawal|Electricity|Non-Biomass Renewables,Water Withdrawal,Electricity,Non-Biomass Renewables,,,Renewables,Non-Biomass Renewables,Non-Biomass Renewables,Non-Biomass Renewables,
Water Withdrawal|Electricity|Nuclear,Water Withdrawal,Electricity,Nuclear,,,Nuclear,Nuclear,Nuclear,Nuclear,
Water Withdrawal|Electricity|Oil|w/ CCS,Water Withdrawal,Electricity,Oil,w/ CCS,,Power,Oil,Oil - w/ CCS,Oil,w/ CCS
Agricultural Production,Agricultural Production,,,,,Agriculture,,,,
Agricultural Production|Energy,Agricultural Production,Energy,,,,Agriculture,,Energy,,
Capacity|Electricity|Gas|w/o CCS,Capacity,Electricity,Gas,w/o CCS,,Power,Gas,Gas - w/o CCS,Gas,w/o CCS
Capacity|Electricity|Solar|PV,Capacity,Electricity,Solar,PV,,Power,Solar,Solar - PV,Solar,
Capital Cost|Electricity|Solar|PV,Capital Cost,Electricity,Solar,PV,,Renewables,Solar,Solar - PV,,
Capital Stock,Capital Stock,,,,,,,,,
Cumulative Capacity|Electricity|Biomass|w/ CCS,Cumulative Capacity,Electricity,Biomass,w/ CCS,,Power,Biomass,Biomass - w/ CCS,Biomass,w/ CCS
Efficiency|Electricity|Biomass|w/ CCS,Efficiency,Electricity,Biomass,w/ CCS,,Power,Biomass,Biomass - w/ CCS,Biomass,w/ CCS
Efficiency|Electricity|Coal|w/o CCS,Efficiency,Electricity,Coal,w/o CCS,,Power,Coal,Coal - w/o CCS,Coal,w/o CCS
Efficiency|Liquids|Biomass|w/o CCS,Efficiency,Liquids,Biomass,w/o CCS,,Biomass,Liquids,Biomass - w/o CCS,Biomass,w/o CCS
Emissions|BC|AFOLU,Emissions,BC,AFOLU,,,,,AFOLU,,
Final Energy|Other Sector|Heat,Final Energy,Other Sector,Heat,,,,,,,
Capacity|Electricity|Geothermal,Capacity,Electricity,Geothermal,,,Renewables,Geothermal,Geothermal,Geothermal,
Cumulative Capacity|Electricity|Geothermal,Cumulative Capacity,Electricity,Geothermal,,,Renewables,Geothermal,Geothermal,Geothermal,
Final Energy|Non-Energy Use|Gas,Final Energy,Non-Energy Use,Gas,,,Non-Energy Use,Gas,,Gas,
Agricultural Demand|Crops,Agricultural Demand,Crops,,,,Agriculture,Crops,,,
Agricultural Demand|Crops|Food,Agricultural Demand,Crops,Food,,,Agriculture,Crops,Food,,
Agricultural Demand|Crops|Other,Agricultural Demand,Crops,Other,,,Agriculture,Crops,Other,,
Emissions|CH4|Energy|Demand|Residential and Commercial,Emissions,CH4,Energy,Demand,Residential and Commercial,Residential and Commercial,Demand,Energy,,
Land Cover|Cropland|Cereals,Land Cover,Cropland,Cereals,,,,,,,
Population|Rural,Population,Rural,,,,,,,,
Emissions|CO2|Other,Emissions,CO2,Other,,,,,Other,,
Emissions|N2O|Other,Emissions,N2O,Other,,,,,Other,,
Capacity|Electricity|Wind|Offshore,Capacity,Electricity,Wind,Offshore,,Power,Wind,Wind - Offshore,Wind,
Carbon Sequestration|Direct Air Capture,Carbon Sequestration,Direct Air Capture,,,,,,Direct Air Capture,,
Carbon Sequestration|Land Use|Soil Carbon Management,Carbon Sequestration,Land Use,Soil Carbon Management,,,,,Land Use,,
Emissions|CO2|Energy|Demand|Other Sector,Emissions,CO2,Energy,Demand,Other Sector,Other Sector,Demand,Energy,,
Final Energy|Other Sector|Hydrogen,Final Energy,Other Sector,Hydrogen,,,,,,,
Final Energy|Transportation|Liquids|Coal,Final Energy,Transportation,Liquids,Coal,,Transportation,Liquids,Coal,,
Lifetime|Electricity|Gas|w/o CCS,Lifetime,Electricity,Gas,w/o CCS,,Power,Gas,Gas - w/o CCS,Gas,w/o CCS
Lifetime|Electricity|Geothermal,Lifetime,Electricity,Geothermal,,,Renewables,Geothermal,Geothermal,Geothermal,
Lifetime|Electricity|Wind|Offshore,Lifetime,Electricity,Wind,Offshore,,Renewables,Wind,Wind - Offshore,Wind,
Secondary Energy|Gases|Other,Secondary Energy,Gases,Other,,,Gases,Other,Gases,,
Secondary Energy|Hydrogen|Biomass,Secondary Energy,Hydrogen,Biomass,,,Hydrogen,Biomass,Hydrogen,,
Secondary Energy|Hydrogen|Other,Secondary Energy,Hydrogen,Other,,,Hydrogen,Other,Hydrogen,,
Emissions|CO2|Energy|Supply|Solids,Emissions,CO2,Energy,Supply,Solids,Supply,Supply,Energy,,
Emissions|PFC|C6F14,Emissions,PFC,C6F14,,,,,C6F14,,
Emissions|BC|Energy|Demand|Transportation|Freight,Emissions,BC,Energy,Demand,Transportation,Transportation,Demand,Energy,,
Emissions|CO2|Energy|Demand|Transportation|Maritime|Freight,Emissions,CO2,Energy,Demand,Transportation,Transportation,Demand,Energy,,
Emissions|CO2|Energy|Demand|Transportation|Rail|Freight,Emissions,CO2,Energy,Demand,Transportation,Transportation,Demand,Energy,,
Emissions|CO2|Energy|Demand|Transportation|Rail|Passenger,Emissions,CO2,Energy,Demand,Transportation,Transportation,Demand,Energy,,
Emissions|CO2|Energy|Demand|Transportation|Road,Emissions,CO2,Energy,Demand,Transportation,Transportation,Demand,Energy,,
Emissions|CO2|Energy|Demand|Transportation|Road|Passenger|Bus,Emissions,CO2,Energy,Demand,Transportation,Transportation,Demand,Energy,,
Emissions|CO2|Energy|Demand|Transportation|Road|Passenger|LDV,Emissions,CO2,Energy,Demand,Transportation,Transportation,Demand,Energy,,
Emissions|CO|Energy|Demand|Transportation|Freight,Emissions,CO,Energy,Demand,Transportation,Transportation,Demand,Energy,,
Emissions|OC|Energy|Demand|Transportation|Passenger,Emissions,OC,Energy,Demand,Transportation,Transportation,Demand,Energy,,
Final Energy|Transportation|Road|Freight,Final Energy,Transportation,Road,Freight,,Transportation,Road,Freight,,
Final Energy|Residential and Commercial|Cooling,Final Energy,Residential and Commercial,Cooling,,,Cooling,,,,
Final Energy|Residential and Commercial|Lighting,Final Energy,Residential and Commercial,Lighting,,,Lighting,,,,
Final Energy|Residential and Commercial|Residential|Heating,Final Energy,Residential and Commercial,Residential,Heating,,Residential,Heating,,,
Final Energy|Residential and Commercial|Residential|Heating|Water,Final Energy,Residential and Commercial,Residential,Heating,Water,Residential,Heating,Water,,
Final Energy|Residential and Commercial|Residential|Lighting,Final Energy,Residential and Commercial,Residential,Lighting,,Residential,Lighting,,,
Energy Service|Residential and Commercial|Commercial|Education|Floor space,Energy Service,Residential and Commercial,Commercial,Education,Floor space,Residential and Commercial,Commercial,,,
Energy Service|Residential and Commercial|Commercial|Hotels|Floor space,Energy Service,Residential and Commercial,Commercial,Hotels,Floor space,Residential and Commercial,Commercial,,,
Energy Service|Residential and Commercial|Commercial|Offices|Floor space,Energy Service,Residential and Commercial,Commercial,Offices,Floor space,Residential and Commercial,Commercial,,,
Primary Energy|Non-Biomass Renewables|Geothermal,Primary Energy,Non-Biomass Renewables,Geothermal,,,Renewables,Non-Biomass Renewables,Geothermal,,
Primary Energy|Non-Biomass Renewables|Hydro,Primary Energy,Non-Biomass Renewables,Hydro,,,Renewables,Non-Biomass Renewables,Hydro,,
Emissions|CF4,Emissions,CF4,,,,,,,,
Primary Energy|Coal|Hydrogen,Primary Energy,Coal,Hydrogen,,,Coal,Coal,Coal - Hydrogen,Hydrogen,
Primary Energy|Gas|Liquids,Primary Energy,Gas,Liquids,,,Gas&Oil,Gas,Gas - Liquids,Liquids,
Expenditure|Medical System|Incremental,Expenditure,Medical System,Incremental,,,,,,,
Expenditure|household|Energy,Expenditure,household,Energy,,,,,,,
Unemployment,Unemployment,,,,,,,,,
Emissions|CH4|Industrial Processes,Emissions,CH4,Industrial Processes,,,,,Industrial Processes,,
Final Energy (excl. feedstocks)|Industry|Gases|Fossil,Final Energy (excl. feedstocks),Industry,Gases,Fossil,,,,,,
Capital Cost|Liquids|Coal|w/o CCS,Capital Cost,Liquids,Coal,w/o CCS,,Coal,Liquids,Coal - w/o CCS,,w/o CCS
Public Consumption,Public Consumption,,,,,,,,,
Value Added|Industry|Energy|Electricity and Gas,Value Added,Industry,Energy,Electricity and Gas,,Industry,Energy,Electricity and Gas,,
Capacity|Electricity|Ocean,Capacity,Electricity,Ocean,,,Power,Ocean,Ocean,Ocean,
Capital Cost|Hydrogen|Coal|w/ CCS,Capital Cost,Hydrogen,Coal,w/ CCS,,Coal,Hydrogen,Coal - w/ CCS,,w/ CCS
Cumulative Capacity|Hydrogen|Coal,Cumulative Capacity,Hydrogen,Coal,,,Power,Hydrogen,Coal,Coal,
Cumulative Capacity|Hydrogen|Gas|w/ CCS,Cumulative Capacity,Hydrogen,Gas,w/ CCS,,Power,Hydrogen,Gas - w/ CCS,Gas,w/ CCS
Water Withdrawal|Electricity|Dry Cooling,Water Withdrawal,Electricity,Dry Cooling,,,Power,Dry Cooling,Dry Cooling,Dry Cooling,
Water Withdrawal|Electricity|Sea Cooling,Water Withdrawal,Electricity,Sea Cooling,,,Power,Sea Cooling,Sea Cooling,Sea Cooling,
Price|Final Energy|Residential and Commercial|Residential|Liquids|Oil,Price,Final Energy,Residential and Commercial,Residential,Liquids,Residential and Commercial,Residential,Residential - Liquids,Oil,
Emissions|CO|Energy|Demand|Residential and Commercial|Residential,Emissions,CO,Energy,Demand,Residential and Commercial,Residential and Commercial,Demand,Energy,,
Emissions|NOx|Energy|Demand|Residential and Commercial|Residential,Emissions,NOx,Energy,Demand,Residential and Commercial,Residential and Commercial,Demand,Energy,,
Emissions|NOx|Industrial Processes,Emissions,NOx,Industrial Processes,,,Industry,,Industrial Processes,,
Emissions|OC|Energy|Demand|Residential and Commercial|Commercial,Emissions,OC,Energy,Demand,Residential and Commercial,Residential and Commercial,Demand,Energy,,
Final Energy (excl. feedstocks)|Industry|Heat,Final Energy (excl. feedstocks),Industry,Heat,,,Industry,,,,
Final Energy|Industry|Chemicals|High value chemicals|Gases|Fossil,Final Energy,Industry,Chemicals,High value chemicals,Gases,Chemicals,High value chemicals,Gases,,
Final Energy|Industry|Chemicals|Solids|Fossil,Final Energy,Industry,Chemicals,Solids,Fossil,Chemicals,Solids,Fossil,,
Final Energy|Industry|Pulp and Paper|Liquids,Final Energy,Industry,Pulp and Paper,Liquids,,Pulp and Paper,Liquids,,,
Final Energy|Industry|Steel|Solids,Final Energy,Industry,Steel,Solids,,Steel,Solids,,,
Final Energy|Industry|Steel|Solids|Bioenergy,Final Energy,Industry,Steel,Solids,Bioenergy,Steel,Solids,Bioenergy,,
Price|Final Energy|Transportation|Gases|Fossil,Price,Final Energy,Transportation,Gases,Fossil,Transportation,Gases,Gases - Fossil,Gas,
Trade|Uranium|Mass,Trade,Uranium,Mass,,,Nuclear,,,,
Carbon Intensity|Production|Cement,Carbon Intensity,Production,Cement,,,Cement,,,,
Carbon Intensity|Production|Steel,Carbon Intensity,Production,Steel,,,Steel,,,,
Emissions|CO|Waste,Emissions,CO,Waste,,,,,Waste,,
Fertilizer Use|Nitrogen|Surplus,Fertilizer Use,Nitrogen,Surplus,,,,,,,
Food|Availability,Food,Availability,,,,,,,,
Population|Prevalence of obesity,Population,Prevalence of obesity,,,,,,,,
Population|Prevalence of underweight,Population,Prevalence of underweight,,,,,,,,
Population|Prevalence of underweight|Children,Population,Prevalence of underweight,Children,,,,,,,
Price|Final Energy|Transportation|Gases,Price,Final Energy,Transportation,Gases,,Transportation,Gases,Gases,,
Emissions|BC|AFOLU|Agriculture,Emissions,BC,AFOLU,Agriculture,,,Agriculture,AFOLU,,
Final Energy (excl. feedstocks)|Industry|Liquids|Hydrogen synfuel,Final Energy (excl. feedstocks),Industry,Liquids,Hydrogen synfuel,,Hydrogen,,,,
Final Energy|Transportation|Passenger|Gases|Bioenergy,Final Energy,Transportation,Passenger,Gases,Bioenergy,Transportation,Passenger,Gases - Bioenergy,,
Capacity|Transportation|Rail|Freight,Capacity,Transportation,Rail,Freight,,Transportation,Rail,Freight,,
Efficiency|Hydrogen|Electricity,Efficiency,Hydrogen,Electricity,,,Power,Hydrogen,Hydrogen,Hydrogen,
Fertilizer Use|Phosphorus,Fertilizer Use,Phosphorus,,,,,,,,
Cumulative Capacity|Gases|Coal|w/ CCS,Cumulative Capacity,Gases,Coal,w/ CCS,,Power,Coal,Coal - Gases - w/ CCS,Coal,w/ CCS
Cumulative Capacity|Gases|Coal|w/o CCS,Cumulative Capacity,Gases,Coal,w/o CCS,,Power,Coal,Coal - Gases - w/o CCS,Coal,w/o CCS
Cumulative Capacity|Liquids|Oil,Cumulative Capacity,Liquids,Oil,,,Power,Liquids,Oil,Oil,
Capital Cost|Gases|Biomass|w/o CCS,Capital Cost,Gases,Biomass,w/o CCS,,Biomass,Gases,Biomass - w/o CCS,,w/o CCS
Lifetime|Gases|Biomass|w/o CCS,Lifetime,Gases,Biomass,w/o CCS,,Biomass,Gases,Biomass - w/o CCS,Biomass,w/o CCS
Lifetime|Gases|Coal|w/o CCS,Lifetime,Gases,Coal,w/o CCS,,Coal,Coal,Coal - Gases - w/o CCS,Coal,w/o CCS
Lifetime|Liquids|Gas|w/o CCS,Lifetime,Liquids,Gas,w/o CCS,,Liquids,Gas,Gas - w/o CCS,Gas,w/o CCS
OM Cost|Fixed|Hydrogen|Gas|w/o CCS,OM Cost,Fixed,Hydrogen,Gas,w/o CCS,Hydrogen,Gas,Gas - w/o CCS,,w/o CCS
Water Consumption|Gases|Biomass,Water Consumption,Gases,Biomass,,,Biomass,Gases,Biomass,Biomass,
Water Consumption|Hydrogen|Electricity,Water Consumption,Hydrogen,Electricity,,,Hydrogen,Electricity,Electricity,Electricity,
Water Consumption|Liquids|Gas|w/ CCS,Water Consumption,Liquids,Gas,w/ CCS,,Liquids,Gas,Gas - w/ CCS,Gas,w/ CCS
Water Withdrawal|Gases,Water Withdrawal,Gases,,,,Gases,,,,
Water Withdrawal|Heat|Biomass,Water Withdrawal,Heat,Biomass,,,Heat,Biomass,Biomass,Biomass,
Water Withdrawal|Hydrogen|Fossil|w/o CCS,Water Withdrawal,Hydrogen,Fossil,w/o CCS,,Hydrogen,Fossil,Fossil - w/o CCS,Fossil,w/o CCS
Water Withdrawal|Liquids,Water Withdrawal,Liquids,,,,Liquids,,,,
Air pollution concentration|PM2.5|Urban population,Air pollution concentration,PM2.5,Urban population,,,Air quality,,Air pollution concentration,,
GDP|PPP|Per capita ratio to OECD,GDP,PPP,Per capita ratio to OECD,,,,,,,
Policy Cost|Transfers,Policy Cost,Transfers,,,,,,,,
Political institutions|Equality before law and individual liberty,Political institutions,Equality before law and individual liberty,,,,,,,,
Capacity|Electricity|Solar|PV|Utility-scale PV,Capacity,Electricity,Solar,PV,Utility-scale PV,Power,Solar,Solar PV - Utility-scale PV,Solar,
Capital Cost|Heating|Heat pumps,Capital Cost,Heating,Heat pumps,,,Heating,Heating,Heat pumps,,
Lifetime|Electricity|Storage|Battery Capacity,Lifetime,Electricity,Storage,Battery Capacity,,Power,Storage,Storage - Battery Capacity,Electricity,
OM Cost|Electricity|Solar|PV|Utility-scale PV,OM Cost,Electricity,Solar,PV,Utility-scale PV,Renewables,Solar,PV - Utility-scale PV,,
Energy Service|Residential and Commercial|Commercial|Education|Construction,Energy Service,Residential and Commercial,Commercial,Education,Construction,Residential and Commercial,Commercial,,,
Emissions|CO2|Energy|Demand,Emissions,CO2,Energy,Demand,,,Demand,Energy,,
Emissions|CO2|Energy|Demand|Residential and Commercial|Commercial,Emissions,CO2,Energy,Demand,Residential and Commercial,Residential and Commercial,Demand,Energy,,
Emissions|HFC|HFC23,Emissions,HFC,HFC23,,,,,HFC23,,
Emissions|HFC|HFC32,Emissions,HFC,HFC32,,,,,HFC32,,
Emissions|NOx|Energy|Demand|Transportation,Emissions,NOx,Energy,Demand,Transportation,Transportation,Demand,Energy,,
Emissions|OC,Emissions,OC,,,,,,,,
Energy Service|Transportation|Freight,Energy Service,Transportation,Freight,,,Transportation,Freight,,,
Energy Service|Transportation|Passenger|Aviation,Energy Service,Transportation,Passenger,Aviation,,Transportation,Passenger,,,
Energy Service|Transportation|Passenger|Road,Energy Service,Transportation,Passenger,Road,,Transportation,Passenger,,,
Final Energy|Gases,Final Energy,Gases,,,,Gases,,,,
Final Energy|Non-Energy Use|Coal,Final Energy,Non-Energy Use,Coal,,,Non-Energy Use,Coal,,Coal,
Final Energy|Residential and Commercial|Commercial|Liquids,Final Energy,Residential and Commercial,Commercial,Liquids,,Commercial,Liquids,,,
Final Energy|Residential and Commercial|Commercial|Solids|Biomass|Traditional,Final Energy,Residential and Commercial,Commercial,Solids,Biomass,Commercial,Solids,Biomass,,
Final Energy|Residential and Commercial|Gases,Final Energy,Residential and Commercial,Gases,,,Residential and Commercial,Gases,,,
Final Energy|Residential and Commercial|Residential|Electricity,Final Energy,Residential and Commercial,Residential,Electricity,,Residential,Electricity,,,
Final Energy|Solar,Final Energy,Solar,,,,Renewables,Solar,,,
Final Energy|Transportation|Liquids,Final Energy,Transportation,Liquids,,,Transportation,Liquids,,,
Investment|Energy Supply|Electricity|Coal|w/o CCS,Investment,Energy Supply,Electricity,Coal,w/o CCS,Power,Coal,Coal,Coal,w/o CCS
Investment|Energy Supply|Electricity|Other,Investment,Energy Supply,Electricity,Other,,Power,Other,Other,Other,
Investment|Energy Supply|Electricity|Wind,Investment,Energy Supply,Electricity,Wind,,Renewables,Wind,Wind,Wind,
Investment|Energy Supply|Extraction|Gas,Investment,Energy Supply,Extraction,Gas,,Extraction,,Gas,Gas,
Investment|Energy Supply|Extraction|Oil,Investment,Energy Supply,Extraction,Oil,,Extraction,,Oil,Oil,
Land Cover|Cropland,Land Cover,Cropland,,,,,,,,
Land Cover|Cropland|Energy Crops,Land Cover,Cropland,Energy Crops,,,,,,,
Land Cover|Cropland|Irrigated,Land Cover,Cropland,Irrigated,,,,,,,
OM Cost|Fixed|Electricity|Gas|w/o CCS,OM Cost,Fixed,Electricity,Gas,w/o CCS,Power,Gas,Gas - w/o CCS,,w/o CCS
OM Cost|Fixed|Liquids|Oil,OM Cost,Fixed,Liquids,Oil,,Oil,Liquids,Oil,,
Price|Agriculture|Corn|Index,Price,Agriculture,Corn,Index,,Agriculture,Corn,,,
Primary Energy,Primary Energy,,,,,,,,,
Primary Energy|Fossil|w/ CCS,Primary Energy,Fossil,w/ CCS,,,Fossil,Fossil,Fossil - w/ CCS,,w/ CCS
Primary Energy|Fossil|w/o CCS,Primary Energy,Fossil,w/o CCS,,,Fossil,Fossil,Fossil - w/o CCS,,w/o CCS
Primary Energy|Oil|Electricity,Primary Energy,Oil,Electricity,,,Power,,Oil,Oil,
Primary Energy|Secondary Energy Trade,Primary Energy,Secondary Energy Trade,,,,Power,Secondary Energy Trade,Secondary Energy Trade,,
Secondary Energy|Electricity|Biomass|w/ CCS,Secondary Energy,Electricity,Biomass,w/ CCS,,Power,Biomass,Biomass - w/ CCS,,w/ CCS
Secondary Energy|Electricity|Gas,Secondary Energy,Electricity,Gas,,,Power,Gas,Gas,,
Secondary Energy|Electricity|Gas|w/o CCS,Secondary Energy,Electricity,Gas,w/o CCS,,Power,Gas,Gas - w/o CCS,,w/o CCS
Secondary Energy|Electricity|Non-Biomass Renewables,Secondary Energy,Electricity,Non-Biomass Renewables,,,Power,Non-Biomass Renewables,Non-Biomass Renewables,,
Secondary Energy|Electricity|Transmission Losses,Secondary Energy,Electricity,Transmission Losses,,,Power,Transmission Losses,Transmission Losses,,
Secondary Energy|Electricity|Wind,Secondary Energy,Electricity,Wind,,,Renewables,Wind,Wind,Wind,
Secondary Energy|Heat|Coal,Secondary Energy,Heat,Coal,,,Heat,Coal,Heat,,
Trade|Primary Energy|Gas|Volume,Trade,Primary Energy,Gas,Volume,,Gas&Oil,Gas,,Gas,
Water Consumption|Electricity|Fossil|w/ CCS,Water Consumption,Electricity,Fossil,w/ CCS,,Power,Fossil,Fossil - w/ CCS,Fossil,w/ CCS
Water Consumption|Electricity|Gas|w/o CCS,Water Consumption,Electricity,Gas,w/o CCS,,Power,Gas,Gas - w/o CCS,Gas,w/o CCS
Water Consumption|Electricity|Nuclear,Water Consumption,Electricity,Nuclear,,,Nuclear,Nuclear,Nuclear,Nuclear,
Water Consumption|Electricity|Oil|w/ CCS,Water Consumption,Electricity,Oil,w/ CCS,,Power,Oil,Oil - w/ CCS,Oil,w/ CCS
Water Withdrawal|Municipal Water,Water Withdrawal,Municipal Water,,,,Municipal Water,,,,
Agricultural Production|Energy|Crops,Agricultural Production,Energy,Crops,,,Agriculture,Crops,Energy,,
Agricultural Production|Non-Energy|Crops,Agricultural Production,Non-Energy,Crops,,,Agriculture,Crops,Non-Energy,,
Capacity Additions|Electricity|Biomass|w/ CCS,Capacity Additions,Electricity,Biomass,w/ CCS,,Power,Biomass,Biomass - w/ CCS,Biomass,w/ CCS
Capacity Additions|Electricity|Gas|w/ CCS,Capacity Additions,Electricity,Gas,w/ CCS,,Power,Gas,Gas - w/ CCS,Gas,w/ CCS
Capacity Additions|Electricity|Oil|w/o CCS,Capacity Additions,Electricity,Oil,w/o CCS,,Power,Oil,Oil - w/o CCS,Oil,w/o CCS
Capacity|Electricity|Wind,Capacity,Electricity,Wind,,,Power,Wind,Wind,Wind,
Capacity|Liquids|Biomass|w/o CCS,Capacity,Liquids,Biomass,w/o CCS,,Power,Liquids,,Biomass,w/o CCS
Capital Cost|Electricity|Coal|w/ CCS,Capital Cost,Electricity,Coal,w/ CCS,,Power,Coal,Coal - w/ CCS,,w/ CCS
Capital Cost|Electricity|Coal|w/o CCS,Capital Cost,Electricity,Coal,w/o CCS,,Power,Coal,Coal - w/o CCS,,w/o CCS
Capital Cost|Electricity|Gas|w/ CCS,Capital Cost,Electricity,Gas,w/ CCS,,Power,Gas,Gas - w/ CCS,,w/ CCS
Consumption,Consumption,,,,,,,,,
Efficiency|Electricity|Biomass|w/o CCS,Efficiency,Electricity,Biomass,w/o CCS,,Power,Biomass,Biomass - w/o CCS,Biomass,w/o CCS
Efficiency|Liquids|Biomass|w/ CCS,Efficiency,Liquids,Biomass,w/ CCS,,Biomass,Liquids,Biomass - w/ CCS,Biomass,w/ CCS
Capacity Additions|Electricity|Geothermal,Capacity Additions,Electricity,Geothermal,,,Renewables,Electricity,Geothermal,Geothermal,
Emissions|HFC|HFC43-10,Emissions,HFC,HFC43-10,,,,,HFC43-10,,
Emissions|CO|Energy|Demand|Residential and Commercial,Emissions,CO,Energy,Demand,Residential and Commercial,Residential and Commercial,Demand,Energy,,
Emissions|VOC|Energy|Demand|Residential and Commercial,Emissions,VOC,Energy,Demand,Residential and Commercial,Residential and Commercial,Demand,Energy,,
Final Energy|Other Sector|Other,Final Energy,Other Sector,Other,,,,,,,
Final Energy|Other,Final Energy,Other,,,,,,,,
Final Energy|Transportation|Freight|Hydrogen,Final Energy,Transportation,Freight,Hydrogen,,Transportation,Freight,Hydrogen,,
Production|Pulp and Paper,Production,Pulp and Paper,,,,,,,,
Carbon Sequestration|CCS|Biomass|Energy|Supply|Hydrogen,Carbon Sequestration,CCS,Biomass,Energy,Supply,Energy,Supply,CCS,Biomass,CCS
Carbon Sequestration|CCS|Fossil|Energy|Supply|Other,Carbon Sequestration,CCS,Fossil,Energy,Supply,Energy,Supply,CCS,Fossil,CCS
Carbon Sequestration|Enhanced Weathering,Carbon Sequestration,Enhanced Weathering,,,,,,Enhanced Weathering,,
Carbon Sequestration|Land Use|Biochar,Carbon Sequestration,Land Use,Biochar,,,,,Land Use,Biochar,
Energy Service|Transportation|Passenger|Navigation,Energy Service,Transportation,Passenger,Navigation,,Transportation,Passenger,,,
Secondary Energy|Hydrogen|Biomass|w/o CCS,Secondary Energy,Hydrogen,Biomass,w/o CCS,,Hydrogen,Biomass,Hydrogen - w/o CCS,,w/o CCS
Final Energy|Transportation|Freight|Gases,Final Energy,Transportation,Freight,Gases,,Transportation,Freight,Gases,,
Policy Cost|Additional Total Energy System Cost,Policy Cost,Additional Total Energy System Cost,,,,,,,,
Investment|Energy Demand|Transportation|Passenger|Road|LDV|FCV,Investment,Energy Demand,Transportation,Passenger,Road,Transportation,,Passenger,Passenger,
Emissions|CH4|AFOLU|Agriculture|Rice,Emissions,CH4,AFOLU,Agriculture,Rice,Agriculture,Rice,AFOLU,,
Emissions|BC|Energy|Demand|Transportation|Passenger,Emissions,BC,Energy,Demand,Transportation,Transportation,Demand,Energy,,
Emissions|CO2|Energy|Demand|Transportation|Road|Freight,Emissions,CO2,Energy,Demand,Transportation,Transportation,Demand,Energy,,
Emissions|OC|Energy|Demand|Transportation|Freight,Emissions,OC,Energy,Demand,Transportation,Transportation,Demand,Energy,,
Final Energy|Transportation|Rail|Passenger,Final Energy,Transportation,Rail,Passenger,,Transportation,Rail,Passenger,,
Land Cover|Cropland|Double-cropped,Land Cover,Cropland,Double-cropped,,,,,,,
Land Cover|Forest|Managed,Land Cover,Forest,Managed,,,,,,,
Emissions|CO2|Energy|Demand|Residential and Commercial|Residential|Heating,Emissions,CO2,Energy,Demand,Residential and Commercial,Residential and Commercial,Demand,Energy,,
Trade|Primary Energy|Oil|Value,Trade,Primary Energy,Oil,Value,,Oil,Oil,,Oil,
Primary Energy|Gas|Gases,Primary Energy,Gas,Gases,,,Gas&Oil,Gas,Gas - Gases,Gas,
Emissions|CO2|Energy|Demand|Residential and Commercial|Residential|Heating|Space,Emissions,CO2,Energy,Demand,Residential and Commercial,Residential and Commercial,Demand,Energy,,
Final Energy|Residential and Commercial|Commercial|Ofice equipment,Final Energy,Residential and Commercial,Commercial,Ofice equipment,,Commercial,Ofice equipment,,,
Final Energy|Residential and Commercial|Space Heating,Final Energy,,Space Heating,,,Residential and Commercial,Space Heating,,,
Value Added|Industry|Water,Value Added,Industry,Water,,,Industry,Water,,,
Price|Final Energy|Residential and Commercial|Residential|Solids|Biomass,Price,Final Energy,Residential and Commercial,Residential,Solids,Residential and Commercial,Residential,Residential - Solids,Biomass-solid,
Concentration|CH4,Concentration,CH4,,,,,,,,
Employment|Agriculture,Employment,Agriculture,,,,Agriculture,,,,
Export|Agriculture,Export,Agriculture,,,,Agriculture,,,,
Import|Agriculture,Import,Agriculture,,,,Agriculture,,,,
Employment|Industry|Energy ,Employment,Industry,Energy ,,,Industry,Energy ,,,
Value Added|Industry|Manufacturing,Value Added,Industry,Manufacturing,,,Industry,Manufacturing,,,
Final Energy (excl. feedstocks)|Industry|Gases,Final Energy (excl. feedstocks),Industry,Gases,,,,,,,
Transport|Stock|Road|Freight,Transport,Stock,Road,Freight,,Transportation,Road,Freight,,
Transport|Stock|Road|Passenger|Bus,Transport,Stock,Road,Passenger,Bus,Transportation,Road,Passenger - Bus,,
Population|Female,Population,Female,,,,,,,,
Policy Cost|Default for CAV,Policy Cost,Default for CAV,,,,,,,,
Resource|Extraction|Gas,Resource,Extraction,Gas,,,,,,,
Employment|Industry|Energy,Employment,Industry,Energy,,,Industry,Energy,,,
Capacity|Hydrogen|Coal|w/o CCS,Capacity,Hydrogen,Coal,w/o CCS,,Power,Hydrogen,Hydrogen - Coal,,w/o CCS
Capacity|Hydrogen|Gas,Capacity,Hydrogen,Gas,,,Power,Hydrogen,Hydrogen - Gas,,
Cumulative Capacity|Hydrogen|Gas|w/o CCS,Cumulative Capacity,Hydrogen,Gas,w/o CCS,,Power,Hydrogen,Gas - w/o CCS,Gas,w/o CCS
Water Consumption|Electricity|Wet Tower,Water Consumption,Electricity,Wet Tower,,,Power,Wet Tower,Wet Tower,Wet Tower,
Water Withdrawal|Electricity|Once Through,Water Withdrawal,Electricity,Once Through,,,Power,Once Through,Once Through,Once Through,
Price|Final Energy|Residential and Commercial|Residential|Gases|Natural Gas,Price,Final Energy,Residential and Commercial,Residential,Gases,Residential and Commercial,Residential,Residential - Gases,,
Trade|Emissions Allowances|Value,Trade,Emissions Allowances,Value,,,,,,,
Emissions|N2O|AFOLU|Land,Emissions,N2O,AFOLU,Land,,,Land,AFOLU,,
Emissions|NOx|Energy|Demand|Residential and Commercial|Commercial,Emissions,NOx,Energy,Demand,Residential and Commercial,Residential and Commercial,Demand,Energy,,
Final Energy|Industry|Chemicals|Ammonia|Other,Final Energy,Industry,Chemicals,Ammonia,Other,Chemicals,Ammonia,Other,,
Final Energy|Industry|Chemicals|Liquids,Final Energy,Industry,Chemicals,Liquids,,Chemicals,Liquids,,,
Final Energy|Industry|Other|Electricity,Final Energy,Industry,Other,Electricity,,Industry,Electricity,,Electricity,
Final Energy|Industry|Other|Solids|Fossil,Final Energy,Industry,Other,Solids,Fossil,Industry,Solids,Fossil,,
Final Energy|Industry|Pulp and Paper|Liquids|Fossil,Final Energy,Industry,Pulp and Paper,Liquids,Fossil,Pulp and Paper,Liquids,Fossil,,
Final Energy|Industry|Pulp and Paper|Solids|Bioenergy,Final Energy,Industry,Pulp and Paper,Solids,Bioenergy,Pulp and Paper,Solids,Bioenergy,,
Final Energy|Industry|Pulp and Paper|Solids|Fossil,Final Energy,Industry,Pulp and Paper,Solids,Fossil,Pulp and Paper,Solids,Fossil,,
Final Energy|Industry|Steel|Electricity,Final Energy,Industry,Steel,Electricity,,Steel,Electricity,,Electricity,
Final Energy|Industry|Steel|Gases,Final Energy,Industry,Steel,Gases,,Steel,Gases,,,
Material recycling|Plastics,Material recycling,Plastics,,,,,,,,
Terrestrial biodiversity,Terrestrial biodiversity,,,,,,,,,
Carbon Utilization|CCS|Industry,Carbon Utilization,CCS,Industry,,,,Industry,Industry,,CCS
Emissions|BC|Waste,Emissions,BC,Waste,,,,,Waste,,
Fertilizer Use|Nitrogen|Biological Fixation,Fertilizer Use,Nitrogen,Biological Fixation,,,,,,,
Material footprint,Material footprint,,,,,,,,,
Population|Prevalence of obesity|Children,Population,Prevalence of obesity,Children,,,,,,,
Value Added|Industry|Manufacturing|Pulp and Paper,Value Added,Industry,Manufacturing,Pulp and Paper,,Industry,Manufacturing,Pulp and Paper,,
Final Energy|Industry|Liquids|Bioenergy,Final Energy,Industry,Liquids,Bioenergy,,Liquids,Bioenergy,,,
Final Energy|Transportation|Freight|Liquids|Fossil synfuel,Final Energy,Transportation,Freight,Liquids,Fossil synfuel,Transportation,Freight,Liquids - Fossil synfuel,,
Capacity|Transportation|Rail|Passenger,Capacity,Transportation,Rail,Passenger,,Transportation,Rail,Passenger,,
Discount rate|Energy Supply,Discount rate,Energy Supply,,,,Energy Supply,,,,
Transport|Stock|Road,Transport,Stock,Road,,,Transportation,Road,,,
Capacity|Gases|Biomass|w/o CCS,Capacity,Gases,Biomass,w/o CCS,,Power,Gases,,Biomass,w/o CCS
Capacity|Gases|Coal|w/o CCS,Capacity,Gases,Coal,w/o CCS,,Power,Gases,,Coal,w/o CCS
Primary Energy|Oil|Gases,Primary Energy,Oil,Gases,,,Oil,Oil,Oil - Gases,Gases,
Health|Consumption of alcohol,Health,Consumption of alcohol,,,,,,,,
Land Cover|Water Ecosystems|Wetlands|Peatlands|Rewetted,Land Cover,Water Ecosystems,Wetlands,Peatlands,Rewetted,,,,,
Capacity|Gases|Biomass,Capacity,Gases,Biomass,,,Power,Gases,,Biomass,
Cumulative Capacity|Gases|Coal,Cumulative Capacity,Gases,Coal,,,Power,Coal,Coal - Gases,Coal,
Efficiency|Hydrogen|Biomass|w/o CCS,Efficiency,Hydrogen,Biomass,w/o CCS,,Hydrogen,Biomass,Biomass - w/o CCS,Biomass,w/o CCS
Efficiency|Hydrogen|Gas|w/ CCS,Efficiency,Hydrogen,Gas,w/ CCS,,Hydrogen,Gas,Gas - w/ CCS,Gas,w/ CCS
Lifetime|Hydrogen|Biomass|w/o CCS,Lifetime,Hydrogen,Biomass,w/o CCS,,Hydrogen,Biomass,Biomass - w/o CCS,Biomass,w/o CCS
Lifetime|Liquids|Biomass|w/ CCS,Lifetime,Liquids,Biomass,w/ CCS,,Liquids,Biomass,Biomass - w/ CCS,Biomass,w/ CCS
OM Cost|Fixed|Hydrogen|Coal|w/o CCS,OM Cost,Fixed,Hydrogen,Coal,w/o CCS,Hydrogen,Coal,Coal - w/o CCS,,w/o CCS
Water Consumption|Extraction|Uranium,Water Consumption,Extraction,Uranium,,,Extraction,Uranium,Uranium,Uranium,
Water Consumption|Hydrogen|Biomass|w/ CCS,Water Consumption,Hydrogen,Biomass,w/ CCS,,Hydrogen,Biomass,Biomass - w/ CCS,Biomass,w/ CCS
Water Consumption|Liquids|Fossil,Water Consumption,Liquids,Fossil,,,Liquids,Fossil,Fossil,Fossil,
Water Consumption|Liquids|Fossil|w/ CCS,Water Consumption,Liquids,Fossil,w/ CCS,,Liquids,Fossil,Fossil - w/ CCS,Fossil,w/ CCS
Water Withdrawal|Hydrogen,Water Withdrawal,Hydrogen,,,,Hydrogen,,,,
Water Withdrawal|Hydrogen|Coal,Water Withdrawal,Hydrogen,Coal,,,Hydrogen,Coal,Coal,Coal,
Water Withdrawal|Hydrogen|Gas,Water Withdrawal,Hydrogen,Gas,,,Hydrogen,Gas,Gas,Gas,
Emissions|CO2|Energy|Demand|Industry|Chemicals|High value chemicals,Emissions,CO2,Energy,Demand,Industry,Industry,Demand,Energy,,
Emissions|CO2|Energy|Demand|Industry|Other,Emissions,CO2,Energy,Demand,Industry,Industry,Demand,Energy,,
Population|Sanitation Access,Population,Sanitation Access,,,,,,,,
Disability-Adjusted Life Year|PM2.5,Disability-Adjusted Life Year,PM2.5,,,,,,,,
Capacity|Electricity|Storage|Pumped Hydro Storage,Capacity,Electricity,Storage,Pumped Hydro Storage,,Power,Electricity,Pumped Hydro Storage,Storage,
Final Energy|Gas|Synthetic,Final Energy,Gas,Synthetic,,,Gas&Oil,Gas,Gas - Synthetic,Gas,
Final Energy|Residential and Commercial|Residential|Heating|Electric boilers,Final Energy,Residential and Commercial,Residential,Heating,Electric boilers,Residential,Heating,Electric boilers,,
Lifetime|Electricity|Storage|Pumped Hydro Storage,Lifetime,Electricity,Storage,Pumped Hydro Storage,,Power,Storage,Storage - Pumped Hydro Storage,Storage,
OM Cost|Gas|Synthetic,OM Cost,Gas,Synthetic,,,Gas&Oil,Gas,Gas - Synthetic,Gas,
Secondary Energy|Electricity|Solar|PV|Rooftop PV,Secondary Energy,Electricity,Solar,PV,Rooftop PV,Renewables,Solar,Solar - PV,,
Energy Service|Residential and Commercial|Commercial|Construction rate,Energy Service,Residential and Commercial,Commercial,Construction rate,,Residential and Commercial,Commercial,,,
Energy Service|Residential and Commercial|Commercial|Renovation rate,Energy Service,Residential and Commercial,Commercial,Renovation rate,,Residential and Commercial,Commercial,,,