scenario_provider,scenario,total_records,technology_count,technologies_included,records_with_gapfilling,records_without_gapfilling,gapfill_percentage,costs_gapfilled_count,costs_gapfilled_percentage,efficiency_lifetime_gapfilled_count,efficiency_lifetime_gapfilled_percentage,fuel_price_gapfilled_count,fuel_price_gapfilled_percentage,scenario_price_gapfilled_count,scenario_price_gapfilled_percentage,unique_gapfill_patterns,most_common_gapfill_pattern,technologies_with_positive_ebitda,total_technologies_in_scenario,technologies_with_positive_ebitda_percentage,unique_countries,year_range_start,year_range_end,scenario_type,scenario_geography
7see Mk5-20 GB,JPC to 0.8 of asymptote,84,7,"BiomassCap, CoalCap, GasCap, HydroCap, NuclearCap, WindCap - Offshore, WindCap - Onshore",84,0,100.0,84,100.0,84,100.0,36,42.86,84,100.0,4,"lifetime_years(global),capital_cost_usd_per_mw(global),om_cost_usd_per_mw_per_yr(global),scenario_price(global)",0,7,0.0,1,2025,2050,target,GBR
7see Mk5-20 GB,JPC to asymp. with high population projection,84,7,"BiomassCap, CoalCap, GasCap, HydroCap, NuclearCap, WindCap - Offshore, WindCap - Onshore",84,0,100.0,84,100.0,84,100.0,36,42.86,84,100.0,4,"lifetime_years(global),capital_cost_usd_per_mw(global),om_cost_usd_per_mw_per_yr(global),scenario_price(global)",0,7,0.0,1,2025,2050,target,GBR
7see Mk5-20 GB,JPC to asymp. with low population projection,84,7,"BiomassCap, CoalCap, GasCap, HydroCap, NuclearCap, WindCap - Offshore, WindCap - Onshore",84,0,100.0,84,100.0,84,100.0,36,42.86,84,100.0,4,"lifetime_years(global),capital_cost_usd_per_mw(global),om_cost_usd_per_mw_per_yr(global),scenario_price(global)",0,7,0.0,1,2025,2050,target,GBR
7see Mk5-20 GB,JPC to asymptote,84,7,"BiomassCap, CoalCap, GasCap, HydroCap, NuclearCap, WindCap - Offshore, WindCap - Onshore",84,0,100.0,84,100.0,84,100.0,36,42.86,84,100.0,4,"lifetime_years(global),capital_cost_usd_per_mw(global),om_cost_usd_per_mw_per_yr(global),scenario_price(global)",0,7,0.0,1,2025,2050,target,GBR
7see Mk5-30 GB,GB 5CB,84,7,"BiomassCap, CoalCap, GasCap, HydroCap, NuclearCap, WindCap - Offshore, WindCap - Onshore",84,0,100.0,84,100.0,84,100.0,36,42.86,84,100.0,4,"lifetime_years(global),capital_cost_usd_per_mw(global),om_cost_usd_per_mw_per_yr(global),scenario_price(global)",0,7,0.0,1,2025,2050,target,GBR
7see Mk5-30 GB,GB BAU1a,84,7,"BiomassCap, CoalCap, GasCap, HydroCap, NuclearCap, WindCap - Offshore, WindCap - Onshore",84,0,100.0,84,100.0,84,100.0,36,42.86,84,100.0,4,"lifetime_years(global),capital_cost_usd_per_mw(global),om_cost_usd_per_mw_per_yr(global),scenario_price(global)",0,7,0.0,1,2025,2050,target,GBR
7see Mk5-30 GB,GB FNNB,84,7,"BiomassCap, CoalCap, GasCap, HydroCap, NuclearCap, WindCap - Offshore, WindCap - Onshore",84,0,100.0,84,100.0,84,100.0,36,42.86,84,100.0,4,"lifetime_years(global),capital_cost_usd_per_mw(global),om_cost_usd_per_mw_per_yr(global),scenario_price(global)",0,7,0.0,1,2025,2050,target,GBR
7see Mk5-30 GB,GB FOfW,84,7,"BiomassCap, CoalCap, GasCap, HydroCap, NuclearCap, WindCap - Offshore, WindCap - Onshore",84,0,100.0,84,100.0,84,100.0,36,42.86,84,100.0,4,"lifetime_years(global),capital_cost_usd_per_mw(global),om_cost_usd_per_mw_per_yr(global),scenario_price(global)",0,7,0.0,1,2025,2050,target,GBR
7see Mk6-10 GB,WAM-fast,84,7,"BiomassCap, CoalCap, GasCap, HydroCap, NuclearCap, WindCap - Offshore, WindCap - Onshore",84,0,100.0,84,100.0,84,100.0,36,42.86,84,100.0,4,"lifetime_years(global),capital_cost_usd_per_mw(global),om_cost_usd_per_mw_per_yr(global),scenario_price(global)",0,7,0.0,1,2025,2050,target,GBR
7see Mk6-10 GB,WAM-slow,84,7,"BiomassCap, CoalCap, GasCap, HydroCap, NuclearCap, WindCap - Offshore, WindCap - Onshore",84,0,100.0,84,100.0,84,100.0,36,42.86,84,100.0,4,"lifetime_years(global),capital_cost_usd_per_mw(global),om_cost_usd_per_mw_per_yr(global),scenario_price(global)",0,7,0.0,1,2025,2050,target,GBR
7see Mk6-10 GB,WEM,84,7,"BiomassCap, CoalCap, GasCap, HydroCap, NuclearCap, WindCap - Offshore, WindCap - Onshore",84,0,100.0,84,100.0,84,100.0,36,42.86,84,100.0,4,"lifetime_years(global),capital_cost_usd_per_mw(global),om_cost_usd_per_mw_per_yr(global),scenario_price(global)",0,7,0.0,1,2025,2050,target,GBR
AIM/CGE 2.2,EN_INDCi2030_1000f,1692,16,"BiomassCap, BiomassCap - w/ CCS, BiomassCap - w/o CCS, CoalCap, CoalCap - w/ CCS, CoalCap - w/o CCS, GasCap, GasCap - w/ CCS, GasCap - w/o CCS, GeothermalCap, HydroCap, NuclearCap, OilCap, OilCap - w/ CCS, OilCap - w/o CCS, WindCap - Onshore",1692,0,100.0,1020,60.28,1692,100.0,1296,76.6,60,3.55,20,"efficiency_decimal,lifetime_years,capital_cost_usd_per_mw,om_cost_usd_per_mw_per_yr,fuel_price",16,16,100.0,209,2025,2050,target,BRA
AIM/CGE 2.2,EN_INDCi2030_1200,1692,16,"BiomassCap, BiomassCap - w/ CCS, BiomassCap - w/o CCS, CoalCap, CoalCap - w/ CCS, CoalCap - w/o CCS, GasCap, GasCap - w/ CCS, GasCap - w/o CCS, GeothermalCap, HydroCap, NuclearCap, OilCap, OilCap - w/ CCS, OilCap - w/o CCS, WindCap - Onshore",1692,0,100.0,1020,60.28,1692,100.0,1296,76.6,45,2.66,21,"efficiency_decimal,lifetime_years,capital_cost_usd_per_mw,om_cost_usd_per_mw_per_yr,fuel_price",16,16,100.0,209,2025,2050,target,BRA
AIM/CGE 2.2,EN_INDCi2030_1200f,1692,16,"BiomassCap, BiomassCap - w/ CCS, BiomassCap - w/o CCS, CoalCap, CoalCap - w/ CCS, CoalCap - w/o CCS, GasCap, GasCap - w/ CCS, GasCap - w/o CCS, GeothermalCap, HydroCap, NuclearCap, OilCap, OilCap - w/ CCS, OilCap - w/o CCS, WindCap - Onshore",1692,0,100.0,1020,60.28,1692,100.0,1296,76.6,45,2.66,21,"efficiency_decimal,lifetime_years,capital_cost_usd_per_mw,om_cost_usd_per_mw_per_yr,fuel_price",16,16,100.0,209,2025,2050,target,BRA
AIM/CGE 2.2,EN_INDCi2030_1400,1692,16,"BiomassCap, BiomassCap - w/ CCS, BiomassCap - w/o CCS, CoalCap, CoalCap - w/ CCS, CoalCap - w/o CCS, GasCap, GasCap - w/ CCS, GasCap - w/o CCS, GeothermalCap, HydroCap, NuclearCap, OilCap, OilCap - w/ CCS, OilCap - w/o CCS, WindCap - Onshore",1692,0,100.0,1020,60.28,1692,100.0,1296,76.6,15,0.89,21,"efficiency_decimal,lifetime_years,capital_cost_usd_per_mw,om_cost_usd_per_mw_per_yr,fuel_price",16,16,100.0,209,2025,2050,target,BRA
AIM/CGE 2.2,EN_INDCi2030_1400f,1692,16,"BiomassCap, BiomassCap - w/ CCS, BiomassCap - w/o CCS, CoalCap, CoalCap - w/ CCS, CoalCap - w/o CCS, GasCap, GasCap - w/ CCS, GasCap - w/o CCS, GeothermalCap, HydroCap, NuclearCap, OilCap, OilCap - w/ CCS, OilCap - w/o CCS, WindCap - Onshore",1692,0,100.0,1020,60.28,1692,100.0,1296,76.6,0,0.0,15,"efficiency_decimal,lifetime_years,capital_cost_usd_per_mw,om_cost_usd_per_mw_per_yr,fuel_price",16,16,100.0,209,2025,2050,target,BRA
AIM/CGE 2.2,EN_INDCi2030_1600,1692,16,"BiomassCap, BiomassCap - w/ CCS, BiomassCap - w/o CCS, CoalCap, CoalCap - w/ CCS, CoalCap - w/o CCS, GasCap, GasCap - w/ CCS, GasCap - w/o CCS, GeothermalCap, HydroCap, NuclearCap, OilCap, OilCap - w/ CCS, OilCap - w/o CCS, WindCap - Onshore",1692,0,100.0,1020,60.28,1692,100.0,1296,76.6,0,0.0,14,"efficiency_decimal,lifetime_years,capital_cost_usd_per_mw,om_cost_usd_per_mw_per_yr,fuel_price",16,16,100.0,209,2025,2050,target,BRA
AIM/CGE 2.2,EN_INDCi2030_1600f,1692,16,"BiomassCap, BiomassCap - w/ CCS, BiomassCap - w/o CCS, CoalCap, CoalCap - w/ CCS, CoalCap - w/o CCS, GasCap, GasCap - w/ CCS, GasCap - w/o CCS, GeothermalCap, HydroCap, NuclearCap, OilCap, OilCap - w/ CCS, OilCap - w/o CCS, WindCap - Onshore",1692,0,100.0,1020,60.28,1692,100.0,1296,76.6,0,0.0,14,"efficiency_decimal,lifetime_years,capital_cost_usd_per_mw,om_cost_usd_per_mw_per_yr,fuel_price",16,16,100.0,209,2025,2050,target,BRA
AIM/CGE 2.2,EN_INDCi2030_1800,1692,16,"BiomassCap, BiomassCap - w/ CCS, BiomassCap - w/o CCS, CoalCap, CoalCap - w/ CCS, CoalCap - w/o CCS, GasCap, GasCap - w/ CCS, GasCap - w/o CCS, GeothermalCap, HydroCap, NuclearCap, OilCap, OilCap - w/ CCS, OilCap - w/o CCS, WindCap - Onshore",1692,0,100.0,1020,60.28,1692,100.0,1296,76.6,0,0.0,14,"efficiency_decimal,lifetime_years,capital_cost_usd_per_mw,om_cost_usd_per_mw_per_yr,fuel_price",16,16,100.0,209,2025,2050,target,BRA
AIM/CGE 2.2,EN_INDCi2030_1800f,1692,16,"BiomassCap, BiomassCap - w/ CCS, BiomassCap - w/o CCS, CoalCap, CoalCap - w/ CCS, CoalCap - w/o CCS, GasCap, GasCap - w/ CCS, GasCap - w/o CCS, GeothermalCap, HydroCap, NuclearCap, OilCap, OilCap - w/ CCS, OilCap - w/o CCS, WindCap - Onshore",1692,0,100.0,1020,60.28,1692,100.0,1296,76.6,0,0.0,14,"efficiency_decimal,lifetime_years,capital_cost_usd_per_mw,om_cost_usd_per_mw_per_yr,fuel_price",16,16,100.0,209,2025,2050,target,BRA
AIM/CGE 2.2,EN_INDCi2030_800f,1692,16,"BiomassCap, BiomassCap - w/ CCS, BiomassCap - w/o CCS, CoalCap, CoalCap - w/ CCS, CoalCap - w/o CCS, GasCap, GasCap - w/ CCS, GasCap - w/o CCS, GeothermalCap, HydroCap, NuclearCap, OilCap, OilCap - w/ CCS, OilCap - w/o CCS, WindCap - Onshore",1692,0,100.0,1027,60.7,1692,100.0,1296,76.6,60,3.55,20,"efficiency_decimal,lifetime_years,capital_cost_usd_per_mw,om_cost_usd_per_mw_per_yr,fuel_price",16,16,100.0,209,2025,2050,target,BRA
AIM/CGE 2.2,EN_INDCi2030_900f,1692,16,"BiomassCap, BiomassCap - w/ CCS, BiomassCap - w/o CCS, CoalCap, CoalCap - w/ CCS, CoalCap - w/o CCS, GasCap, GasCap - w/ CCS, GasCap - w/o CCS, GeothermalCap, HydroCap, NuclearCap, OilCap, OilCap - w/ CCS, OilCap - w/o CCS, WindCap - Onshore",1692,0,100.0,1027,60.7,1692,100.0,1296,76.6,60,3.55,20,"efficiency_decimal,lifetime_years,capital_cost_usd_per_mw,om_cost_usd_per_mw_per_yr,fuel_price",16,16,100.0,209,2025,2050,target,BRA
AIM/CGE 2.2,EN_INDCi2100,1650,16,"BiomassCap, BiomassCap - w/ CCS, BiomassCap - w/o CCS, CoalCap, CoalCap - w/ CCS, CoalCap - w/o CCS, GasCap, GasCap - w/ CCS, GasCap - w/o CCS, GeothermalCap, HydroCap, NuclearCap, OilCap, OilCap - w/ CCS, OilCap - w/o CCS, WindCap - Onshore",1650,0,100.0,978,59.27,1650,100.0,1254,76.0,0,0.0,14,"efficiency_decimal,lifetime_years,capital_cost_usd_per_mw,om_cost_usd_per_mw_per_yr,fuel_price",16,16,100.0,209,2025,2050,target,BRA
AIM/CGE 2.2,EN_NPi2020_1000,1692,16,"BiomassCap, BiomassCap - w/ CCS, BiomassCap - w/o CCS, CoalCap, CoalCap - w/ CCS, CoalCap - w/o CCS, GasCap, GasCap - w/ CCS, GasCap - w/o CCS, GeothermalCap, HydroCap, NuclearCap, OilCap, OilCap - w/ CCS, OilCap - w/o CCS, WindCap - Onshore",1692,0,100.0,1020,60.28,1692,100.0,1296,76.6,75,4.43,20,lifetime_years,16,16,100.0,209,2025,2050,target,BRA
AIM/CGE 2.2,EN_NPi2020_1000f,1692,16,"BiomassCap, BiomassCap - w/ CCS, BiomassCap - w/o CCS, CoalCap, CoalCap - w/ CCS, CoalCap - w/o CCS, GasCap, GasCap - w/ CCS, GasCap - w/o CCS, GeothermalCap, HydroCap, NuclearCap, OilCap, OilCap - w/ CCS, OilCap - w/o CCS, WindCap - Onshore",1692,0,100.0,1020,60.28,1692,100.0,1296,76.6,30,1.77,20,lifetime_years,16,16,100.0,209,2025,2050,target,BRA
AIM/CGE 2.2,EN_NPi2020_1200,1692,16,"BiomassCap, BiomassCap - w/ CCS, BiomassCap - w/o CCS, CoalCap, CoalCap - w/ CCS, CoalCap - w/o CCS, GasCap, GasCap - w/ CCS, GasCap - w/o CCS, GeothermalCap, HydroCap, NuclearCap, OilCap, OilCap - w/ CCS, OilCap - w/o CCS, WindCap - Onshore",1692,0,100.0,1020,60.28,1692,100.0,1296,76.6,30,1.77,20,lifetime_years,16,16,100.0,209,2025,2050,target,BRA
AIM/CGE 2.2,EN_NPi2020_1200f,1692,16,"BiomassCap, BiomassCap - w/ CCS, BiomassCap - w/o CCS, CoalCap, CoalCap - w/ CCS, CoalCap - w/o CCS, GasCap, GasCap - w/ CCS, GasCap - w/o CCS, GeothermalCap, HydroCap, NuclearCap, OilCap, OilCap - w/ CCS, OilCap - w/o CCS, WindCap - Onshore",1692,0,100.0,1020,60.28,1692,100.0,1296,76.6,0,0.0,14,"efficiency_decimal,lifetime_years,capital_cost_usd_per_mw,om_cost_usd_per_mw_per_yr,fuel_price",15,16,93.75,209,2025,2050,target,BRA
AIM/CGE 2.2,EN_NPi2020_1400,1692,16,"BiomassCap, BiomassCap - w/ CCS, BiomassCap - w/o CCS, CoalCap, CoalCap - w/ CCS, CoalCap - w/o CCS, GasCap, GasCap - w/ CCS, GasCap - w/o CCS, GeothermalCap, HydroCap, NuclearCap, OilCap, OilCap - w/ CCS, OilCap - w/o CCS, WindCap - Onshore",1692,0,100.0,1020,60.28,1692,100.0,1296,76.6,0,0.0,14,"efficiency_decimal,lifetime_years,capital_cost_usd_per_mw,om_cost_usd_per_mw_per_yr,fuel_price",15,16,93.75,209,2025,2050,target,BRA
AIM/CGE 2.2,EN_NPi2020_1400f,1692,16,"BiomassCap, BiomassCap - w/ CCS, BiomassCap - w/o CCS, CoalCap, CoalCap - w/ CCS, CoalCap - w/o CCS, GasCap, GasCap - w/ CCS, GasCap - w/o CCS, GeothermalCap, HydroCap, NuclearCap, OilCap, OilCap - w/ CCS, OilCap - w/o CCS, WindCap - Onshore",1692,0,100.0,1020,60.28,1692,100.0,1296,76.6,0,0.0,14,"efficiency_decimal,lifetime_years,capital_cost_usd_per_mw,om_cost_usd_per_mw_per_yr,fuel_price",15,16,93.75,209,2025,2050,target,BRA
AIM/CGE 2.2,EN_NPi2020_1600,1692,16,"BiomassCap, BiomassCap - w/ CCS, BiomassCap - w/o CCS, CoalCap, CoalCap - w/ CCS, CoalCap - w/o CCS, GasCap, GasCap - w/ CCS, GasCap - w/o CCS, GeothermalCap, HydroCap, NuclearCap, OilCap, OilCap - w/ CCS, OilCap - w/o CCS, WindCap - Onshore",1692,0,100.0,1020,60.28,1692,100.0,1296,76.6,0,0.0,14,"efficiency_decimal,lifetime_years,capital_cost_usd_per_mw,om_cost_usd_per_mw_per_yr,fuel_price",15,16,93.75,209,2025,2050,target,BRA
AIM/CGE 2.2,EN_NPi2020_1600f,1692,16,"BiomassCap, BiomassCap - w/ CCS, BiomassCap - w/o CCS, CoalCap, CoalCap - w/ CCS, CoalCap - w/o CCS, GasCap, GasCap - w/ CCS, GasCap - w/o CCS, GeothermalCap, HydroCap, NuclearCap, OilCap, OilCap - w/ CCS, OilCap - w/o CCS, WindCap - Onshore",1692,0,100.0,1020,60.28,1692,100.0,1296,76.6,0,0.0,14,"efficiency_decimal,lifetime_years,capital_cost_usd_per_mw,om_cost_usd_per_mw_per_yr,fuel_price",15,16,93.75,209,2025,2050,target,BRA
AIM/CGE 2.2,EN_NPi2020_1800,1692,16,"BiomassCap, BiomassCap - w/ CCS, BiomassCap - w/o CCS, CoalCap, CoalCap - w/ CCS, CoalCap - w/o CCS, GasCap, GasCap - w/ CCS, GasCap - w/o CCS, GeothermalCap, HydroCap, NuclearCap, OilCap, OilCap - w/ CCS, OilCap - w/o CCS, WindCap - Onshore",1692,0,100.0,1020,60.28,1692,100.0,1296,76.6,0,0.0,14,"efficiency_decimal,lifetime_years,capital_cost_usd_per_mw,om_cost_usd_per_mw_per_yr,fuel_price",15,16,93.75,209,2025,2050,target,BRA
AIM/CGE 2.2,EN_NPi2020_1800f,1692,16,"BiomassCap, BiomassCap - w/ CCS, BiomassCap - w/o CCS, CoalCap, CoalCap - w/ CCS, CoalCap - w/o CCS, GasCap, GasCap - w/ CCS, GasCap - w/o CCS, GeothermalCap, HydroCap, NuclearCap, OilCap, OilCap - w/ CCS, OilCap - w/o CCS, WindCap - Onshore",1692,0,100.0,1020,60.28,1692,100.0,1296,76.6,0,0.0,14,"efficiency_decimal,lifetime_years,capital_cost_usd_per_mw,om_cost_usd_per_mw_per_yr,fuel_price",15,16,93.75,209,2025,2050,target,BRA
AIM/CGE 2.2,EN_NPi2020_300f,1692,16,"BiomassCap, BiomassCap - w/ CCS, BiomassCap - w/o CCS, CoalCap, CoalCap - w/ CCS, CoalCap - w/o CCS, GasCap, GasCap - w/ CCS, GasCap - w/o CCS, GeothermalCap, HydroCap, NuclearCap, OilCap, OilCap - w/ CCS, OilCap - w/o CCS, WindCap - Onshore",1692,0,100.0,1063,62.83,1692,100.0,1296,76.6,167,9.87,21,"efficiency_decimal,lifetime_years,capital_cost_usd_per_mw,om_cost_usd_per_mw_per_yr,fuel_price",16,16,100.0,209,2025,2050,target,BRA
AIM/CGE 2.2,EN_NPi2020_400f,1692,16,"BiomassCap, BiomassCap - w/ CCS, BiomassCap - w/o CCS, CoalCap, CoalCap - w/ CCS, CoalCap - w/o CCS, GasCap, GasCap - w/ CCS, GasCap - w/o CCS, GeothermalCap, HydroCap, NuclearCap, OilCap, OilCap - w/ CCS, OilCap - w/o CCS, WindCap - Onshore",1692,0,100.0,1040,61.47,1692,100.0,1296,76.6,151,8.92,21,lifetime_years,16,16,100.0,209,2025,2050,target,BRA
AIM/CGE 2.2,EN_NPi2020_500f,1692,16,"BiomassCap, BiomassCap - w/ CCS, BiomassCap - w/o CCS, CoalCap, CoalCap - w/ CCS, CoalCap - w/o CCS, GasCap, GasCap - w/ CCS, GasCap - w/o CCS, GeothermalCap, HydroCap, NuclearCap, OilCap, OilCap - w/ CCS, OilCap - w/o CCS, WindCap - Onshore",1692,0,100.0,1035,61.17,1692,100.0,1296,76.6,135,7.98,20,lifetime_years,16,16,100.0,209,2025,2050,target,BRA
AIM/CGE 2.2,EN_NPi2020_600,1692,16,"BiomassCap, BiomassCap - w/ CCS, BiomassCap - w/o CCS, CoalCap, CoalCap - w/ CCS, CoalCap - w/o CCS, GasCap, GasCap - w/ CCS, GasCap - w/o CCS, GeothermalCap, HydroCap, NuclearCap, OilCap, OilCap - w/ CCS, OilCap - w/o CCS, WindCap - Onshore",1692,0,100.0,1074,63.48,1692,100.0,1296,76.6,213,12.59,21,"efficiency_decimal,lifetime_years,capital_cost_usd_per_mw,om_cost_usd_per_mw_per_yr,fuel_price",16,16,100.0,209,2025,2050,target,BRA
AIM/CGE 2.2,EN_NPi2020_600f,1692,16,"BiomassCap, BiomassCap - w/ CCS, BiomassCap - w/o CCS, CoalCap, CoalCap - w/ CCS, CoalCap - w/o CCS, GasCap, GasCap - w/ CCS, GasCap - w/o CCS, GeothermalCap, HydroCap, NuclearCap, OilCap, OilCap - w/ CCS, OilCap - w/o CCS, WindCap - Onshore",1692,0,100.0,1023,60.46,1692,100.0,1296,76.6,135,7.98,20,lifetime_years,16,16,100.0,209,2025,2050,target,BRA
AIM/CGE 2.2,EN_NPi2020_700,1692,16,"BiomassCap, BiomassCap - w/ CCS, BiomassCap - w/o CCS, CoalCap, CoalCap - w/ CCS, CoalCap - w/o CCS, GasCap, GasCap - w/ CCS, GasCap - w/o CCS, GeothermalCap, HydroCap, NuclearCap, OilCap, OilCap - w/ CCS, OilCap - w/o CCS, WindCap - Onshore",1692,0,100.0,1054,62.29,1692,100.0,1296,76.6,167,9.87,21,"efficiency_decimal,lifetime_years,capital_cost_usd_per_mw,om_cost_usd_per_mw_per_yr,fuel_price",16,16,100.0,209,2025,2050,target,BRA
AIM/CGE 2.2,EN_NPi2020_700f,1692,16,"BiomassCap, BiomassCap - w/ CCS, BiomassCap - w/o CCS, CoalCap, CoalCap - w/ CCS, CoalCap - w/o CCS, GasCap, GasCap - w/ CCS, GasCap - w/o CCS, GeothermalCap, HydroCap, NuclearCap, OilCap, OilCap - w/ CCS, OilCap - w/o CCS, WindCap - Onshore",1692,0,100.0,1020,60.28,1692,100.0,1296,76.6,105,6.21,20,lifetime_years,16,16,100.0,209,2025,2050,target,BRA
AIM/CGE 2.2,EN_NPi2020_800,1692,16,"BiomassCap, BiomassCap - w/ CCS, BiomassCap - w/o CCS, CoalCap, CoalCap - w/ CCS, CoalCap - w/o CCS, GasCap, GasCap - w/ CCS, GasCap - w/o CCS, GeothermalCap, HydroCap, NuclearCap, OilCap, OilCap - w/ CCS, OilCap - w/o CCS, WindCap - Onshore",1692,0,100.0,1038,61.35,1692,100.0,1296,76.6,151,8.92,21,lifetime_years,16,16,100.0,209,2025,2050,target,BRA
AIM/CGE 2.2,EN_NPi2020_800f,1692,16,"BiomassCap, BiomassCap - w/ CCS, BiomassCap - w/o CCS, CoalCap, CoalCap - w/ CCS, CoalCap - w/o CCS, GasCap, GasCap - w/ CCS, GasCap - w/o CCS, GeothermalCap, HydroCap, NuclearCap, OilCap, OilCap - w/ CCS, OilCap - w/o CCS, WindCap - Onshore",1692,0,100.0,1020,60.28,1692,100.0,1296,76.6,75,4.43,20,lifetime_years,16,16,100.0,209,2025,2050,target,BRA
AIM/CGE 2.2,EN_NPi2020_900,1692,16,"BiomassCap, BiomassCap - w/ CCS, BiomassCap - w/o CCS, CoalCap, CoalCap - w/ CCS, CoalCap - w/o CCS, GasCap, GasCap - w/ CCS, GasCap - w/o CCS, GeothermalCap, HydroCap, NuclearCap, OilCap, OilCap - w/ CCS, OilCap - w/o CCS, WindCap - Onshore",1692,0,100.0,1023,60.46,1692,100.0,1296,76.6,135,7.98,20,lifetime_years,16,16,100.0,209,2025,2050,target,BRA
AIM/CGE 2.2,EN_NPi2020_900f,1692,16,"BiomassCap, BiomassCap - w/ CCS, BiomassCap - w/o CCS, CoalCap, CoalCap - w/ CCS, CoalCap - w/o CCS, GasCap, GasCap - w/ CCS, GasCap - w/o CCS, GeothermalCap, HydroCap, NuclearCap, OilCap, OilCap - w/ CCS, OilCap - w/o CCS, WindCap - Onshore",1692,0,100.0,1020,60.28,1692,100.0,1296,76.6,60,3.55,20,lifetime_years,16,16,100.0,209,2025,2050,target,BRA
AIM/CGE 2.2,EN_NPi2100,1260,12,"BiomassCap, BiomassCap - w/o CCS, CoalCap, CoalCap - w/o CCS, GasCap, GasCap - w/o CCS, GeothermalCap, HydroCap, NuclearCap, OilCap, OilCap - w/o CCS, WindCap - Onshore",1260,0,100.0,588,46.67,1260,100.0,864,68.57,0,0.0,13,lifetime_years,12,12,100.0,209,2025,2050,target,BRA
AIM/CGE-Enduse-Japan 1.0,80NPi,192,16,"BiomassCap, BiomassCap - w/ CCS, BiomassCap - w/o CCS, CoalCap, CoalCap - w/ CCS, CoalCap - w/o CCS, GasCap, GasCap - w/ CCS, GasCap - w/o CCS, GeothermalCap, HydroCap, NuclearCap, OilCap, OilCap - w/ CCS, OilCap - w/o CCS, WindCap - Onshore",192,0,100.0,192,100.0,192,100.0,144,75.0,192,100.0,6,"efficiency_decimal,lifetime_years,capital_cost_usd_per_mw,om_cost_usd_per_mw_per_yr,fuel_price,scenario_price(global)",0,16,0.0,1,2025,2050,target,JPN
AIM/CGE-Enduse-Japan 1.0,BaU,144,12,"BiomassCap, BiomassCap - w/o CCS, CoalCap, CoalCap - w/o CCS, GasCap, GasCap - w/o CCS, GeothermalCap, HydroCap, NuclearCap, OilCap, OilCap - w/o CCS, WindCap - Onshore",144,0,100.0,144,100.0,144,100.0,96,66.67,144,100.0,6,"efficiency_decimal,lifetime_years,capital_cost_usd_per_mw,om_cost_usd_per_mw_per_yr,fuel_price,scenario_price(global)",0,12,0.0,1,2025,2050,target,JPN
AIM/CGE-Enduse-Japan 1.0,NoCCS_80NPi,144,12,"BiomassCap, BiomassCap - w/o CCS, CoalCap, CoalCap - w/o CCS, GasCap, GasCap - w/o CCS, GeothermalCap, HydroCap, NuclearCap, OilCap, OilCap - w/o CCS, WindCap - Onshore",144,0,100.0,144,100.0,144,100.0,96,66.67,144,100.0,6,"efficiency_decimal,lifetime_years,capital_cost_usd_per_mw,om_cost_usd_per_mw_per_yr,fuel_price,scenario_price(global)",0,12,0.0,1,2025,2050,target,JPN
AIM/CGE-Enduse-Japan 1.0,NoCCS_BaU,144,12,"BiomassCap, BiomassCap - w/o CCS, CoalCap, CoalCap - w/o CCS, GasCap, GasCap - w/o CCS, GeothermalCap, HydroCap, NuclearCap, OilCap, OilCap - w/o CCS, WindCap - Onshore",144,0,100.0,144,100.0,144,100.0,96,66.67,144,100.0,6,"efficiency_decimal,lifetime_years,capital_cost_usd_per_mw,om_cost_usd_per_mw_per_yr,fuel_price,scenario_price(global)",0,12,0.0,1,2025,2050,target,JPN
AIM/CGE-Enduse-Japan 1.0,NoNuc_80NPi,192,16,"BiomassCap, BiomassCap - w/ CCS, BiomassCap - w/o CCS, CoalCap, CoalCap - w/ CCS, CoalCap - w/o CCS, GasCap, GasCap - w/ CCS, GasCap - w/o CCS, GeothermalCap, HydroCap, NuclearCap, OilCap, OilCap - w/ CCS, OilCap - w/o CCS, WindCap - Onshore",192,0,100.0,192,100.0,192,100.0,144,75.0,192,100.0,6,"efficiency_decimal,lifetime_years,capital_cost_usd_per_mw,om_cost_usd_per_mw_per_yr,fuel_price,scenario_price(global)",0,16,0.0,1,2025,2050,target,JPN
AIM/CGE-Enduse-Japan 1.0,NoNuc_BaU,144,12,"BiomassCap, BiomassCap - w/o CCS, CoalCap, CoalCap - w/o CCS, GasCap, GasCap - w/o CCS, GeothermalCap, HydroCap, NuclearCap, OilCap, OilCap - w/o CCS, WindCap - Onshore",144,0,100.0,144,100.0,144,100.0,96,66.67,144,100.0,6,"efficiency_decimal,lifetime_years,capital_cost_usd_per_mw,om_cost_usd_per_mw_per_yr,fuel_price,scenario_price(global)",0,12,0.0,1,2025,2050,target,JPN
AIM/CGE-Korea 2.1,CO_2Deg2020,192,16,"BiomassCap, BiomassCap - w/ CCS, BiomassCap - w/o CCS, CoalCap, CoalCap - w/ CCS, CoalCap - w/o CCS, GasCap, GasCap - w/ CCS, GasCap - w/o CCS, GeothermalCap, HydroCap, NuclearCap, OilCap, OilCap - w/ CCS, OilCap - w/o CCS, WindCap - Onshore",192,0,100.0,88,45.83,192,100.0,144,75.0,64,33.33,10,"lifetime_years,fuel_price",15,16,93.75,1,2025,2050,target,KOR
AIM/CGE-Korea 2.1,CO_2Deg2030,192,16,"BiomassCap, BiomassCap - w/ CCS, BiomassCap - w/o CCS, CoalCap, CoalCap - w/ CCS, CoalCap - w/o CCS, GasCap, GasCap - w/ CCS, GasCap - w/o CCS, GeothermalCap, HydroCap, NuclearCap, OilCap, OilCap - w/ CCS, OilCap - w/o CCS, WindCap - Onshore",192,0,100.0,88,45.83,192,100.0,144,75.0,64,33.33,10,"lifetime_years,fuel_price",15,16,93.75,1,2025,2050,target,KOR
AIM/CGE-Korea 2.1,CO_BAU,144,12,"BiomassCap, BiomassCap - w/o CCS, CoalCap, CoalCap - w/o CCS, GasCap, GasCap - w/o CCS, GeothermalCap, HydroCap, NuclearCap, OilCap, OilCap - w/o CCS, WindCap - Onshore",144,0,100.0,72,50.0,144,100.0,96,66.67,0,0.0,5,"efficiency_decimal,lifetime_years,capital_cost_usd_per_mw,om_cost_usd_per_mw_per_yr,fuel_price",11,12,91.67,1,2025,2050,target,KOR
AIM/CGE-Korea 2.1,CO_Bridge,192,16,"BiomassCap, BiomassCap - w/ CCS, BiomassCap - w/o CCS, CoalCap, CoalCap - w/ CCS, CoalCap - w/o CCS, GasCap, GasCap - w/ CCS, GasCap - w/o CCS, GeothermalCap, HydroCap, NuclearCap, OilCap, OilCap - w/ CCS, OilCap - w/o CCS, WindCap - Onshore",192,0,100.0,96,50.0,192,100.0,144,75.0,0,0.0,5,"lifetime_years,fuel_price",15,16,93.75,1,2025,2050,target,KOR
AIM/CGE-Korea 2.1,CO_CurPol,144,12,"BiomassCap, BiomassCap - w/o CCS, CoalCap, CoalCap - w/o CCS, GasCap, GasCap - w/o CCS, GeothermalCap, HydroCap, NuclearCap, OilCap, OilCap - w/o CCS, WindCap - Onshore",144,0,100.0,72,50.0,144,100.0,96,66.67,0,0.0,5,"efficiency_decimal,lifetime_years,capital_cost_usd_per_mw,om_cost_usd_per_mw_per_yr,fuel_price",11,12,91.67,1,2025,2050,target,KOR
AIM/CGE-Korea 2.1,CO_GPP,192,16,"BiomassCap, BiomassCap - w/ CCS, BiomassCap - w/o CCS, CoalCap, CoalCap - w/ CCS, CoalCap - w/o CCS, GasCap, GasCap - w/ CCS, GasCap - w/o CCS, GeothermalCap, HydroCap, NuclearCap, OilCap, OilCap - w/ CCS, OilCap - w/o CCS, WindCap - Onshore",192,0,100.0,102,53.12,192,100.0,144,75.0,0,0.0,5,"efficiency_decimal,lifetime_years,capital_cost_usd_per_mw,om_cost_usd_per_mw_per_yr,fuel_price",15,16,93.75,1,2025,2050,target,KOR
AIM/CGE-Korea 2.1,CO_LowCarbon,186,16,"BiomassCap, BiomassCap - w/ CCS, BiomassCap - w/o CCS, CoalCap, CoalCap - w/ CCS, CoalCap - w/o CCS, GasCap, GasCap - w/ CCS, GasCap - w/o CCS, GeothermalCap, HydroCap, NuclearCap, OilCap, OilCap - w/ CCS, OilCap - w/o CCS, WindCap - Onshore",186,0,100.0,186,100.0,186,100.0,144,77.42,0,0.0,3,"efficiency_decimal,lifetime_years,capital_cost_usd_per_mw,om_cost_usd_per_mw_per_yr,fuel_price",15,16,93.75,1,2025,2050,target,KOR
AIM/CGE-Korea 2.1,CO_NDCMCS,192,16,"BiomassCap, BiomassCap - w/ CCS, BiomassCap - w/o CCS, CoalCap, CoalCap - w/ CCS, CoalCap - w/o CCS, GasCap, GasCap - w/ CCS, GasCap - w/o CCS, GeothermalCap, HydroCap, NuclearCap, OilCap, OilCap - w/ CCS, OilCap - w/o CCS, WindCap - Onshore",192,0,100.0,88,45.83,192,100.0,144,75.0,0,0.0,5,"lifetime_years,fuel_price",15,16,93.75,1,2025,2050,target,KOR
AIM/Enduse India 3.1,CD-LINKS_INDC,102,9,"BiomassCap, CoalCap, CoalCap - w/o CCS, GasCap, GasCap - w/o CCS, GeothermalCap, HydroCap, NuclearCap, OilCap",102,0,100.0,102,100.0,102,100.0,72,70.59,102,100.0,6,"efficiency_decimal,lifetime_years,capital_cost_usd_per_mw,om_cost_usd_per_mw_per_yr,fuel_price,scenario_price",0,9,0.0,1,2025,2050,target,IND
AIM/Enduse India 3.1,CD-LINKS_INDC2030_high,102,9,"BiomassCap, CoalCap, CoalCap - w/o CCS, GasCap, GasCap - w/o CCS, GeothermalCap, HydroCap, NuclearCap, OilCap",102,0,100.0,102,100.0,102,100.0,72,70.59,102,100.0,6,"efficiency_decimal,lifetime_years,capital_cost_usd_per_mw,om_cost_usd_per_mw_per_yr,fuel_price,scenario_price",0,9,0.0,1,2025,2050,target,IND
AIM/Enduse India 3.1,CD-LINKS_INDC2030_low,102,9,"BiomassCap, CoalCap, CoalCap - w/o CCS, GasCap, GasCap - w/o CCS, GeothermalCap, HydroCap, NuclearCap, OilCap",102,0,100.0,102,100.0,102,100.0,72,70.59,102,100.0,6,"efficiency_decimal,lifetime_years,capital_cost_usd_per_mw,om_cost_usd_per_mw_per_yr,fuel_price,scenario_price",0,9,0.0,1,2025,2050,target,IND
AIM/Enduse India 3.1,CD-LINKS_NPi,78,7,"BiomassCap, CoalCap - w/o CCS, GasCap - w/o CCS, GeothermalCap, HydroCap, NuclearCap, OilCap",78,0,100.0,78,100.0,78,100.0,48,61.54,78,100.0,6,"efficiency_decimal,lifetime_years,capital_cost_usd_per_mw,om_cost_usd_per_mw_per_yr,fuel_price,scenario_price",0,7,0.0,1,2025,2050,target,IND
AIM/Enduse India 3.1,CD-LINKS_NPi2020_high,102,9,"BiomassCap, CoalCap, CoalCap - w/o CCS, GasCap, GasCap - w/o CCS, GeothermalCap, HydroCap, NuclearCap, OilCap",102,0,100.0,102,100.0,102,100.0,72,70.59,102,100.0,6,"efficiency_decimal,lifetime_years,capital_cost_usd_per_mw,om_cost_usd_per_mw_per_yr,fuel_price,scenario_price",0,9,0.0,1,2025,2050,target,IND
AIM/Enduse India 3.1,CD-LINKS_NPi2020_low,102,9,"BiomassCap, CoalCap, CoalCap - w/o CCS, GasCap, GasCap - w/o CCS, GeothermalCap, HydroCap, NuclearCap, OilCap",102,0,100.0,102,100.0,102,100.0,72,70.59,102,100.0,6,"efficiency_decimal,lifetime_years,capital_cost_usd_per_mw,om_cost_usd_per_mw_per_yr,fuel_price,scenario_price",0,9,0.0,1,2025,2050,target,IND
AIM/Enduse India 3.1,CD-LINKS_NPi2020_verylow,102,9,"BiomassCap, CoalCap, CoalCap - w/o CCS, GasCap, GasCap - w/o CCS, GeothermalCap, HydroCap, NuclearCap, OilCap",102,0,100.0,102,100.0,102,100.0,72,70.59,102,100.0,6,"efficiency_decimal,lifetime_years,capital_cost_usd_per_mw,om_cost_usd_per_mw_per_yr,fuel_price,scenario_price",0,9,0.0,1,2025,2050,target,IND
AIM/Enduse-India 3.2,EN_NP_2025_-402050,96,8,"BiomassCap, CoalCap, CoalCap - w/o CCS, GasCap, GasCap - w/o CCS, HydroCap, NuclearCap, OilCap",96,0,100.0,96,100.0,96,100.0,72,75.0,96,100.0,6,"efficiency_decimal,lifetime_years,capital_cost_usd_per_mw,om_cost_usd_per_mw_per_yr,fuel_price,scenario_price",4,8,50.0,1,2025,2050,target,IND
AIM/Enduse-India 3.2,EN_NP_2025_-502050,96,8,"BiomassCap, CoalCap, CoalCap - w/o CCS, GasCap, GasCap - w/o CCS, HydroCap, NuclearCap, OilCap",96,0,100.0,96,100.0,96,100.0,72,75.0,96,100.0,6,"efficiency_decimal,lifetime_years,capital_cost_usd_per_mw,om_cost_usd_per_mw_per_yr,fuel_price,scenario_price",4,8,50.0,1,2025,2050,target,IND
AIM/Enduse-India 3.2,EN_NP_2025_-702050,96,8,"BiomassCap, CoalCap, CoalCap - w/o CCS, GasCap, GasCap - w/o CCS, HydroCap, NuclearCap, OilCap",96,0,100.0,96,100.0,96,100.0,72,75.0,96,100.0,6,"efficiency_decimal,lifetime_years,capital_cost_usd_per_mw,om_cost_usd_per_mw_per_yr,fuel_price,scenario_price",4,8,50.0,1,2025,2050,target,IND
AIM/Enduse-India 3.2,EN_NP_BL,72,6,"BiomassCap, CoalCap - w/o CCS, GasCap - w/o CCS, HydroCap, NuclearCap, OilCap",72,0,100.0,72,100.0,72,100.0,48,66.67,72,100.0,6,"efficiency_decimal,lifetime_years,capital_cost_usd_per_mw,om_cost_usd_per_mw_per_yr,fuel_price,scenario_price",4,6,66.67,1,2025,2050,target,IND
AIM/Enduse-India 3.2,EN_NP_CurPol,96,8,"BiomassCap, CoalCap, CoalCap - w/o CCS, GasCap, GasCap - w/o CCS, HydroCap, NuclearCap, OilCap",96,0,100.0,96,100.0,96,100.0,72,75.0,96,100.0,6,"efficiency_decimal,lifetime_years,capital_cost_usd_per_mw,om_cost_usd_per_mw_per_yr,fuel_price,scenario_price",4,8,50.0,1,2025,2050,target,IND
AIM/Enduse-India 3.2,EN_NP_UNDC,96,8,"BiomassCap, CoalCap, CoalCap - w/o CCS, GasCap, GasCap - w/o CCS, HydroCap, NuclearCap, OilCap",96,0,100.0,96,100.0,96,100.0,72,75.0,96,100.0,6,"efficiency_decimal,lifetime_years,capital_cost_usd_per_mw,om_cost_usd_per_mw_per_yr,fuel_price,scenario_price",4,8,50.0,1,2025,2050,target,IND
AIM/Enduse-Japan 2.1,BaU_H,120,10,"CoalCap, CoalCap - w/o CCS, GasCap, GasCap - w/o CCS, GeothermalCap, HydroCap, NuclearCap, OilCap, OilCap - w/o CCS, WindCap - Onshore",120,0,100.0,120,100.0,120,100.0,72,60.0,120,100.0,6,"efficiency_decimal,lifetime_years,capital_cost_usd_per_mw,om_cost_usd_per_mw_per_yr,fuel_price,scenario_price(global)",0,10,0.0,1,2025,2050,target,JPN
AIM/Enduse-Japan 2.1,BaU_L,120,10,"CoalCap, CoalCap - w/o CCS, GasCap, GasCap - w/o CCS, GeothermalCap, HydroCap, NuclearCap, OilCap, OilCap - w/o CCS, WindCap - Onshore",120,0,100.0,120,100.0,120,100.0,72,60.0,120,100.0,6,"efficiency_decimal,lifetime_years,capital_cost_usd_per_mw,om_cost_usd_per_mw_per_yr,fuel_price,scenario_price(global)",0,10,0.0,1,2025,2050,target,JPN
AIM/Enduse-Japan 2.1,CDLINKS-NDC,204,17,"BiomassCap, BiomassCap - w/ CCS, BiomassCap - w/o CCS, CoalCap, CoalCap - w/ CCS, CoalCap - w/o CCS, GasCap, GasCap - w/ CCS, GasCap - w/o CCS, GeothermalCap, HydroCap, NuclearCap, OilCap, OilCap - w/ CCS, OilCap - w/o CCS, WindCap - Offshore, WindCap - Onshore",204,0,100.0,204,100.0,144,70.59,144,70.59,204,100.0,8,"efficiency_decimal,capital_cost_usd_per_mw,om_cost_usd_per_mw_per_yr,fuel_price,scenario_price(global)",10,17,58.82,1,2025,2050,target,JPN
AIM/Enduse-Japan 2.1,CDLINKS-NDC1000,204,17,"BiomassCap, BiomassCap - w/ CCS, BiomassCap - w/o CCS, CoalCap, CoalCap - w/ CCS, CoalCap - w/o CCS, GasCap, GasCap - w/ CCS, GasCap - w/o CCS, GeothermalCap, HydroCap, NuclearCap, OilCap, OilCap - w/ CCS, OilCap - w/o CCS, WindCap - Offshore, WindCap - Onshore",204,0,100.0,204,100.0,144,70.59,144,70.59,204,100.0,8,"efficiency_decimal,capital_cost_usd_per_mw,om_cost_usd_per_mw_per_yr,fuel_price,scenario_price(global)",14,17,82.35,1,2025,2050,target,JPN
AIM/Enduse-Japan 2.1,CDLINKS-NDC1600,204,17,"BiomassCap, BiomassCap - w/ CCS, BiomassCap - w/o CCS, CoalCap, CoalCap - w/ CCS, CoalCap - w/o CCS, GasCap, GasCap - w/ CCS, GasCap - w/o CCS, GeothermalCap, HydroCap, NuclearCap, OilCap, OilCap - w/ CCS, OilCap - w/o CCS, WindCap - Offshore, WindCap - Onshore",204,0,100.0,204,100.0,144,70.59,144,70.59,204,100.0,8,"efficiency_decimal,capital_cost_usd_per_mw,om_cost_usd_per_mw_per_yr,fuel_price,scenario_price(global)",10,17,58.82,1,2025,2050,target,JPN
AIM/Enduse-Japan 2.1,CDLINKS-NPi,204,17,"BiomassCap, BiomassCap - w/ CCS, BiomassCap - w/o CCS, CoalCap, CoalCap - w/ CCS, CoalCap - w/o CCS, GasCap, GasCap - w/ CCS, GasCap - w/o CCS, GeothermalCap, HydroCap, NuclearCap, OilCap, OilCap - w/ CCS, OilCap - w/o CCS, WindCap - Offshore, WindCap - Onshore",204,0,100.0,204,100.0,144,70.59,144,70.59,204,100.0,8,"efficiency_decimal,capital_cost_usd_per_mw,om_cost_usd_per_mw_per_yr,fuel_price,scenario_price(global)",9,17,52.94,1,2025,2050,target,JPN
AIM/Enduse-Japan 2.1,CDLINKS-NPi1000,204,17,"BiomassCap, BiomassCap - w/ CCS, BiomassCap - w/o CCS, CoalCap, CoalCap - w/ CCS, CoalCap - w/o CCS, GasCap, GasCap - w/ CCS, GasCap - w/o CCS, GeothermalCap, HydroCap, NuclearCap, OilCap, OilCap - w/ CCS, OilCap - w/o CCS, WindCap - Offshore, WindCap - Onshore",204,0,100.0,204,100.0,144,70.59,144,70.59,204,100.0,8,"efficiency_decimal,capital_cost_usd_per_mw,om_cost_usd_per_mw_per_yr,fuel_price,scenario_price(global)",13,17,76.47,1,2025,2050,target,JPN
AIM/Enduse-Japan 2.1,CDLINKS-NPi1600,204,17,"BiomassCap, BiomassCap - w/ CCS, BiomassCap - w/o CCS, CoalCap, CoalCap - w/ CCS, CoalCap - w/o CCS, GasCap, GasCap - w/ CCS, GasCap - w/o CCS, GeothermalCap, HydroCap, NuclearCap, OilCap, OilCap - w/ CCS, OilCap - w/o CCS, WindCap - Offshore, WindCap - Onshore",204,0,100.0,204,100.0,144,70.59,144,70.59,204,100.0,8,"efficiency_decimal,capital_cost_usd_per_mw,om_cost_usd_per_mw_per_yr,fuel_price,scenario_price(global)",11,17,64.71,1,2025,2050,target,JPN
AIM/Enduse-Japan 2.1,CDLINKS-NoPOL,204,17,"BiomassCap, BiomassCap - w/ CCS, BiomassCap - w/o CCS, CoalCap, CoalCap - w/ CCS, CoalCap - w/o CCS, GasCap, GasCap - w/ CCS, GasCap - w/o CCS, GeothermalCap, HydroCap, NuclearCap, OilCap, OilCap - w/ CCS, OilCap - w/o CCS, WindCap - Offshore, WindCap - Onshore",204,0,100.0,204,100.0,144,70.59,144,70.59,204,100.0,8,"efficiency_decimal,capital_cost_usd_per_mw,om_cost_usd_per_mw_per_yr,fuel_price,scenario_price(global)",8,17,47.06,1,2025,2050,target,JPN
AIM/Enduse-Japan 2.1,CM_BaU,204,17,"BiomassCap, BiomassCap - w/ CCS, BiomassCap - w/o CCS, CoalCap, CoalCap - w/ CCS, CoalCap - w/o CCS, GasCap, GasCap - w/ CCS, GasCap - w/o CCS, GeothermalCap, HydroCap, NuclearCap, OilCap, OilCap - w/ CCS, OilCap - w/o CCS, WindCap - Offshore, WindCap - Onshore",204,0,100.0,204,100.0,204,100.0,144,70.59,204,100.0,7,"efficiency_decimal,lifetime_years,capital_cost_usd_per_mw,om_cost_usd_per_mw_per_yr,fuel_price,scenario_price(global)",0,17,0.0,1,2025,2050,target,JPN
AIM/Enduse-Japan 2.1,CM_NDC80,204,17,"BiomassCap, BiomassCap - w/ CCS, BiomassCap - w/o CCS, CoalCap, CoalCap - w/ CCS, CoalCap - w/o CCS, GasCap, GasCap - w/ CCS, GasCap - w/o CCS, GeothermalCap, HydroCap, NuclearCap, OilCap, OilCap - w/ CCS, OilCap - w/o CCS, WindCap - Offshore, WindCap - Onshore",204,0,100.0,204,100.0,204,100.0,144,70.59,204,100.0,7,"efficiency_decimal,lifetime_years,capital_cost_usd_per_mw,om_cost_usd_per_mw_per_yr,fuel_price,scenario_price(global)",0,17,0.0,1,2025,2050,target,JPN
AIM/Enduse-Japan 2.1,CM_NDCZero,204,17,"BiomassCap, BiomassCap - w/ CCS, BiomassCap - w/o CCS, CoalCap, CoalCap - w/ CCS, CoalCap - w/o CCS, GasCap, GasCap - w/ CCS, GasCap - w/o CCS, GeothermalCap, HydroCap, NuclearCap, OilCap, OilCap - w/ CCS, OilCap - w/o CCS, WindCap - Offshore, WindCap - Onshore",204,0,100.0,204,100.0,204,100.0,144,70.59,204,100.0,7,"efficiency_decimal,lifetime_years,capital_cost_usd_per_mw,om_cost_usd_per_mw_per_yr,fuel_price,scenario_price(global)",0,17,0.0,1,2025,2050,target,JPN
AIM/Enduse-Japan 2.1,CM_NPiZero,204,17,"BiomassCap, BiomassCap - w/ CCS, BiomassCap - w/o CCS, CoalCap, CoalCap - w/ CCS, CoalCap - w/o CCS, GasCap, GasCap - w/ CCS, GasCap - w/o CCS, GeothermalCap, HydroCap, NuclearCap, OilCap, OilCap - w/ CCS, OilCap - w/o CCS, WindCap - Offshore, WindCap - Onshore",204,0,100.0,204,100.0,204,100.0,144,70.59,204,100.0,7,"efficiency_decimal,lifetime_years,capital_cost_usd_per_mw,om_cost_usd_per_mw_per_yr,fuel_price,scenario_price(global)",0,17,0.0,1,2025,2050,target,JPN
AIM/Enduse-Japan 2.1,CO_2Deg2020,186,16,"BiomassCap, BiomassCap - w/ CCS, BiomassCap - w/o CCS, CoalCap, CoalCap - w/ CCS, CoalCap - w/o CCS, GasCap, GasCap - w/ CCS, GasCap - w/o CCS, GeothermalCap, HydroCap, NuclearCap, OilCap, OilCap - w/o CCS, WindCap - Offshore, WindCap - Onshore",186,0,100.0,66,35.48,78,41.94,126,67.74,186,100.0,11,"fuel_price,scenario_price(global)",11,16,68.75,1,2025,2050,target,JPN
AIM/Enduse-Japan 2.1,CO_2Deg2030,180,16,"BiomassCap, BiomassCap - w/ CCS, BiomassCap - w/o CCS, CoalCap, CoalCap - w/ CCS, CoalCap - w/o CCS, GasCap, GasCap - w/ CCS, GasCap - w/o CCS, GeothermalCap, HydroCap, NuclearCap, OilCap, OilCap - w/o CCS, WindCap - Offshore, WindCap - Onshore",180,0,100.0,66,36.67,78,43.33,126,70.0,180,100.0,11,"fuel_price,scenario_price(global)",10,16,62.5,1,2025,2050,target,JPN
AIM/Enduse-Japan 2.1,CO_BAU,174,16,"BiomassCap, BiomassCap - w/ CCS, BiomassCap - w/o CCS, CoalCap, CoalCap - w/ CCS, CoalCap - w/o CCS, GasCap, GasCap - w/ CCS, GasCap - w/o CCS, GeothermalCap, HydroCap, NuclearCap, OilCap, OilCap - w/o CCS, WindCap - Offshore, WindCap - Onshore",174,0,100.0,66,37.93,78,44.83,120,68.97,174,100.0,11,"fuel_price,scenario_price",8,16,50.0,1,2025,2050,target,JPN
AIM/Enduse-Japan 2.1,CO_Bridge,180,16,"BiomassCap, BiomassCap - w/ CCS, BiomassCap - w/o CCS, CoalCap, CoalCap - w/ CCS, CoalCap - w/o CCS, GasCap, GasCap - w/ CCS, GasCap - w/o CCS, GeothermalCap, HydroCap, NuclearCap, OilCap, OilCap - w/o CCS, WindCap - Offshore, WindCap - Onshore",180,0,100.0,66,36.67,78,43.33,120,66.67,180,100.0,11,"fuel_price,scenario_price",11,16,68.75,1,2025,2050,target,JPN
AIM/Enduse-Japan 2.1,CO_CurPol,168,16,"BiomassCap, BiomassCap - w/ CCS, BiomassCap - w/o CCS, CoalCap, CoalCap - w/ CCS, CoalCap - w/o CCS, GasCap, GasCap - w/ CCS, GasCap - w/o CCS, GeothermalCap, HydroCap, NuclearCap, OilCap, OilCap - w/o CCS, WindCap - Offshore, WindCap - Onshore",168,0,100.0,66,39.29,78,46.43,114,67.86,168,100.0,11,"fuel_price,scenario_price",8,16,50.0,1,2025,2050,target,JPN
AIM/Enduse-Japan 2.1,CO_GPP,180,16,"BiomassCap, BiomassCap - w/ CCS, BiomassCap - w/o CCS, CoalCap, CoalCap - w/ CCS, CoalCap - w/o CCS, GasCap, GasCap - w/ CCS, GasCap - w/o CCS, GeothermalCap, HydroCap, NuclearCap, OilCap, OilCap - w/o CCS, WindCap - Offshore, WindCap - Onshore",180,0,100.0,66,36.67,78,43.33,120,66.67,180,100.0,11,"fuel_price,scenario_price",11,16,68.75,1,2025,2050,target,JPN
AIM/Enduse-Japan 2.1,CO_LowCarbon,36,3,"BiomassCap, GeothermalCap, HydroCap",36,0,100.0,36,100.0,36,100.0,12,33.33,36,100.0,4,"lifetime_years,capital_cost_usd_per_mw,om_cost_usd_per_mw_per_yr,scenario_price(global)",0,3,0.0,1,2025,2050,target,JPN
AIM/Enduse-Japan 2.1,CO_NDC,36,3,"BiomassCap, GeothermalCap, HydroCap",36,0,100.0,36,100.0,36,100.0,12,33.33,36,100.0,4,"lifetime_years,capital_cost_usd_per_mw,om_cost_usd_per_mw_per_yr,scenario_price(global)",0,3,0.0,1,2025,2050,target,JPN
AIM/Enduse-Japan 2.1,CO_NDCMCS,186,16,"BiomassCap, BiomassCap - w/ CCS, BiomassCap - w/o CCS, CoalCap, CoalCap - w/ CCS, CoalCap - w/o CCS, GasCap, GasCap - w/ CCS, GasCap - w/o CCS, GeothermalCap, HydroCap, NuclearCap, OilCap, OilCap - w/o CCS, WindCap - Offshore, WindCap - Onshore",186,0,100.0,66,35.48,78,41.94,126,67.74,186,100.0,11,"fuel_price,scenario_price(global)",11,16,68.75,1,2025,2050,target,JPN
AIM/Enduse-Japan 2.1,CO_NDCplus,180,16,"BiomassCap, BiomassCap - w/ CCS, BiomassCap - w/o CCS, CoalCap, CoalCap - w/ CCS, CoalCap - w/o CCS, GasCap, GasCap - w/ CCS, GasCap - w/o CCS, GeothermalCap, HydroCap, NuclearCap, OilCap, OilCap - w/o CCS, WindCap - Offshore, WindCap - Onshore",180,0,100.0,66,36.67,78,43.33,126,70.0,180,100.0,11,"fuel_price,scenario_price(global)",10,16,62.5,1,2025,2050,target,JPN
AIM/Enduse-Japan 2.1,EMF35JMIP_16by30+80by50_Def,144,12,"BiomassCap, BiomassCap - w/ CCS, CoalCap, CoalCap - w/ CCS, CoalCap - w/o CCS, GasCap, GasCap - w/ CCS, GasCap - w/o CCS, GeothermalCap, HydroCap, NuclearCap, OilCap",144,0,100.0,144,100.0,144,100.0,108,75.0,144,100.0,6,"efficiency_decimal,lifetime_years,capital_cost_usd_per_mw,om_cost_usd_per_mw_per_yr,fuel_price,scenario_price(global)",0,12,0.0,1,2025,2050,target,JPN
AIM/Enduse-Japan 2.1,EMF35JMIP_26by30+70by50_Def,144,12,"BiomassCap, BiomassCap - w/ CCS, CoalCap, CoalCap - w/ CCS, CoalCap - w/o CCS, GasCap, GasCap - w/ CCS, GasCap - w/o CCS, GeothermalCap, HydroCap, NuclearCap, OilCap",144,0,100.0,144,100.0,144,100.0,108,75.0,144,100.0,6,"efficiency_decimal,lifetime_years,capital_cost_usd_per_mw,om_cost_usd_per_mw_per_yr,fuel_price,scenario_price(global)",0,12,0.0,1,2025,2050,target,JPN
AIM/Enduse-Japan 2.1,EMF35JMIP_26by30+80by50_Def,144,12,"BiomassCap, BiomassCap - w/ CCS, CoalCap, CoalCap - w/ CCS, CoalCap - w/o CCS, GasCap, GasCap - w/ CCS, GasCap - w/o CCS, GeothermalCap, HydroCap, NuclearCap, OilCap",144,0,100.0,144,100.0,144,100.0,108,75.0,144,100.0,6,"efficiency_decimal,lifetime_years,capital_cost_usd_per_mw,om_cost_usd_per_mw_per_yr,fuel_price,scenario_price(global)",0,12,0.0,1,2025,2050,target,JPN
AIM/Enduse-Japan 2.1,EMF35JMIP_26by30+80by50_HiImportCost,144,12,"BiomassCap, BiomassCap - w/ CCS, CoalCap, CoalCap - w/ CCS, CoalCap - w/o CCS, GasCap, GasCap - w/ CCS, GasCap - w/o CCS, GeothermalCap, HydroCap, NuclearCap, OilCap",144,0,100.0,144,100.0,144,100.0,108,75.0,144,100.0,6,"efficiency_decimal,lifetime_years,capital_cost_usd_per_mw,om_cost_usd_per_mw_per_yr,fuel_price,scenario_price(global)",0,12,0.0,1,2025,2050,target,JPN
AIM/Enduse-Japan 2.1,EMF35JMIP_26by30+80by50_HiVREcost,156,13,"BiomassCap, BiomassCap - w/ CCS, BiomassCap - w/o CCS, CoalCap, CoalCap - w/ CCS, CoalCap - w/o CCS, GasCap, GasCap - w/ CCS, GasCap - w/o CCS, GeothermalCap, HydroCap, NuclearCap, OilCap",156,0,100.0,156,100.0,156,100.0,120,76.92,156,100.0,6,"efficiency_decimal,lifetime_years,capital_cost_usd_per_mw,om_cost_usd_per_mw_per_yr,fuel_price,scenario_price(global)",0,13,0.0,1,2025,2050,target,JPN
AIM/Enduse-Japan 2.1,EMF35JMIP_26by30+80by50_HiVREpot,144,12,"BiomassCap, BiomassCap - w/ CCS, CoalCap, CoalCap - w/ CCS, CoalCap - w/o CCS, GasCap, GasCap - w/ CCS, GasCap - w/o CCS, GeothermalCap, HydroCap, NuclearCap, OilCap",144,0,100.0,144,100.0,144,100.0,108,75.0,144,100.0,6,"efficiency_decimal,lifetime_years,capital_cost_usd_per_mw,om_cost_usd_per_mw_per_yr,fuel_price,scenario_price(global)",0,12,0.0,1,2025,2050,target,JPN
AIM/Enduse-Japan 2.1,EMF35JMIP_26by30+80by50_HighInt,144,12,"BiomassCap, BiomassCap - w/ CCS, CoalCap, CoalCap - w/ CCS, CoalCap - w/o CCS, GasCap, GasCap - w/ CCS, GasCap - w/o CCS, GeothermalCap, HydroCap, NuclearCap, OilCap",144,0,100.0,144,100.0,144,100.0,108,75.0,144,100.0,6,"efficiency_decimal,lifetime_years,capital_cost_usd_per_mw,om_cost_usd_per_mw_per_yr,fuel_price,scenario_price(global)",0,12,0.0,1,2025,2050,target,JPN
AIM/Enduse-Japan 2.1,EMF35JMIP_26by30+80by50_LimNuc,144,12,"BiomassCap, BiomassCap - w/ CCS, CoalCap, CoalCap - w/ CCS, CoalCap - w/o CCS, GasCap, GasCap - w/ CCS, GasCap - w/o CCS, GeothermalCap, HydroCap, NuclearCap, OilCap",144,0,100.0,144,100.0,144,100.0,108,75.0,144,100.0,6,"efficiency_decimal,lifetime_years,capital_cost_usd_per_mw,om_cost_usd_per_mw_per_yr,fuel_price,scenario_price(global)",0,12,0.0,1,2025,2050,target,JPN
AIM/Enduse-Japan 2.1,EMF35JMIP_26by30+80by50_LoDem,144,12,"BiomassCap, BiomassCap - w/ CCS, CoalCap, CoalCap - w/ CCS, CoalCap - w/o CCS, GasCap, GasCap - w/ CCS, GasCap - w/o CCS, GeothermalCap, HydroCap, NuclearCap, OilCap",144,0,100.0,144,100.0,144,100.0,108,75.0,144,100.0,6,"efficiency_decimal,lifetime_years,capital_cost_usd_per_mw,om_cost_usd_per_mw_per_yr,fuel_price,scenario_price(global)",0,12,0.0,1,2025,2050,target,JPN
AIM/Enduse-Japan 2.1,EMF35JMIP_26by30+80by50_LoDemBld,144,12,"BiomassCap, BiomassCap - w/ CCS, CoalCap, CoalCap - w/ CCS, CoalCap - w/o CCS, GasCap, GasCap - w/ CCS, GasCap - w/o CCS, GeothermalCap, HydroCap, NuclearCap, OilCap",144,0,100.0,144,100.0,144,100.0,108,75.0,144,100.0,6,"efficiency_decimal,lifetime_years,capital_cost_usd_per_mw,om_cost_usd_per_mw_per_yr,fuel_price,scenario_price(global)",0,12,0.0,1,2025,2050,target,JPN
AIM/Enduse-Japan 2.1,EMF35JMIP_26by30+80by50_LoDemInd,144,12,"BiomassCap, BiomassCap - w/ CCS, CoalCap, CoalCap - w/ CCS, CoalCap - w/o CCS, GasCap, GasCap - w/ CCS, GasCap - w/o CCS, GeothermalCap, HydroCap, NuclearCap, OilCap",144,0,100.0,144,100.0,144,100.0,108,75.0,144,100.0,6,"efficiency_decimal,lifetime_years,capital_cost_usd_per_mw,om_cost_usd_per_mw_per_yr,fuel_price,scenario_price(global)",0,12,0.0,1,2025,2050,target,JPN
AIM/Enduse-Japan 2.1,EMF35JMIP_26by30+80by50_LoDemTra,144,12,"BiomassCap, BiomassCap - w/ CCS, CoalCap, CoalCap - w/ CCS, CoalCap - w/o CCS, GasCap, GasCap - w/ CCS, GasCap - w/o CCS, GeothermalCap, HydroCap, NuclearCap, OilCap",144,0,100.0,144,100.0,144,100.0,108,75.0,144,100.0,6,"efficiency_decimal,lifetime_years,capital_cost_usd_per_mw,om_cost_usd_per_mw_per_yr,fuel_price,scenario_price(global)",0,12,0.0,1,2025,2050,target,JPN
AIM/Enduse-Japan 2.1,EMF35JMIP_26by30+80by50_LoInt,144,12,"BiomassCap, BiomassCap - w/ CCS, CoalCap, CoalCap - w/ CCS, CoalCap - w/o CCS, GasCap, GasCap - w/ CCS, GasCap - w/o CCS, GeothermalCap, HydroCap, NuclearCap, OilCap",144,0,100.0,144,100.0,144,100.0,108,75.0,144,100.0,6,"efficiency_decimal,lifetime_years,capital_cost_usd_per_mw,om_cost_usd_per_mw_per_yr,fuel_price,scenario_price(global)",0,12,0.0,1,2025,2050,target,JPN
AIM/Enduse-Japan 2.1,EMF35JMIP_26by30+80by50_LoStorageCost,144,12,"BiomassCap, BiomassCap - w/ CCS, CoalCap, CoalCap - w/ CCS, CoalCap - w/o CCS, GasCap, GasCap - w/ CCS, GasCap - w/o CCS, GeothermalCap, HydroCap, NuclearCap, OilCap",144,0,100.0,144,100.0,144,100.0,108,75.0,144,100.0,6,"efficiency_decimal,lifetime_years,capital_cost_usd_per_mw,om_cost_usd_per_mw_per_yr,fuel_price,scenario_price(global)",0,12,0.0,1,2025,2050,target,JPN
AIM/Enduse-Japan 2.1,EMF35JMIP_26by30+80by50_LoVREcost,144,12,"BiomassCap, BiomassCap - w/ CCS, CoalCap, CoalCap - w/ CCS, CoalCap - w/o CCS, GasCap, GasCap - w/ CCS, GasCap - w/o CCS, GeothermalCap, HydroCap, NuclearCap, OilCap",144,0,100.0,144,100.0,144,100.0,108,75.0,144,100.0,6,"efficiency_decimal,lifetime_years,capital_cost_usd_per_mw,om_cost_usd_per_mw_per_yr,fuel_price,scenario_price(global)",0,12,0.0,1,2025,2050,target,JPN
AIM/Enduse-Japan 2.1,EMF35JMIP_26by30+80by50_LoVREpot,144,12,"BiomassCap, BiomassCap - w/ CCS, CoalCap, CoalCap - w/ CCS, CoalCap - w/o CCS, GasCap, GasCap - w/ CCS, GasCap - w/o CCS, GeothermalCap, HydroCap, NuclearCap, OilCap",144,0,100.0,144,100.0,144,100.0,108,75.0,144,100.0,6,"efficiency_decimal,lifetime_years,capital_cost_usd_per_mw,om_cost_usd_per_mw_per_yr,fuel_price,scenario_price(global)",0,12,0.0,1,2025,2050,target,JPN
AIM/Enduse-Japan 2.1,EMF35JMIP_26by30+80by50_NoCCS,120,10,"BiomassCap, BiomassCap - w/o CCS, CoalCap, CoalCap - w/o CCS, GasCap, GasCap - w/o CCS, GeothermalCap, HydroCap, NuclearCap, OilCap",120,0,100.0,120,100.0,120,100.0,84,70.0,120,100.0,6,"efficiency_decimal,lifetime_years,capital_cost_usd_per_mw,om_cost_usd_per_mw_per_yr,fuel_price,scenario_price(global)",0,10,0.0,1,2025,2050,target,JPN
AIM/Enduse-Japan 2.1,EMF35JMIP_26by30+80by50_NoNuc,144,12,"BiomassCap, BiomassCap - w/ CCS, CoalCap, CoalCap - w/ CCS, CoalCap - w/o CCS, GasCap, GasCap - w/ CCS, GasCap - w/o CCS, GeothermalCap, HydroCap, NuclearCap, OilCap",144,0,100.0,144,100.0,144,100.0,108,75.0,144,100.0,6,"efficiency_decimal,lifetime_years,capital_cost_usd_per_mw,om_cost_usd_per_mw_per_yr,fuel_price,scenario_price(global)",0,12,0.0,1,2025,2050,target,JPN
AIM/Enduse-Japan 2.1,EMF35JMIP_26by30+90by50_Def,144,12,"BiomassCap, BiomassCap - w/ CCS, CoalCap, CoalCap - w/ CCS, CoalCap - w/o CCS, GasCap, GasCap - w/ CCS, GasCap - w/o CCS, GeothermalCap, HydroCap, NuclearCap, OilCap",144,0,100.0,144,100.0,144,100.0,108,75.0,144,100.0,6,"efficiency_decimal,lifetime_years,capital_cost_usd_per_mw,om_cost_usd_per_mw_per_yr,fuel_price,scenario_price(global)",0,12,0.0,1,2025,2050,target,JPN
AIM/Enduse-Japan 2.1,EMF35JMIP_36by30+80by50_Def,144,12,"BiomassCap, BiomassCap - w/ CCS, CoalCap, CoalCap - w/ CCS, CoalCap - w/o CCS, GasCap, GasCap - w/ CCS, GasCap - w/o CCS, GeothermalCap, HydroCap, NuclearCap, OilCap",144,0,100.0,144,100.0,144,100.0,108,75.0,144,100.0,6,"efficiency_decimal,lifetime_years,capital_cost_usd_per_mw,om_cost_usd_per_mw_per_yr,fuel_price,scenario_price(global)",0,12,0.0,1,2025,2050,target,JPN
AIM/Enduse-Japan 2.1,EMF35JMIP_Baseline_Def,96,8,"CoalCap, CoalCap - w/o CCS, GasCap, GasCap - w/o CCS, GeothermalCap, HydroCap, NuclearCap, OilCap",96,0,100.0,96,100.0,96,100.0,60,62.5,96,100.0,6,"efficiency_decimal,lifetime_years,capital_cost_usd_per_mw,om_cost_usd_per_mw_per_yr,fuel_price,scenario_price(global)",0,8,0.0,1,2025,2050,target,JPN
AIM/Enduse-Japan 2.1,EMF35JMIP_Baseline_HiImportCost,96,8,"CoalCap, CoalCap - w/o CCS, GasCap, GasCap - w/o CCS, GeothermalCap, HydroCap, NuclearCap, OilCap",96,0,100.0,96,100.0,96,100.0,60,62.5,96,100.0,6,"efficiency_decimal,lifetime_years,capital_cost_usd_per_mw,om_cost_usd_per_mw_per_yr,fuel_price,scenario_price(global)",0,8,0.0,1,2025,2050,target,JPN
AIM/Enduse-Japan 2.1,EMF35JMIP_Baseline_HiVREcost,96,8,"CoalCap, CoalCap - w/o CCS, GasCap, GasCap - w/o CCS, GeothermalCap, HydroCap, NuclearCap, OilCap",96,0,100.0,96,100.0,96,100.0,60,62.5,96,100.0,6,"efficiency_decimal,lifetime_years,capital_cost_usd_per_mw,om_cost_usd_per_mw_per_yr,fuel_price,scenario_price(global)",0,8,0.0,1,2025,2050,target,JPN
AIM/Enduse-Japan 2.1,EMF35JMIP_Baseline_HiVREpot,96,8,"CoalCap, CoalCap - w/o CCS, GasCap, GasCap - w/o CCS, GeothermalCap, HydroCap, NuclearCap, OilCap",96,0,100.0,96,100.0,96,100.0,60,62.5,96,100.0,6,"efficiency_decimal,lifetime_years,capital_cost_usd_per_mw,om_cost_usd_per_mw_per_yr,fuel_price,scenario_price(global)",0,8,0.0,1,2025,2050,target,JPN
AIM/Enduse-Japan 2.1,EMF35JMIP_Baseline_HighInt,96,8,"CoalCap, CoalCap - w/o CCS, GasCap, GasCap - w/o CCS, GeothermalCap, HydroCap, NuclearCap, OilCap",96,0,100.0,96,100.0,96,100.0,60,62.5,96,100.0,6,"efficiency_decimal,lifetime_years,capital_cost_usd_per_mw,om_cost_usd_per_mw_per_yr,fuel_price,scenario_price(global)",0,8,0.0,1,2025,2050,target,JPN
AIM/Enduse-Japan 2.1,EMF35JMIP_Baseline_LimNuc,96,8,"CoalCap, CoalCap - w/o CCS, GasCap, GasCap - w/o CCS, GeothermalCap, HydroCap, NuclearCap, OilCap",96,0,100.0,96,100.0,96,100.0,60,62.5,96,100.0,6,"efficiency_decimal,lifetime_years,capital_cost_usd_per_mw,om_cost_usd_per_mw_per_yr,fuel_price,scenario_price(global)",0,8,0.0,1,2025,2050,target,JPN
AIM/Enduse-Japan 2.1,EMF35JMIP_Baseline_LoDem,96,8,"CoalCap, CoalCap - w/o CCS, GasCap, GasCap - w/o CCS, GeothermalCap, HydroCap, NuclearCap, OilCap",96,0,100.0,96,100.0,96,100.0,60,62.5,96,100.0,6,"efficiency_decimal,lifetime_years,capital_cost_usd_per_mw,om_cost_usd_per_mw_per_yr,fuel_price,scenario_price(global)",0,8,0.0,1,2025,2050,target,JPN
AIM/Enduse-Japan 2.1,EMF35JMIP_Baseline_LoDemBld,96,8,"CoalCap, CoalCap - w/o CCS, GasCap, GasCap - w/o CCS, GeothermalCap, HydroCap, NuclearCap, OilCap",96,0,100.0,96,100.0,96,100.0,60,62.5,96,100.0,6,"efficiency_decimal,lifetime_years,capital_cost_usd_per_mw,om_cost_usd_per_mw_per_yr,fuel_price,scenario_price(global)",0,8,0.0,1,2025,2050,target,JPN
AIM/Enduse-Japan 2.1,EMF35JMIP_Baseline_LoDemInd,96,8,"CoalCap, CoalCap - w/o CCS, GasCap, GasCap - w/o CCS, GeothermalCap, HydroCap, NuclearCap, OilCap",96,0,100.0,96,100.0,96,100.0,60,62.5,96,100.0,6,"efficiency_decimal,lifetime_years,capital_cost_usd_per_mw,om_cost_usd_per_mw_per_yr,fuel_price,scenario_price(global)",0,8,0.0,1,2025,2050,target,JPN
AIM/Enduse-Japan 2.1,EMF35JMIP_Baseline_LoDemTra,96,8,"CoalCap, CoalCap - w/o CCS, GasCap, GasCap - w/o CCS, GeothermalCap, HydroCap, NuclearCap, OilCap",96,0,100.0,96,100.0,96,100.0,60,62.5,96,100.0,6,"efficiency_decimal,lifetime_years,capital_cost_usd_per_mw,om_cost_usd_per_mw_per_yr,fuel_price,scenario_price(global)",0,8,0.0,1,2025,2050,target,JPN
AIM/Enduse-Japan 2.1,EMF35JMIP_Baseline_LoInt,96,8,"CoalCap, CoalCap - w/o CCS, GasCap, GasCap - w/o CCS, GeothermalCap, HydroCap, NuclearCap, OilCap",96,0,100.0,96,100.0,96,100.0,60,62.5,96,100.0,6,"efficiency_decimal,lifetime_years,capital_cost_usd_per_mw,om_cost_usd_per_mw_per_yr,fuel_price,scenario_price(global)",0,8,0.0,1,2025,2050,target,JPN
AIM/Enduse-Japan 2.1,EMF35JMIP_Baseline_LoStorageCost,96,8,"CoalCap, CoalCap - w/o CCS, GasCap, GasCap - w/o CCS, GeothermalCap, HydroCap, NuclearCap, OilCap",96,0,100.0,96,100.0,96,100.0,60,62.5,96,100.0,6,"efficiency_decimal,lifetime_years,capital_cost_usd_per_mw,om_cost_usd_per_mw_per_yr,fuel_price,scenario_price(global)",0,8,0.0,1,2025,2050,target,JPN
AIM/Enduse-Japan 2.1,EMF35JMIP_Baseline_LoVREcost,96,8,"CoalCap, CoalCap - w/o CCS, GasCap, GasCap - w/o CCS, GeothermalCap, HydroCap, NuclearCap, OilCap",96,0,100.0,96,100.0,96,100.0,60,62.5,96,100.0,6,"efficiency_decimal,lifetime_years,capital_cost_usd_per_mw,om_cost_usd_per_mw_per_yr,fuel_price,scenario_price(global)",0,8,0.0,1,2025,2050,target,JPN
AIM/Enduse-Japan 2.1,EMF35JMIP_Baseline_LoVREpot,96,8,"CoalCap, CoalCap - w/o CCS, GasCap, GasCap - w/o CCS, GeothermalCap, HydroCap, NuclearCap, OilCap",96,0,100.0,96,100.0,96,100.0,60,62.5,96,100.0,6,"efficiency_decimal,lifetime_years,capital_cost_usd_per_mw,om_cost_usd_per_mw_per_yr,fuel_price,scenario_price(global)",0,8,0.0,1,2025,2050,target,JPN
AIM/Enduse-Japan 2.1,EMF35JMIP_Baseline_NoCCS,96,8,"CoalCap, CoalCap - w/o CCS, GasCap, GasCap - w/o CCS, GeothermalCap, HydroCap, NuclearCap, OilCap",96,0,100.0,96,100.0,96,100.0,60,62.5,96,100.0,6,"efficiency_decimal,lifetime_years,capital_cost_usd_per_mw,om_cost_usd_per_mw_per_yr,fuel_price,scenario_price(global)",0,8,0.0,1,2025,2050,target,JPN
AIM/Enduse-Japan 2.1,EMF35JMIP_Baseline_NoNuc,96,8,"CoalCap, CoalCap - w/o CCS, GasCap, GasCap - w/o CCS, GeothermalCap, HydroCap, NuclearCap, OilCap",96,0,100.0,96,100.0,96,100.0,60,62.5,96,100.0,6,"efficiency_decimal,lifetime_years,capital_cost_usd_per_mw,om_cost_usd_per_mw_per_yr,fuel_price,scenario_price(global)",0,8,0.0,1,2025,2050,target,JPN
AIM/Enduse-Japan 2.1,EN_NP_2025_-1002050,168,15,"BiomassCap, BiomassCap - w/ CCS, BiomassCap - w/o CCS, CoalCap, CoalCap - w/o CCS, GasCap, GasCap - w/o CCS, GeothermalCap, HydroCap, Hydrogen, NuclearCap, OilCap, OilCap - w/o CCS, SolarCap - PV, WindCap - Onshore",136,32,80.95,78,46.43,78,46.43,108,64.29,78,46.43,12,"efficiency_decimal,lifetime_years,capital_cost_usd_per_mw,om_cost_usd_per_mw_per_yr,fuel_price",12,15,80.0,1,2025,2050,target,JPN
AIM/Enduse-Japan 2.1,EN_NP_2025_-502050,168,14,"BiomassCap, BiomassCap - w/o CCS, CoalCap, CoalCap - w/o CCS, GasCap, GasCap - w/o CCS, GeothermalCap, HydroCap, Hydrogen, NuclearCap, OilCap, OilCap - w/o CCS, SolarCap - PV, WindCap - Onshore",114,54,67.86,80,47.62,76,45.24,96,57.14,0,0.0,6,"efficiency_decimal,lifetime_years,capital_cost_usd_per_mw,om_cost_usd_per_mw_per_yr,fuel_price",9,14,64.29,1,2025,2050,target,JPN
AIM/Enduse-Japan 2.1,EN_NP_2025_-602050,164,14,"BiomassCap, BiomassCap - w/o CCS, CoalCap, CoalCap - w/o CCS, GasCap, GasCap - w/o CCS, GeothermalCap, HydroCap, Hydrogen, NuclearCap, OilCap, OilCap - w/o CCS, SolarCap - PV, WindCap - Onshore",120,44,73.17,80,48.78,74,45.12,96,58.54,24,14.63,16,"efficiency_decimal,lifetime_years,capital_cost_usd_per_mw,om_cost_usd_per_mw_per_yr,fuel_price",10,14,71.43,1,2025,2050,target,JPN
AIM/Enduse-Japan 2.1,EN_NP_2025_-702050,156,14,"BiomassCap, BiomassCap - w/o CCS, CoalCap, CoalCap - w/o CCS, GasCap, GasCap - w/o CCS, GeothermalCap, HydroCap, Hydrogen, NuclearCap, OilCap, OilCap - w/o CCS, SolarCap - PV, WindCap - Onshore",128,28,82.05,72,46.15,70,44.87,96,61.54,72,46.15,16,"efficiency_decimal,lifetime_years,capital_cost_usd_per_mw,om_cost_usd_per_mw_per_yr,fuel_price",10,14,71.43,1,2025,2050,target,JPN
AIM/Enduse-Japan 2.1,EN_NP_2025_-802050,152,14,"BiomassCap, BiomassCap - w/o CCS, CoalCap, CoalCap - w/o CCS, GasCap, GasCap - w/o CCS, GeothermalCap, HydroCap, Hydrogen, NuclearCap, OilCap, OilCap - w/o CCS, SolarCap - PV, WindCap - Onshore",132,20,86.84,66,43.42,66,43.42,96,63.16,96,63.16,12,scenario_price(global),10,14,71.43,1,2025,2050,target,JPN
AIM/Enduse-Japan 2.1,EN_NP_2025_-902050,168,15,"BiomassCap, BiomassCap - w/ CCS, BiomassCap - w/o CCS, CoalCap, CoalCap - w/o CCS, GasCap, GasCap - w/o CCS, GeothermalCap, HydroCap, Hydrogen, NuclearCap, OilCap, OilCap - w/o CCS, SolarCap - PV, WindCap - Onshore",136,32,80.95,78,46.43,78,46.43,108,64.29,78,46.43,12,"efficiency_decimal,lifetime_years,capital_cost_usd_per_mw,om_cost_usd_per_mw_per_yr,fuel_price",12,15,80.0,1,2025,2050,target,JPN
AIM/Enduse-Japan 2.1,EN_NP_BL,164,14,"BiomassCap, BiomassCap - w/o CCS, CoalCap, CoalCap - w/o CCS, GasCap, GasCap - w/o CCS, GeothermalCap, HydroCap, Hydrogen, NuclearCap, OilCap, OilCap - w/o CCS, SolarCap - PV, WindCap - Onshore",116,48,70.73,82,50.0,76,46.34,96,58.54,0,0.0,6,"efficiency_decimal,lifetime_years,capital_cost_usd_per_mw,om_cost_usd_per_mw_per_yr,fuel_price",9,14,64.29,1,2025,2050,target,JPN
AIM/Enduse-Japan 2.1,EN_NP_CurPol,168,14,"BiomassCap, BiomassCap - w/o CCS, CoalCap, CoalCap - w/o CCS, GasCap, GasCap - w/o CCS, GeothermalCap, HydroCap, Hydrogen, NuclearCap, OilCap, OilCap - w/o CCS, SolarCap - PV, WindCap - Onshore",104,64,61.9,70,41.67,64,38.1,96,57.14,0,0.0,6,"efficiency_decimal,lifetime_years,capital_cost_usd_per_mw,om_cost_usd_per_mw_per_yr,fuel_price",12,14,85.71,1,2025,2050,target,JPN
AIM/Enduse-Japan 2.1,EN_NP_UNDC,160,14,"BiomassCap, BiomassCap - w/o CCS, CoalCap, CoalCap - w/o CCS, GasCap, GasCap - w/o CCS, GeothermalCap, HydroCap, Hydrogen, NuclearCap, OilCap, OilCap - w/o CCS, SolarCap - PV, WindCap - Onshore",122,38,76.25,82,51.25,76,47.5,96,60.0,24,15.0,16,"efficiency_decimal,lifetime_years,capital_cost_usd_per_mw,om_cost_usd_per_mw_per_yr,fuel_price",9,14,64.29,1,2025,2050,target,JPN
AIM/Enduse-Japan 2.1,MCS_H,180,15,"BiomassCap, BiomassCap - w/ CCS, CoalCap, CoalCap - w/ CCS, CoalCap - w/o CCS, GasCap, GasCap - w/ CCS, GasCap - w/o CCS, GeothermalCap, HydroCap, NuclearCap, OilCap, OilCap - w/o CCS, WindCap - Offshore, WindCap - Onshore",180,0,100.0,180,100.0,180,100.0,120,66.67,180,100.0,7,"efficiency_decimal,lifetime_years,capital_cost_usd_per_mw,om_cost_usd_per_mw_per_yr,fuel_price,scenario_price(global)",0,15,0.0,1,2025,2050,target,JPN
AIM/Enduse-Japan 2.1,MCS_L,168,14,"BiomassCap, BiomassCap - w/ CCS, CoalCap, CoalCap - w/ CCS, CoalCap - w/o CCS, GasCap, GasCap - w/ CCS, GasCap - w/o CCS, GeothermalCap, HydroCap, NuclearCap, OilCap, OilCap - w/o CCS, WindCap - Onshore",168,0,100.0,168,100.0,168,100.0,120,71.43,168,100.0,6,"efficiency_decimal,lifetime_years,capital_cost_usd_per_mw,om_cost_usd_per_mw_per_yr,fuel_price,scenario_price(global)",0,14,0.0,1,2025,2050,target,JPN
AIM/Enduse-Japan 2.1,MCS_NoCCSNoNUC_H,156,13,"BiomassCap, BiomassCap - w/o CCS, CoalCap, CoalCap - w/o CCS, GasCap, GasCap - w/o CCS, GeothermalCap, HydroCap, NuclearCap, OilCap, OilCap - w/o CCS, WindCap - Offshore, WindCap - Onshore",156,0,100.0,156,100.0,156,100.0,96,61.54,156,100.0,7,"efficiency_decimal,lifetime_years,capital_cost_usd_per_mw,om_cost_usd_per_mw_per_yr,fuel_price,scenario_price(global)",0,13,0.0,1,2025,2050,target,JPN
AIM/Enduse-Japan 2.1,MCS_NoCCSNoNUC_L,156,13,"BiomassCap, BiomassCap - w/o CCS, CoalCap, CoalCap - w/o CCS, GasCap, GasCap - w/o CCS, GeothermalCap, HydroCap, NuclearCap, OilCap, OilCap - w/o CCS, WindCap - Offshore, WindCap - Onshore",156,0,100.0,156,100.0,156,100.0,96,61.54,156,100.0,7,"efficiency_decimal,lifetime_years,capital_cost_usd_per_mw,om_cost_usd_per_mw_per_yr,fuel_price,scenario_price(global)",0,13,0.0,1,2025,2050,target,JPN
AIM/Enduse-Japan 2.1,MCS_NoCCS_H,156,13,"BiomassCap, BiomassCap - w/o CCS, CoalCap, CoalCap - w/o CCS, GasCap, GasCap - w/o CCS, GeothermalCap, HydroCap, NuclearCap, OilCap, OilCap - w/o CCS, WindCap - Offshore, WindCap - Onshore",156,0,100.0,156,100.0,156,100.0,96,61.54,156,100.0,7,"efficiency_decimal,lifetime_years,capital_cost_usd_per_mw,om_cost_usd_per_mw_per_yr,fuel_price,scenario_price(global)",0,13,0.0,1,2025,2050,target,JPN
AIM/Enduse-Japan 2.1,MCS_NoCCS_L,156,13,"BiomassCap, BiomassCap - w/o CCS, CoalCap, CoalCap - w/o CCS, GasCap, GasCap - w/o CCS, GeothermalCap, HydroCap, NuclearCap, OilCap, OilCap - w/o CCS, WindCap - Offshore, WindCap - Onshore",156,0,100.0,156,100.0,156,100.0,96,61.54,156,100.0,7,"efficiency_decimal,lifetime_years,capital_cost_usd_per_mw,om_cost_usd_per_mw_per_yr,fuel_price,scenario_price(global)",0,13,0.0,1,2025,2050,target,JPN
AIM/Enduse-Japan 2.1,MCS_NoNUC_H,180,15,"BiomassCap, BiomassCap - w/ CCS, CoalCap, CoalCap - w/ CCS, CoalCap - w/o CCS, GasCap, GasCap - w/ CCS, GasCap - w/o CCS, GeothermalCap, HydroCap, NuclearCap, OilCap, OilCap - w/o CCS, WindCap - Offshore, WindCap - Onshore",180,0,100.0,180,100.0,180,100.0,120,66.67,180,100.0,7,"efficiency_decimal,lifetime_years,capital_cost_usd_per_mw,om_cost_usd_per_mw_per_yr,fuel_price,scenario_price(global)",0,15,0.0,1,2025,2050,target,JPN
AIM/Enduse-Japan 2.1,MCS_NoNUC_L,168,14,"BiomassCap, BiomassCap - w/ CCS, CoalCap, CoalCap - w/ CCS, CoalCap - w/o CCS, GasCap, GasCap - w/ CCS, GasCap - w/o CCS, GeothermalCap, HydroCap, NuclearCap, OilCap, OilCap - w/o CCS, WindCap - Onshore",168,0,100.0,168,100.0,168,100.0,120,71.43,168,100.0,6,"efficiency_decimal,lifetime_years,capital_cost_usd_per_mw,om_cost_usd_per_mw_per_yr,fuel_price,scenario_price(global)",0,14,0.0,1,2025,2050,target,JPN
AIM/Enduse-Japan 2.1,MILES_INDC80,204,17,"BiomassCap, BiomassCap - w/ CCS, BiomassCap - w/o CCS, CoalCap, CoalCap - w/ CCS, CoalCap - w/o CCS, GasCap, GasCap - w/ CCS, GasCap - w/o CCS, GeothermalCap, HydroCap, NuclearCap, OilCap, OilCap - w/ CCS, OilCap - w/o CCS, WindCap - Offshore, WindCap - Onshore",204,0,100.0,204,100.0,204,100.0,144,70.59,204,100.0,7,"efficiency_decimal,lifetime_years,capital_cost_usd_per_mw,om_cost_usd_per_mw_per_yr,fuel_price,scenario_price(global)",0,17,0.0,1,2025,2050,target,JPN
AIM/Enduse-Japan 2.1,MILES_baseline,204,17,"BiomassCap, BiomassCap - w/ CCS, BiomassCap - w/o CCS, CoalCap, CoalCap - w/ CCS, CoalCap - w/o CCS, GasCap, GasCap - w/ CCS, GasCap - w/o CCS, GeothermalCap, HydroCap, NuclearCap, OilCap, OilCap - w/ CCS, OilCap - w/o CCS, WindCap - Offshore, WindCap - Onshore",204,0,100.0,204,100.0,204,100.0,144,70.59,204,100.0,7,"efficiency_decimal,lifetime_years,capital_cost_usd_per_mw,om_cost_usd_per_mw_per_yr,fuel_price,scenario_price(global)",0,17,0.0,1,2025,2050,target,JPN
AIM/Enduse-Japan 2.1,NDC1000,204,17,"BiomassCap, BiomassCap - w/ CCS, BiomassCap - w/o CCS, CoalCap, CoalCap - w/ CCS, CoalCap - w/o CCS, GasCap, GasCap - w/ CCS, GasCap - w/o CCS, GeothermalCap, HydroCap, NuclearCap, OilCap, OilCap - w/ CCS, OilCap - w/o CCS, WindCap - Offshore, WindCap - Onshore",204,0,100.0,204,100.0,204,100.0,144,70.59,204,100.0,7,"efficiency_decimal,lifetime_years,capital_cost_usd_per_mw,om_cost_usd_per_mw_per_yr,fuel_price,scenario_price(global)",0,17,0.0,1,2025,2050,target,JPN
AIM/Enduse-Japan 2.1,NDC1600,204,17,"BiomassCap, BiomassCap - w/ CCS, BiomassCap - w/o CCS, CoalCap, CoalCap - w/ CCS, CoalCap - w/o CCS, GasCap, GasCap - w/ CCS, GasCap - w/o CCS, GeothermalCap, HydroCap, NuclearCap, OilCap, OilCap - w/ CCS, OilCap - w/o CCS, WindCap - Offshore, WindCap - Onshore",204,0,100.0,204,100.0,204,100.0,144,70.59,204,100.0,7,"efficiency_decimal,lifetime_years,capital_cost_usd_per_mw,om_cost_usd_per_mw_per_yr,fuel_price,scenario_price(global)",0,17,0.0,1,2025,2050,target,JPN
AIM/Enduse-Japan 2.1,NPi,204,17,"BiomassCap, BiomassCap - w/ CCS, BiomassCap - w/o CCS, CoalCap, CoalCap - w/ CCS, CoalCap - w/o CCS, GasCap, GasCap - w/ CCS, GasCap - w/o CCS, GeothermalCap, HydroCap, NuclearCap, OilCap, OilCap - w/ CCS, OilCap - w/o CCS, WindCap - Offshore, WindCap - Onshore",204,0,100.0,204,100.0,204,100.0,144,70.59,204,100.0,7,"efficiency_decimal,lifetime_years,capital_cost_usd_per_mw,om_cost_usd_per_mw_per_yr,fuel_price,scenario_price(global)",0,17,0.0,1,2025,2050,target,JPN
AIM/Enduse-Japan 2.1,NPi1000,204,17,"BiomassCap, BiomassCap - w/ CCS, BiomassCap - w/o CCS, CoalCap, CoalCap - w/ CCS, CoalCap - w/o CCS, GasCap, GasCap - w/ CCS, GasCap - w/o CCS, GeothermalCap, HydroCap, NuclearCap, OilCap, OilCap - w/ CCS, OilCap - w/o CCS, WindCap - Offshore, WindCap - Onshore",204,0,100.0,204,100.0,204,100.0,144,70.59,204,100.0,7,"efficiency_decimal,lifetime_years,capital_cost_usd_per_mw,om_cost_usd_per_mw_per_yr,fuel_price,scenario_price(global)",0,17,0.0,1,2025,2050,target,JPN
AIM/Enduse-Japan 2.1,NPi1600,204,17,"BiomassCap, BiomassCap - w/ CCS, BiomassCap - w/o CCS, CoalCap, CoalCap - w/ CCS, CoalCap - w/o CCS, GasCap, GasCap - w/ CCS, GasCap - w/o CCS, GeothermalCap, HydroCap, NuclearCap, OilCap, OilCap - w/ CCS, OilCap - w/o CCS, WindCap - Offshore, WindCap - Onshore",204,0,100.0,204,100.0,204,100.0,144,70.59,204,100.0,7,"efficiency_decimal,lifetime_years,capital_cost_usd_per_mw,om_cost_usd_per_mw_per_yr,fuel_price,scenario_price(global)",0,17,0.0,1,2025,2050,target,JPN
AIM/Enduse-Japan 2.1,NoPOL,204,17,"BiomassCap, BiomassCap - w/ CCS, BiomassCap - w/o CCS, CoalCap, CoalCap - w/ CCS, CoalCap - w/o CCS, GasCap, GasCap - w/ CCS, GasCap - w/o CCS, GeothermalCap, HydroCap, NuclearCap, OilCap, OilCap - w/ CCS, OilCap - w/o CCS, WindCap - Offshore, WindCap - Onshore",204,0,100.0,204,100.0,204,100.0,144,70.59,204,100.0,7,"efficiency_decimal,lifetime_years,capital_cost_usd_per_mw,om_cost_usd_per_mw_per_yr,fuel_price,scenario_price(global)",0,17,0.0,1,2025,2050,target,JPN
AIM/Hub-China 2.2,EN_NDCUnc2030_-100pc2050,180,15,"BiomassCap, BiomassCap - w/ CCS, BiomassCap - w/o CCS, CoalCap, CoalCap - w/ CCS, CoalCap - w/o CCS, GasCap, GasCap - w/ CCS, GasCap - w/o CCS, HydroCap, NuclearCap, OilCap, OilCap - w/ CCS, OilCap - w/o CCS, WindCap - Onshore",180,0,100.0,116,64.44,180,100.0,144,80.0,180,100.0,6,"efficiency_decimal,lifetime_years,capital_cost_usd_per_mw,om_cost_usd_per_mw_per_yr,fuel_price,scenario_price",15,15,100.0,1,2025,2050,target,CHN
AIM/Hub-China 2.2,EN_NDCUnc2030_-30pc2050,180,15,"BiomassCap, BiomassCap - w/ CCS, BiomassCap - w/o CCS, CoalCap, CoalCap - w/ CCS, CoalCap - w/o CCS, GasCap, GasCap - w/ CCS, GasCap - w/o CCS, HydroCap, NuclearCap, OilCap, OilCap - w/ CCS, OilCap - w/o CCS, WindCap - Onshore",180,0,100.0,120,66.67,180,100.0,144,80.0,180,100.0,6,"efficiency_decimal,lifetime_years,capital_cost_usd_per_mw,om_cost_usd_per_mw_per_yr,fuel_price,scenario_price",15,15,100.0,1,2025,2050,target,CHN
AIM/Hub-China 2.2,EN_NDCUnc2030_-40pc2050,180,15,"BiomassCap, BiomassCap - w/ CCS, BiomassCap - w/o CCS, CoalCap, CoalCap - w/ CCS, CoalCap - w/o CCS, GasCap, GasCap - w/ CCS, GasCap - w/o CCS, HydroCap, NuclearCap, OilCap, OilCap - w/ CCS, OilCap - w/o CCS, WindCap - Onshore",180,0,100.0,118,65.56,180,100.0,144,80.0,180,100.0,6,"efficiency_decimal,lifetime_years,capital_cost_usd_per_mw,om_cost_usd_per_mw_per_yr,fuel_price,scenario_price",15,15,100.0,1,2025,2050,target,CHN
AIM/Hub-China 2.2,EN_NDCUnc2030_-50pc2050,180,15,"BiomassCap, BiomassCap - w/ CCS, BiomassCap - w/o CCS, CoalCap, CoalCap - w/ CCS, CoalCap - w/o CCS, GasCap, GasCap - w/ CCS, GasCap - w/o CCS, HydroCap, NuclearCap, OilCap, OilCap - w/ CCS, OilCap - w/o CCS, WindCap - Onshore",180,0,100.0,118,65.56,180,100.0,144,80.0,180,100.0,6,"efficiency_decimal,lifetime_years,capital_cost_usd_per_mw,om_cost_usd_per_mw_per_yr,fuel_price,scenario_price",15,15,100.0,1,2025,2050,target,CHN
AIM/Hub-China 2.2,EN_NDCUnc2030_-60pc2050,180,15,"BiomassCap, BiomassCap - w/ CCS, BiomassCap - w/o CCS, CoalCap, CoalCap - w/ CCS, CoalCap - w/o CCS, GasCap, GasCap - w/ CCS, GasCap - w/o CCS, HydroCap, NuclearCap, OilCap, OilCap - w/ CCS, OilCap - w/o CCS, WindCap - Onshore",180,0,100.0,118,65.56,180,100.0,144,80.0,180,100.0,6,"efficiency_decimal,lifetime_years,capital_cost_usd_per_mw,om_cost_usd_per_mw_per_yr,fuel_price,scenario_price",15,15,100.0,1,2025,2050,target,CHN
AIM/Hub-China 2.2,EN_NDCUnc2030_-70pc2050,180,15,"BiomassCap, BiomassCap - w/ CCS, BiomassCap - w/o CCS, CoalCap, CoalCap - w/ CCS, CoalCap - w/o CCS, GasCap, GasCap - w/ CCS, GasCap - w/o CCS, HydroCap, NuclearCap, OilCap, OilCap - w/ CCS, OilCap - w/o CCS, WindCap - Onshore",180,0,100.0,116,64.44,180,100.0,144,80.0,180,100.0,6,"efficiency_decimal,lifetime_years,capital_cost_usd_per_mw,om_cost_usd_per_mw_per_yr,fuel_price,scenario_price",15,15,100.0,1,2025,2050,target,CHN
AIM/Hub-China 2.2,EN_NDCUnc2030_-80pc2050,180,15,"BiomassCap, BiomassCap - w/ CCS, BiomassCap - w/o CCS, CoalCap, CoalCap - w/ CCS, CoalCap - w/o CCS, GasCap, GasCap - w/ CCS, GasCap - w/o CCS, HydroCap, NuclearCap, OilCap, OilCap - w/ CCS, OilCap - w/o CCS, WindCap - Onshore",180,0,100.0,116,64.44,180,100.0,144,80.0,180,100.0,6,"efficiency_decimal,lifetime_years,capital_cost_usd_per_mw,om_cost_usd_per_mw_per_yr,fuel_price,scenario_price",15,15,100.0,1,2025,2050,target,CHN
AIM/Hub-China 2.2,EN_NDCUnc2030_-90pc2050,180,15,"BiomassCap, BiomassCap - w/ CCS, BiomassCap - w/o CCS, CoalCap, CoalCap - w/ CCS, CoalCap - w/o CCS, GasCap, GasCap - w/ CCS, GasCap - w/o CCS, HydroCap, NuclearCap, OilCap, OilCap - w/ CCS, OilCap - w/o CCS, WindCap - Onshore",180,0,100.0,114,63.33,180,100.0,144,80.0,180,100.0,6,"efficiency_decimal,lifetime_years,capital_cost_usd_per_mw,om_cost_usd_per_mw_per_yr,fuel_price,scenario_price",15,15,100.0,1,2025,2050,target,CHN
AIM/Hub-China 2.2,EN_NPi,132,11,"BiomassCap, BiomassCap - w/o CCS, CoalCap, CoalCap - w/o CCS, GasCap, GasCap - w/o CCS, HydroCap, NuclearCap, OilCap, OilCap - w/o CCS, WindCap - Onshore",132,0,100.0,72,54.55,132,100.0,96,72.73,132,100.0,5,"efficiency_decimal,lifetime_years,capital_cost_usd_per_mw,om_cost_usd_per_mw_per_yr,fuel_price,scenario_price",11,11,100.0,1,2025,2050,target,CHN
AIM/Hub-China 2.2,NDCUnc2030_-100pc2050,180,15,"BiomassCap, BiomassCap - w/ CCS, BiomassCap - w/o CCS, CoalCap, CoalCap - w/ CCS, CoalCap - w/o CCS, GasCap, GasCap - w/ CCS, GasCap - w/o CCS, HydroCap, NuclearCap, OilCap, OilCap - w/ CCS, OilCap - w/o CCS, WindCap - Onshore",180,0,100.0,116,64.44,180,100.0,144,80.0,180,100.0,6,"efficiency_decimal,lifetime_years,capital_cost_usd_per_mw,om_cost_usd_per_mw_per_yr,fuel_price,scenario_price",15,15,100.0,1,2025,2050,target,CHN
AIM/Hub-China 2.2,NDCUnc2030_-30pc2050,180,15,"BiomassCap, BiomassCap - w/ CCS, BiomassCap - w/o CCS, CoalCap, CoalCap - w/ CCS, CoalCap - w/o CCS, GasCap, GasCap - w/ CCS, GasCap - w/o CCS, HydroCap, NuclearCap, OilCap, OilCap - w/ CCS, OilCap - w/o CCS, WindCap - Onshore",180,0,100.0,120,66.67,180,100.0,144,80.0,180,100.0,6,"efficiency_decimal,lifetime_years,capital_cost_usd_per_mw,om_cost_usd_per_mw_per_yr,fuel_price,scenario_price",15,15,100.0,1,2025,2050,target,CHN
AIM/Hub-China 2.2,NDCUnc2030_-40pc2050,180,15,"BiomassCap, BiomassCap - w/ CCS, BiomassCap - w/o CCS, CoalCap, CoalCap - w/ CCS, CoalCap - w/o CCS, GasCap, GasCap - w/ CCS, GasCap - w/o CCS, HydroCap, NuclearCap, OilCap, OilCap - w/ CCS, OilCap - w/o CCS, WindCap - Onshore",180,0,100.0,118,65.56,180,100.0,144,80.0,180,100.0,6,"efficiency_decimal,lifetime_years,capital_cost_usd_per_mw,om_cost_usd_per_mw_per_yr,fuel_price,scenario_price",15,15,100.0,1,2025,2050,target,CHN
AIM/Hub-China 2.2,NDCUnc2030_-50pc2050,180,15,"BiomassCap, BiomassCap - w/ CCS, BiomassCap - w/o CCS, CoalCap, CoalCap - w/ CCS, CoalCap - w/o CCS, GasCap, GasCap - w/ CCS, GasCap - w/o CCS, HydroCap, NuclearCap, OilCap, OilCap - w/ CCS, OilCap - w/o CCS, WindCap - Onshore",180,0,100.0,118,65.56,180,100.0,144,80.0,180,100.0,6,"efficiency_decimal,lifetime_years,capital_cost_usd_per_mw,om_cost_usd_per_mw_per_yr,fuel_price,scenario_price",15,15,100.0,1,2025,2050,target,CHN
AIM/Hub-China 2.2,NDCUnc2030_-60pc2050,180,15,"BiomassCap, BiomassCap - w/ CCS, BiomassCap - w/o CCS, CoalCap, CoalCap - w/ CCS, CoalCap - w/o CCS, GasCap, GasCap - w/ CCS, GasCap - w/o CCS, HydroCap, NuclearCap, OilCap, OilCap - w/ CCS, OilCap - w/o CCS, WindCap - Onshore",180,0,100.0,118,65.56,180,100.0,144,80.0,180,100.0,6,"efficiency_decimal,lifetime_years,capital_cost_usd_per_mw,om_cost_usd_per_mw_per_yr,fuel_price,scenario_price",15,15,100.0,1,2025,2050,target,CHN
AIM/Hub-China 2.2,NDCUnc2030_-70pc2050,180,15,"BiomassCap, BiomassCap - w/ CCS, BiomassCap - w/o CCS, CoalCap, CoalCap - w/ CCS, CoalCap - w/o CCS, GasCap, GasCap - w/ CCS, GasCap - w/o CCS, HydroCap, NuclearCap, OilCap, OilCap - w/ CCS, OilCap - w/o CCS, WindCap - Onshore",180,0,100.0,116,64.44,180,100.0,144,80.0,180,100.0,6,"efficiency_decimal,lifetime_years,capital_cost_usd_per_mw,om_cost_usd_per_mw_per_yr,fuel_price,scenario_price",15,15,100.0,1,2025,2050,target,CHN
AIM/Hub-China 2.2,NDCUnc2030_-80pc2050,180,15,"BiomassCap, BiomassCap - w/ CCS, BiomassCap - w/o CCS, CoalCap, CoalCap - w/ CCS, CoalCap - w/o CCS, GasCap, GasCap - w/ CCS, GasCap - w/o CCS, HydroCap, NuclearCap, OilCap, OilCap - w/ CCS, OilCap - w/o CCS, WindCap - Onshore",180,0,100.0,116,64.44,180,100.0,144,80.0,180,100.0,6,"efficiency_decimal,lifetime_years,capital_cost_usd_per_mw,om_cost_usd_per_mw_per_yr,fuel_price,scenario_price",15,15,100.0,1,2025,2050,target,CHN
AIM/Hub-China 2.2,NDCUnc2030_-90pc2050,180,15,"BiomassCap, BiomassCap - w/ CCS, BiomassCap - w/o CCS, CoalCap, CoalCap - w/ CCS, CoalCap - w/o CCS, GasCap, GasCap - w/ CCS, GasCap - w/o CCS, HydroCap, NuclearCap, OilCap, OilCap - w/ CCS, OilCap - w/o CCS, WindCap - Onshore",180,0,100.0,114,63.33,180,100.0,144,80.0,180,100.0,6,"efficiency_decimal,lifetime_years,capital_cost_usd_per_mw,om_cost_usd_per_mw_per_yr,fuel_price,scenario_price",15,15,100.0,1,2025,2050,target,CHN
AIM/Hub-China 2.2,NPi,132,11,"BiomassCap, BiomassCap - w/o CCS, CoalCap, CoalCap - w/o CCS, GasCap, GasCap - w/o CCS, HydroCap, NuclearCap, OilCap, OilCap - w/o CCS, WindCap - Onshore",132,0,100.0,72,54.55,132,100.0,96,72.73,132,100.0,5,"efficiency_decimal,lifetime_years,capital_cost_usd_per_mw,om_cost_usd_per_mw_per_yr,fuel_price,scenario_price",11,11,100.0,1,2025,2050,target,CHN
AIM/Hub-India 2.2,EN_NDCUnc2030_-100pc2050,180,15,"BiomassCap, BiomassCap - w/ CCS, BiomassCap - w/o CCS, CoalCap, CoalCap - w/ CCS, CoalCap - w/o CCS, GasCap, GasCap - w/ CCS, GasCap - w/o CCS, HydroCap, NuclearCap, OilCap, OilCap - w/ CCS, OilCap - w/o CCS, WindCap - Onshore",180,0,100.0,108,60.0,180,100.0,144,80.0,180,100.0,10,"efficiency_decimal,lifetime_years,capital_cost_usd_per_mw,om_cost_usd_per_mw_per_yr,fuel_price,scenario_price",15,15,100.0,1,2025,2050,target,IND
AIM/Hub-India 2.2,EN_NDCUnc2030_-30pc2050,180,15,"BiomassCap, BiomassCap - w/ CCS, BiomassCap - w/o CCS, CoalCap, CoalCap - w/ CCS, CoalCap - w/o CCS, GasCap, GasCap - w/ CCS, GasCap - w/o CCS, HydroCap, NuclearCap, OilCap, OilCap - w/ CCS, OilCap - w/o CCS, WindCap - Onshore",180,0,100.0,108,60.0,180,100.0,144,80.0,180,100.0,10,"efficiency_decimal,lifetime_years,capital_cost_usd_per_mw,om_cost_usd_per_mw_per_yr,fuel_price,scenario_price",15,15,100.0,1,2025,2050,target,IND
AIM/Hub-India 2.2,EN_NDCUnc2030_-40pc2050,180,15,"BiomassCap, BiomassCap - w/ CCS, BiomassCap - w/o CCS, CoalCap, CoalCap - w/ CCS, CoalCap - w/o CCS, GasCap, GasCap - w/ CCS, GasCap - w/o CCS, HydroCap, NuclearCap, OilCap, OilCap - w/ CCS, OilCap - w/o CCS, WindCap - Onshore",180,0,100.0,108,60.0,180,100.0,144,80.0,180,100.0,10,"efficiency_decimal,lifetime_years,capital_cost_usd_per_mw,om_cost_usd_per_mw_per_yr,fuel_price,scenario_price",15,15,100.0,1,2025,2050,target,IND
AIM/Hub-India 2.2,EN_NDCUnc2030_-50pc2050,180,15,"BiomassCap, BiomassCap - w/ CCS, BiomassCap - w/o CCS, CoalCap, CoalCap - w/ CCS, CoalCap - w/o CCS, GasCap, GasCap - w/ CCS, GasCap - w/o CCS, HydroCap, NuclearCap, OilCap, OilCap - w/ CCS, OilCap - w/o CCS, WindCap - Onshore",180,0,100.0,108,60.0,180,100.0,144,80.0,180,100.0,10,"efficiency_decimal,lifetime_years,capital_cost_usd_per_mw,om_cost_usd_per_mw_per_yr,fuel_price,scenario_price",15,15,100.0,1,2025,2050,target,IND
AIM/Hub-India 2.2,EN_NDCUnc2030_-60pc2050,180,15,"BiomassCap, BiomassCap - w/ CCS, BiomassCap - w/o CCS, CoalCap, CoalCap - w/ CCS, CoalCap - w/o CCS, GasCap, GasCap - w/ CCS, GasCap - w/o CCS, HydroCap, NuclearCap, OilCap, OilCap - w/ CCS, OilCap - w/o CCS, WindCap - Onshore",180,0,100.0,108,60.0,180,100.0,144,80.0,180,100.0,10,"efficiency_decimal,lifetime_years,capital_cost_usd_per_mw,om_cost_usd_per_mw_per_yr,fuel_price,scenario_price",15,15,100.0,1,2025,2050,target,IND
AIM/Hub-India 2.2,EN_NDCUnc2030_-70pc2050,180,15,"BiomassCap, BiomassCap - w/ CCS, BiomassCap - w/o CCS, CoalCap, CoalCap - w/ CCS, CoalCap - w/o CCS, GasCap, GasCap - w/ CCS, GasCap - w/o CCS, HydroCap, NuclearCap, OilCap, OilCap - w/ CCS, OilCap - w/o CCS, WindCap - Onshore",180,0,100.0,108,60.0,180,100.0,144,80.0,180,100.0,10,"efficiency_decimal,lifetime_years,capital_cost_usd_per_mw,om_cost_usd_per_mw_per_yr,fuel_price,scenario_price",15,15,100.0,1,2025,2050,target,IND
AIM/Hub-India 2.2,EN_NDCUnc2030_-80pc2050,180,15,"BiomassCap, BiomassCap - w/ CCS, BiomassCap - w/o CCS, CoalCap, CoalCap - w/ CCS, CoalCap - w/o CCS, GasCap, GasCap - w/ CCS, GasCap - w/o CCS, HydroCap, NuclearCap, OilCap, OilCap - w/ CCS, OilCap - w/o CCS, WindCap - Onshore",180,0,100.0,108,60.0,180,100.0,144,80.0,180,100.0,10,"efficiency_decimal,lifetime_years,capital_cost_usd_per_mw,om_cost_usd_per_mw_per_yr,fuel_price,scenario_price",15,15,100.0,1,2025,2050,target,IND
AIM/Hub-India 2.2,EN_NDCUnc2030_-90pc2050,180,15,"BiomassCap, BiomassCap - w/ CCS, BiomassCap - w/o CCS, CoalCap, CoalCap - w/ CCS, CoalCap - w/o CCS, GasCap, GasCap - w/ CCS, GasCap - w/o CCS, HydroCap, NuclearCap, OilCap, OilCap - w/ CCS, OilCap - w/o CCS, WindCap - Onshore",180,0,100.0,108,60.0,180,100.0,144,80.0,180,100.0,10,"efficiency_decimal,lifetime_years,capital_cost_usd_per_mw,om_cost_usd_per_mw_per_yr,fuel_price,scenario_price",15,15,100.0,1,2025,2050,target,IND
AIM/Hub-India 2.2,EN_NPi,132,11,"BiomassCap, BiomassCap - w/o CCS, CoalCap, CoalCap - w/o CCS, GasCap, GasCap - w/o CCS, HydroCap, NuclearCap, OilCap, OilCap - w/o CCS, WindCap - Onshore",132,0,100.0,72,54.55,132,100.0,96,72.73,132,100.0,10,"efficiency_decimal,lifetime_years,capital_cost_usd_per_mw,om_cost_usd_per_mw_per_yr,fuel_price,scenario_price",11,11,100.0,1,2025,2050,target,IND
AIM/Hub-Indonesia 2.0,Baseline,46,12,"BiomassCap, BiomassCap - w/o CCS, CoalCap, CoalCap - w/o CCS, GasCap, GasCap - w/o CCS, GeothermalCap, HydroCap, NuclearCap, OilCap, OilCap - w/o CCS, WindCap - Onshore",46,0,100.0,46,100.0,46,100.0,32,69.57,46,100.0,3,"efficiency_decimal,lifetime_years,capital_cost_usd_per_mw,om_cost_usd_per_mw_per_yr,fuel_price,scenario_price",0,12,0.0,1,2025,2030,target,IDN
AIM/Hub-Indonesia 2.0,CM,58,15,"BiomassCap, BiomassCap - w/o CCS, CoalCap, CoalCap - w/ CCS, CoalCap - w/o CCS, GasCap, GasCap - w/ CCS, GasCap - w/o CCS, GeothermalCap, HydroCap, NuclearCap, OilCap, OilCap - w/ CCS, OilCap - w/o CCS, WindCap - Onshore",58,0,100.0,58,100.0,58,100.0,44,75.86,58,100.0,3,"efficiency_decimal,lifetime_years,capital_cost_usd_per_mw,om_cost_usd_per_mw_per_yr,fuel_price,scenario_price",0,15,0.0,1,2025,2030,target,IDN
AIM/Hub-Japan 2.1,EMF35JMIP_16by30+80by50_Def,156,13,"BiomassCap, BiomassCap - w/ CCS, BiomassCap - w/o CCS, CoalCap, CoalCap - w/ CCS, CoalCap - w/o CCS, GasCap, GasCap - w/ CCS, GasCap - w/o CCS, GeothermalCap, HydroCap, NuclearCap, OilCap",156,0,100.0,156,100.0,156,100.0,120,76.92,156,100.0,6,"efficiency_decimal,lifetime_years,capital_cost_usd_per_mw,om_cost_usd_per_mw_per_yr,fuel_price,scenario_price(global)",0,13,0.0,1,2025,2050,target,JPN
AIM/Hub-Japan 2.1,EMF35JMIP_26by30+100by50_Def,156,13,"BiomassCap, BiomassCap - w/ CCS, BiomassCap - w/o CCS, CoalCap, CoalCap - w/ CCS, CoalCap - w/o CCS, GasCap, GasCap - w/ CCS, GasCap - w/o CCS, GeothermalCap, HydroCap, NuclearCap, OilCap",156,0,100.0,156,100.0,156,100.0,120,76.92,156,100.0,6,"efficiency_decimal,lifetime_years,capital_cost_usd_per_mw,om_cost_usd_per_mw_per_yr,fuel_price,scenario_price(global)",0,13,0.0,1,2025,2050,target,JPN
AIM/Hub-Japan 2.1,EMF35JMIP_26by30+70by50_Def,156,13,"BiomassCap, BiomassCap - w/ CCS, BiomassCap - w/o CCS, CoalCap, CoalCap - w/ CCS, CoalCap - w/o CCS, GasCap, GasCap - w/ CCS, GasCap - w/o CCS, GeothermalCap, HydroCap, NuclearCap, OilCap",156,0,100.0,156,100.0,156,100.0,120,76.92,156,100.0,6,"efficiency_decimal,lifetime_years,capital_cost_usd_per_mw,om_cost_usd_per_mw_per_yr,fuel_price,scenario_price(global)",0,13,0.0,1,2025,2050,target,JPN
AIM/Hub-Japan 2.1,EMF35JMIP_26by30+80by50_Def,156,13,"BiomassCap, BiomassCap - w/ CCS, BiomassCap - w/o CCS, CoalCap, CoalCap - w/ CCS, CoalCap - w/o CCS, GasCap, GasCap - w/ CCS, GasCap - w/o CCS, GeothermalCap, HydroCap, NuclearCap, OilCap",156,0,100.0,156,100.0,156,100.0,120,76.92,156,100.0,6,"efficiency_decimal,lifetime_years,capital_cost_usd_per_mw,om_cost_usd_per_mw_per_yr,fuel_price,scenario_price(global)",0,13,0.0,1,2025,2050,target,JPN
AIM/Hub-Japan 2.1,EMF35JMIP_26by30+80by50_HiImportCost,156,13,"BiomassCap, BiomassCap - w/ CCS, BiomassCap - w/o CCS, CoalCap, CoalCap - w/ CCS, CoalCap - w/o CCS, GasCap, GasCap - w/ CCS, GasCap - w/o CCS, GeothermalCap, HydroCap, NuclearCap, OilCap",156,0,100.0,156,100.0,156,100.0,120,76.92,156,100.0,6,"efficiency_decimal,lifetime_years,capital_cost_usd_per_mw,om_cost_usd_per_mw_per_yr,fuel_price,scenario_price(global)",0,13,0.0,1,2025,2050,target,JPN
AIM/Hub-Japan 2.1,EMF35JMIP_26by30+80by50_HiVREcost,156,13,"BiomassCap, BiomassCap - w/ CCS, BiomassCap - w/o CCS, CoalCap, CoalCap - w/ CCS, CoalCap - w/o CCS, GasCap, GasCap - w/ CCS, GasCap - w/o CCS, GeothermalCap, HydroCap, NuclearCap, OilCap",156,0,100.0,156,100.0,156,100.0,120,76.92,156,100.0,6,"efficiency_decimal,lifetime_years,capital_cost_usd_per_mw,om_cost_usd_per_mw_per_yr,fuel_price,scenario_price(global)",0,13,0.0,1,2025,2050,target,JPN
AIM/Hub-Japan 2.1,EMF35JMIP_26by30+80by50_HiVREpot,156,13,"BiomassCap, BiomassCap - w/ CCS, BiomassCap - w/o CCS, CoalCap, CoalCap - w/ CCS, CoalCap - w/o CCS, GasCap, GasCap - w/ CCS, GasCap - w/o CCS, GeothermalCap, HydroCap, NuclearCap, OilCap",156,0,100.0,156,100.0,156,100.0,120,76.92,156,100.0,6,"efficiency_decimal,lifetime_years,capital_cost_usd_per_mw,om_cost_usd_per_mw_per_yr,fuel_price,scenario_price(global)",0,13,0.0,1,2025,2050,target,JPN
AIM/Hub-Japan 2.1,EMF35JMIP_26by30+80by50_HighInt,156,13,"BiomassCap, BiomassCap - w/ CCS, BiomassCap - w/o CCS, CoalCap, CoalCap - w/ CCS, CoalCap - w/o CCS, GasCap, GasCap - w/ CCS, GasCap - w/o CCS, GeothermalCap, HydroCap, NuclearCap, OilCap",156,0,100.0,156,100.0,156,100.0,120,76.92,156,100.0,6,"efficiency_decimal,lifetime_years,capital_cost_usd_per_mw,om_cost_usd_per_mw_per_yr,fuel_price,scenario_price(global)",0,13,0.0,1,2025,2050,target,JPN
AIM/Hub-Japan 2.1,EMF35JMIP_26by30+80by50_LimNuc,156,13,"BiomassCap, BiomassCap - w/ CCS, BiomassCap - w/o CCS, CoalCap, CoalCap - w/ CCS, CoalCap - w/o CCS, GasCap, GasCap - w/ CCS, GasCap - w/o CCS, GeothermalCap, HydroCap, NuclearCap, OilCap",156,0,100.0,156,100.0,156,100.0,120,76.92,156,100.0,6,"efficiency_decimal,lifetime_years,capital_cost_usd_per_mw,om_cost_usd_per_mw_per_yr,fuel_price,scenario_price(global)",0,13,0.0,1,2025,2050,target,JPN
AIM/Hub-Japan 2.1,EMF35JMIP_26by30+80by50_LoDem,156,13,"BiomassCap, BiomassCap - w/ CCS, BiomassCap - w/o CCS, CoalCap, CoalCap - w/ CCS, CoalCap - w/o CCS, GasCap, GasCap - w/ CCS, GasCap - w/o CCS, GeothermalCap, HydroCap, NuclearCap, OilCap",156,0,100.0,156,100.0,156,100.0,120,76.92,156,100.0,6,"efficiency_decimal,lifetime_years,capital_cost_usd_per_mw,om_cost_usd_per_mw_per_yr,fuel_price,scenario_price(global)",0,13,0.0,1,2025,2050,target,JPN
AIM/Hub-Japan 2.1,EMF35JMIP_26by30+80by50_LoDemBld,156,13,"BiomassCap, BiomassCap - w/ CCS, BiomassCap - w/o CCS, CoalCap, CoalCap - w/ CCS, CoalCap - w/o CCS, GasCap, GasCap - w/ CCS, GasCap - w/o CCS, GeothermalCap, HydroCap, NuclearCap, OilCap",156,0,100.0,156,100.0,156,100.0,120,76.92,156,100.0,6,"efficiency_decimal,lifetime_years,capital_cost_usd_per_mw,om_cost_usd_per_mw_per_yr,fuel_price,scenario_price(global)",0,13,0.0,1,2025,2050,target,JPN
AIM/Hub-Japan 2.1,EMF35JMIP_26by30+80by50_LoDemInd,156,13,"BiomassCap, BiomassCap - w/ CCS, BiomassCap - w/o CCS, CoalCap, CoalCap - w/ CCS, CoalCap - w/o CCS, GasCap, GasCap - w/ CCS, GasCap - w/o CCS, GeothermalCap, HydroCap, NuclearCap, OilCap",156,0,100.0,156,100.0,156,100.0,120,76.92,156,100.0,6,"efficiency_decimal,lifetime_years,capital_cost_usd_per_mw,om_cost_usd_per_mw_per_yr,fuel_price,scenario_price(global)",0,13,0.0,1,2025,2050,target,JPN
AIM/Hub-Japan 2.1,EMF35JMIP_26by30+80by50_LoDemTra,156,13,"BiomassCap, BiomassCap - w/ CCS, BiomassCap - w/o CCS, CoalCap, CoalCap - w/ CCS, CoalCap - w/o CCS, GasCap, GasCap - w/ CCS, GasCap - w/o CCS, GeothermalCap, HydroCap, NuclearCap, OilCap",156,0,100.0,156,100.0,156,100.0,120,76.92,156,100.0,6,"efficiency_decimal,lifetime_years,capital_cost_usd_per_mw,om_cost_usd_per_mw_per_yr,fuel_price,scenario_price(global)",0,13,0.0,1,2025,2050,target,JPN
AIM/Hub-Japan 2.1,EMF35JMIP_26by30+80by50_LoInt,156,13,"BiomassCap, BiomassCap - w/ CCS, BiomassCap - w/o CCS, CoalCap, CoalCap - w/ CCS, CoalCap - w/o CCS, GasCap, GasCap - w/ CCS, GasCap - w/o CCS, GeothermalCap, HydroCap, NuclearCap, OilCap",156,0,100.0,156,100.0,156,100.0,120,76.92,156,100.0,6,"efficiency_decimal,lifetime_years,capital_cost_usd_per_mw,om_cost_usd_per_mw_per_yr,fuel_price,scenario_price(global)",0,13,0.0,1,2025,2050,target,JPN
AIM/Hub-Japan 2.1,EMF35JMIP_26by30+80by50_LoStorageCost,156,13,"BiomassCap, BiomassCap - w/ CCS, BiomassCap - w/o CCS, CoalCap, CoalCap - w/ CCS, CoalCap - w/o CCS, GasCap, GasCap - w/ CCS, GasCap - w/o CCS, GeothermalCap, HydroCap, NuclearCap, OilCap",156,0,100.0,156,100.0,156,100.0,120,76.92,156,100.0,6,"efficiency_decimal,lifetime_years,capital_cost_usd_per_mw,om_cost_usd_per_mw_per_yr,fuel_price,scenario_price(global)",0,13,0.0,1,2025,2050,target,JPN
AIM/Hub-Japan 2.1,EMF35JMIP_26by30+80by50_LoVREcost,156,13,"BiomassCap, BiomassCap - w/ CCS, BiomassCap - w/o CCS, CoalCap, CoalCap - w/ CCS, CoalCap - w/o CCS, GasCap, GasCap - w/ CCS, GasCap - w/o CCS, GeothermalCap, HydroCap, NuclearCap, OilCap",156,0,100.0,156,100.0,156,100.0,120,76.92,156,100.0,6,"efficiency_decimal,lifetime_years,capital_cost_usd_per_mw,om_cost_usd_per_mw_per_yr,fuel_price,scenario_price(global)",0,13,0.0,1,2025,2050,target,JPN
AIM/Hub-Japan 2.1,EMF35JMIP_26by30+80by50_LoVREpot,156,13,"BiomassCap, BiomassCap - w/ CCS, BiomassCap - w/o CCS, CoalCap, CoalCap - w/ CCS, CoalCap - w/o CCS, GasCap, GasCap - w/ CCS, GasCap - w/o CCS, GeothermalCap, HydroCap, NuclearCap, OilCap",156,0,100.0,156,100.0,156,100.0,120,76.92,156,100.0,6,"efficiency_decimal,lifetime_years,capital_cost_usd_per_mw,om_cost_usd_per_mw_per_yr,fuel_price,scenario_price(global)",0,13,0.0,1,2025,2050,target,JPN
AIM/Hub-Japan 2.1,EMF35JMIP_26by30+80by50_NoCCS,120,10,"BiomassCap, BiomassCap - w/o CCS, CoalCap, CoalCap - w/o CCS, GasCap, GasCap - w/o CCS, GeothermalCap, HydroCap, NuclearCap, OilCap",120,0,100.0,120,100.0,120,100.0,84,70.0,120,100.0,6,"efficiency_decimal,lifetime_years,capital_cost_usd_per_mw,om_cost_usd_per_mw_per_yr,fuel_price,scenario_price(global)",0,10,0.0,1,2025,2050,target,JPN
AIM/Hub-Japan 2.1,EMF35JMIP_26by30+80by50_NoNuc,156,13,"BiomassCap, BiomassCap - w/ CCS, BiomassCap - w/o CCS, CoalCap, CoalCap - w/ CCS, CoalCap - w/o CCS, GasCap, GasCap - w/ CCS, GasCap - w/o CCS, GeothermalCap, HydroCap, NuclearCap, OilCap",156,0,100.0,156,100.0,156,100.0,120,76.92,156,100.0,6,"efficiency_decimal,lifetime_years,capital_cost_usd_per_mw,om_cost_usd_per_mw_per_yr,fuel_price,scenario_price(global)",0,13,0.0,1,2025,2050,target,JPN
AIM/Hub-Japan 2.1,EMF35JMIP_26by30+90by50_Def,156,13,"BiomassCap, BiomassCap - w/ CCS, BiomassCap - w/o CCS, CoalCap, CoalCap - w/ CCS, CoalCap - w/o CCS, GasCap, GasCap - w/ CCS, GasCap - w/o CCS, GeothermalCap, HydroCap, NuclearCap, OilCap",156,0,100.0,156,100.0,156,100.0,120,76.92,156,100.0,6,"efficiency_decimal,lifetime_years,capital_cost_usd_per_mw,om_cost_usd_per_mw_per_yr,fuel_price,scenario_price(global)",0,13,0.0,1,2025,2050,target,JPN
AIM/Hub-Japan 2.1,EMF35JMIP_36by30+80by50_Def,156,13,"BiomassCap, BiomassCap - w/ CCS, BiomassCap - w/o CCS, CoalCap, CoalCap - w/ CCS, CoalCap - w/o CCS, GasCap, GasCap - w/ CCS, GasCap - w/o CCS, GeothermalCap, HydroCap, NuclearCap, OilCap",156,0,100.0,156,100.0,156,100.0,120,76.92,156,100.0,6,"efficiency_decimal,lifetime_years,capital_cost_usd_per_mw,om_cost_usd_per_mw_per_yr,fuel_price,scenario_price(global)",0,13,0.0,1,2025,2050,target,JPN
AIM/Hub-Japan 2.1,EMF35JMIP_Baseline_Def,120,10,"BiomassCap, BiomassCap - w/o CCS, CoalCap, CoalCap - w/o CCS, GasCap, GasCap - w/o CCS, GeothermalCap, HydroCap, NuclearCap, OilCap",120,0,100.0,120,100.0,120,100.0,84,70.0,120,100.0,6,"efficiency_decimal,lifetime_years,capital_cost_usd_per_mw,om_cost_usd_per_mw_per_yr,fuel_price,scenario_price(global)",0,10,0.0,1,2025,2050,target,JPN
AIM/Hub-Japan 2.1,EMF35JMIP_Baseline_HiImportCost,120,10,"BiomassCap, BiomassCap - w/o CCS, CoalCap, CoalCap - w/o CCS, GasCap, GasCap - w/o CCS, GeothermalCap, HydroCap, NuclearCap, OilCap",120,0,100.0,120,100.0,120,100.0,84,70.0,120,100.0,6,"efficiency_decimal,lifetime_years,capital_cost_usd_per_mw,om_cost_usd_per_mw_per_yr,fuel_price,scenario_price(global)",0,10,0.0,1,2025,2050,target,JPN
AIM/Hub-Japan 2.1,EMF35JMIP_Baseline_HiVREcost,120,10,"BiomassCap, BiomassCap - w/o CCS, CoalCap, CoalCap - w/o CCS, GasCap, GasCap - w/o CCS, GeothermalCap, HydroCap, NuclearCap, OilCap",120,0,100.0,120,100.0,120,100.0,84,70.0,120,100.0,6,"efficiency_decimal,lifetime_years,capital_cost_usd_per_mw,om_cost_usd_per_mw_per_yr,fuel_price,scenario_price(global)",0,10,0.0,1,2025,2050,target,JPN
AIM/Hub-Japan 2.1,EMF35JMIP_Baseline_HiVREpot,120,10,"BiomassCap, BiomassCap - w/o CCS, CoalCap, CoalCap - w/o CCS, GasCap, GasCap - w/o CCS, GeothermalCap, HydroCap, NuclearCap, OilCap",120,0,100.0,120,100.0,120,100.0,84,70.0,120,100.0,6,"efficiency_decimal,lifetime_years,capital_cost_usd_per_mw,om_cost_usd_per_mw_per_yr,fuel_price,scenario_price(global)",0,10,0.0,1,2025,2050,target,JPN
AIM/Hub-Japan 2.1,EMF35JMIP_Baseline_HighInt,120,10,"BiomassCap, BiomassCap - w/o CCS, CoalCap, CoalCap - w/o CCS, GasCap, GasCap - w/o CCS, GeothermalCap, HydroCap, NuclearCap, OilCap",120,0,100.0,120,100.0,120,100.0,84,70.0,120,100.0,6,"efficiency_decimal,lifetime_years,capital_cost_usd_per_mw,om_cost_usd_per_mw_per_yr,fuel_price,scenario_price(global)",0,10,0.0,1,2025,2050,target,JPN
AIM/Hub-Japan 2.1,EMF35JMIP_Baseline_LimNuc,120,10,"BiomassCap, BiomassCap - w/o CCS, CoalCap, CoalCap - w/o CCS, GasCap, GasCap - w/o CCS, GeothermalCap, HydroCap, NuclearCap, OilCap",120,0,100.0,120,100.0,120,100.0,84,70.0,120,100.0,6,"efficiency_decimal,lifetime_years,capital_cost_usd_per_mw,om_cost_usd_per_mw_per_yr,fuel_price,scenario_price(global)",0,10,0.0,1,2025,2050,target,JPN
AIM/Hub-Japan 2.1,EMF35JMIP_Baseline_LoDem,120,10,"BiomassCap, BiomassCap - w/o CCS, CoalCap, CoalCap - w/o CCS, GasCap, GasCap - w/o CCS, GeothermalCap, HydroCap, NuclearCap, OilCap",120,0,100.0,120,100.0,120,100.0,84,70.0,120,100.0,6,"efficiency_decimal,lifetime_years,capital_cost_usd_per_mw,om_cost_usd_per_mw_per_yr,fuel_price,scenario_price(global)",0,10,0.0,1,2025,2050,target,JPN
AIM/Hub-Japan 2.1,EMF35JMIP_Baseline_LoDemBld,120,10,"BiomassCap, BiomassCap - w/o CCS, CoalCap, CoalCap - w/o CCS, GasCap, GasCap - w/o CCS, GeothermalCap, HydroCap, NuclearCap, OilCap",120,0,100.0,120,100.0,120,100.0,84,70.0,120,100.0,6,"efficiency_decimal,lifetime_years,capital_cost_usd_per_mw,om_cost_usd_per_mw_per_yr,fuel_price,scenario_price(global)",0,10,0.0,1,2025,2050,target,JPN
AIM/Hub-Japan 2.1,EMF35JMIP_Baseline_LoDemInd,120,10,"BiomassCap, BiomassCap - w/o CCS, CoalCap, CoalCap - w/o CCS, GasCap, GasCap - w/o CCS, GeothermalCap, HydroCap, NuclearCap, OilCap",120,0,100.0,120,100.0,120,100.0,84,70.0,120,100.0,6,"efficiency_decimal,lifetime_years,capital_cost_usd_per_mw,om_cost_usd_per_mw_per_yr,fuel_price,scenario_price(global)",0,10,0.0,1,2025,2050,target,JPN
AIM/Hub-Japan 2.1,EMF35JMIP_Baseline_LoDemTra,120,10,"BiomassCap, BiomassCap - w/o CCS, CoalCap, CoalCap - w/o CCS, GasCap, GasCap - w/o CCS, GeothermalCap, HydroCap, NuclearCap, OilCap",120,0,100.0,120,100.0,120,100.0,84,70.0,120,100.0,6,"efficiency_decimal,lifetime_years,capital_cost_usd_per_mw,om_cost_usd_per_mw_per_yr,fuel_price,scenario_price(global)",0,10,0.0,1,2025,2050,target,JPN
AIM/Hub-Japan 2.1,EMF35JMIP_Baseline_LoInt,120,10,"BiomassCap, BiomassCap - w/o CCS, CoalCap, CoalCap - w/o CCS, GasCap, GasCap - w/o CCS, GeothermalCap, HydroCap, NuclearCap, OilCap",120,0,100.0,120,100.0,120,100.0,84,70.0,120,100.0,6,"efficiency_decimal,lifetime_years,capital_cost_usd_per_mw,om_cost_usd_per_mw_per_yr,fuel_price,scenario_price(global)",0,10,0.0,1,2025,2050,target,JPN
AIM/Hub-Japan 2.1,EMF35JMIP_Baseline_LoStorageCost,120,10,"BiomassCap, BiomassCap - w/o CCS, CoalCap, CoalCap - w/o CCS, GasCap, GasCap - w/o CCS, GeothermalCap, HydroCap, NuclearCap, OilCap",120,0,100.0,120,100.0,120,100.0,84,70.0,120,100.0,6,"efficiency_decimal,lifetime_years,capital_cost_usd_per_mw,om_cost_usd_per_mw_per_yr,fuel_price,scenario_price(global)",0,10,0.0,1,2025,2050,target,JPN
AIM/Hub-Japan 2.1,EMF35JMIP_Baseline_LoVREcost,120,10,"BiomassCap, BiomassCap - w/o CCS, CoalCap, CoalCap - w/o CCS, GasCap, GasCap - w/o CCS, GeothermalCap, HydroCap, NuclearCap, OilCap",120,0,100.0,120,100.0,120,100.0,84,70.0,120,100.0,6,"efficiency_decimal,lifetime_years,capital_cost_usd_per_mw,om_cost_usd_per_mw_per_yr,fuel_price,scenario_price(global)",0,10,0.0,1,2025,2050,target,JPN
AIM/Hub-Japan 2.1,EMF35JMIP_Baseline_LoVREpot,120,10,"BiomassCap, BiomassCap - w/o CCS, CoalCap, CoalCap - w/o CCS, GasCap, GasCap - w/o CCS, GeothermalCap, HydroCap, NuclearCap, OilCap",120,0,100.0,120,100.0,120,100.0,84,70.0,120,100.0,6,"efficiency_decimal,lifetime_years,capital_cost_usd_per_mw,om_cost_usd_per_mw_per_yr,fuel_price,scenario_price(global)",0,10,0.0,1,2025,2050,target,JPN
AIM/Hub-Japan 2.1,EMF35JMIP_Baseline_NoCCS,120,10,"BiomassCap, BiomassCap - w/o CCS, CoalCap, CoalCap - w/o CCS, GasCap, GasCap - w/o CCS, GeothermalCap, HydroCap, NuclearCap, OilCap",120,0,100.0,120,100.0,120,100.0,84,70.0,120,100.0,6,"efficiency_decimal,lifetime_years,capital_cost_usd_per_mw,om_cost_usd_per_mw_per_yr,fuel_price,scenario_price(global)",0,10,0.0,1,2025,2050,target,JPN
AIM/Hub-Japan 2.1,EMF35JMIP_Baseline_NoNuc,120,10,"BiomassCap, BiomassCap - w/o CCS, CoalCap, CoalCap - w/o CCS, GasCap, GasCap - w/o CCS, GeothermalCap, HydroCap, NuclearCap, OilCap",120,0,100.0,120,100.0,120,100.0,84,70.0,120,100.0,6,"efficiency_decimal,lifetime_years,capital_cost_usd_per_mw,om_cost_usd_per_mw_per_yr,fuel_price,scenario_price(global)",0,10,0.0,1,2025,2050,target,JPN
AIM/Hub-Japan 2.1,EN_NDCUnc2030_-100pc2050,192,16,"BiomassCap, BiomassCap - w/ CCS, BiomassCap - w/o CCS, CoalCap, CoalCap - w/ CCS, CoalCap - w/o CCS, GasCap, GasCap - w/ CCS, GasCap - w/o CCS, GeothermalCap, HydroCap, NuclearCap, OilCap, OilCap - w/ CCS, OilCap - w/o CCS, WindCap - Onshore",192,0,100.0,80,41.67,192,100.0,144,75.0,192,100.0,8,"efficiency_decimal,lifetime_years,fuel_price,scenario_price(global)",16,16,100.0,1,2025,2050,target,JPN
AIM/Hub-Japan 2.1,EN_NDCUnc2030_-30pc2050,180,15,"BiomassCap, BiomassCap - w/o CCS, CoalCap, CoalCap - w/ CCS, CoalCap - w/o CCS, GasCap, GasCap - w/ CCS, GasCap - w/o CCS, GeothermalCap, HydroCap, NuclearCap, OilCap, OilCap - w/ CCS, OilCap - w/o CCS, WindCap - Onshore",180,0,100.0,76,42.22,180,100.0,132,73.33,180,100.0,8,"efficiency_decimal,lifetime_years,fuel_price,scenario_price(global)",15,15,100.0,1,2025,2050,target,JPN
AIM/Hub-Japan 2.1,EN_NDCUnc2030_-40pc2050,180,15,"BiomassCap, BiomassCap - w/o CCS, CoalCap, CoalCap - w/ CCS, CoalCap - w/o CCS, GasCap, GasCap - w/ CCS, GasCap - w/o CCS, GeothermalCap, HydroCap, NuclearCap, OilCap, OilCap - w/ CCS, OilCap - w/o CCS, WindCap - Onshore",180,0,100.0,76,42.22,180,100.0,132,73.33,180,100.0,8,"efficiency_decimal,lifetime_years,fuel_price,scenario_price(global)",15,15,100.0,1,2025,2050,target,JPN
AIM/Hub-Japan 2.1,EN_NDCUnc2030_-50pc2050,192,16,"BiomassCap, BiomassCap - w/ CCS, BiomassCap - w/o CCS, CoalCap, CoalCap - w/ CCS, CoalCap - w/o CCS, GasCap, GasCap - w/ CCS, GasCap - w/o CCS, GeothermalCap, HydroCap, NuclearCap, OilCap, OilCap - w/ CCS, OilCap - w/o CCS, WindCap - Onshore",192,0,100.0,82,42.71,192,100.0,144,75.0,192,100.0,8,"efficiency_decimal,lifetime_years,fuel_price,scenario_price(global)",16,16,100.0,1,2025,2050,target,JPN
AIM/Hub-Japan 2.1,EN_NDCUnc2030_-60pc2050,192,16,"BiomassCap, BiomassCap - w/ CCS, BiomassCap - w/o CCS, CoalCap, CoalCap - w/ CCS, CoalCap - w/o CCS, GasCap, GasCap - w/ CCS, GasCap - w/o CCS, GeothermalCap, HydroCap, NuclearCap, OilCap, OilCap - w/ CCS, OilCap - w/o CCS, WindCap - Onshore",192,0,100.0,80,41.67,192,100.0,144,75.0,192,100.0,8,"efficiency_decimal,lifetime_years,fuel_price,scenario_price(global)",16,16,100.0,1,2025,2050,target,JPN
AIM/Hub-Japan 2.1,EN_NDCUnc2030_-70pc2050,192,16,"BiomassCap, BiomassCap - w/ CCS, BiomassCap - w/o CCS, CoalCap, CoalCap - w/ CCS, CoalCap - w/o CCS, GasCap, GasCap - w/ CCS, GasCap - w/o CCS, GeothermalCap, HydroCap, NuclearCap, OilCap, OilCap - w/ CCS, OilCap - w/o CCS, WindCap - Onshore",192,0,100.0,80,41.67,192,100.0,144,75.0,192,100.0,8,"efficiency_decimal,lifetime_years,fuel_price,scenario_price(global)",16,16,100.0,1,2025,2050,target,JPN
AIM/Hub-Japan 2.1,EN_NDCUnc2030_-80pc2050,192,16,"BiomassCap, BiomassCap - w/ CCS, BiomassCap - w/o CCS, CoalCap, CoalCap - w/ CCS, CoalCap - w/o CCS, GasCap, GasCap - w/ CCS, GasCap - w/o CCS, GeothermalCap, HydroCap, NuclearCap, OilCap, OilCap - w/ CCS, OilCap - w/o CCS, WindCap - Onshore",192,0,100.0,80,41.67,192,100.0,144,75.0,192,100.0,8,"efficiency_decimal,lifetime_years,fuel_price,scenario_price(global)",16,16,100.0,1,2025,2050,target,JPN
AIM/Hub-Japan 2.1,EN_NDCUnc2030_-90pc2050,192,16,"BiomassCap, BiomassCap - w/ CCS, BiomassCap - w/o CCS, CoalCap, CoalCap - w/ CCS, CoalCap - w/o CCS, GasCap, GasCap - w/ CCS, GasCap - w/o CCS, GeothermalCap, HydroCap, NuclearCap, OilCap, OilCap - w/ CCS, OilCap - w/o CCS, WindCap - Onshore",192,0,100.0,80,41.67,192,100.0,144,75.0,192,100.0,8,"efficiency_decimal,lifetime_years,fuel_price,scenario_price(global)",16,16,100.0,1,2025,2050,target,JPN
AIM/Hub-Japan 2.1,EN_NP_2025_-1002050,192,16,"BiomassCap, BiomassCap - w/ CCS, BiomassCap - w/o CCS, CoalCap, CoalCap - w/ CCS, CoalCap - w/o CCS, GasCap, GasCap - w/ CCS, GasCap - w/o CCS, GeothermalCap, HydroCap, NuclearCap, OilCap, OilCap - w/ CCS, OilCap - w/o CCS, WindCap - Onshore",192,0,100.0,78,40.62,192,100.0,144,75.0,192,100.0,8,"efficiency_decimal,lifetime_years,fuel_price,scenario_price(global)",16,16,100.0,1,2025,2050,target,JPN
AIM/Hub-Japan 2.1,EN_NP_2025_-302050,180,15,"BiomassCap, BiomassCap - w/o CCS, CoalCap, CoalCap - w/ CCS, CoalCap - w/o CCS, GasCap, GasCap - w/ CCS, GasCap - w/o CCS, GeothermalCap, HydroCap, NuclearCap, OilCap, OilCap - w/ CCS, OilCap - w/o CCS, WindCap - Onshore",180,0,100.0,86,47.78,180,100.0,132,73.33,180,100.0,8,"efficiency_decimal,lifetime_years,capital_cost_usd_per_mw,om_cost_usd_per_mw_per_yr,fuel_price,scenario_price(global)",15,15,100.0,1,2025,2050,target,JPN
AIM/Hub-Japan 2.1,EN_NP_2025_-402050,180,15,"BiomassCap, BiomassCap - w/o CCS, CoalCap, CoalCap - w/ CCS, CoalCap - w/o CCS, GasCap, GasCap - w/ CCS, GasCap - w/o CCS, GeothermalCap, HydroCap, NuclearCap, OilCap, OilCap - w/ CCS, OilCap - w/o CCS, WindCap - Onshore",180,0,100.0,82,45.56,180,100.0,132,73.33,180,100.0,8,"efficiency_decimal,lifetime_years,fuel_price,scenario_price(global)",15,15,100.0,1,2025,2050,target,JPN
AIM/Hub-Japan 2.1,EN_NP_2025_-502050,192,16,"BiomassCap, BiomassCap - w/ CCS, BiomassCap - w/o CCS, CoalCap, CoalCap - w/ CCS, CoalCap - w/o CCS, GasCap, GasCap - w/ CCS, GasCap - w/o CCS, GeothermalCap, HydroCap, NuclearCap, OilCap, OilCap - w/ CCS, OilCap - w/o CCS, WindCap - Onshore",192,0,100.0,86,44.79,192,100.0,144,75.0,192,100.0,8,"efficiency_decimal,lifetime_years,fuel_price,scenario_price(global)",16,16,100.0,1,2025,2050,target,JPN
AIM/Hub-Japan 2.1,EN_NP_2025_-602050,192,16,"BiomassCap, BiomassCap - w/ CCS, BiomassCap - w/o CCS, CoalCap, CoalCap - w/ CCS, CoalCap - w/o CCS, GasCap, GasCap - w/ CCS, GasCap - w/o CCS, GeothermalCap, HydroCap, NuclearCap, OilCap, OilCap - w/ CCS, OilCap - w/o CCS, WindCap - Onshore",192,0,100.0,82,42.71,192,100.0,144,75.0,192,100.0,8,"efficiency_decimal,lifetime_years,fuel_price,scenario_price(global)",16,16,100.0,1,2025,2050,target,JPN
AIM/Hub-Japan 2.1,EN_NP_2025_-702050,192,16,"BiomassCap, BiomassCap - w/ CCS, BiomassCap - w/o CCS, CoalCap, CoalCap - w/ CCS, CoalCap - w/o CCS, GasCap, GasCap - w/ CCS, GasCap - w/o CCS, GeothermalCap, HydroCap, NuclearCap, OilCap, OilCap - w/ CCS, OilCap - w/o CCS, WindCap - Onshore",192,0,100.0,80,41.67,192,100.0,144,75.0,192,100.0,8,"efficiency_decimal,lifetime_years,fuel_price,scenario_price(global)",16,16,100.0,1,2025,2050,target,JPN
AIM/Hub-Japan 2.1,EN_NP_2025_-802050,192,16,"BiomassCap, BiomassCap - w/ CCS, BiomassCap - w/o CCS, CoalCap, CoalCap - w/ CCS, CoalCap - w/o CCS, GasCap, GasCap - w/ CCS, GasCap - w/o CCS, GeothermalCap, HydroCap, NuclearCap, OilCap, OilCap - w/ CCS, OilCap - w/o CCS, WindCap - Onshore",192,0,100.0,80,41.67,192,100.0,144,75.0,192,100.0,8,"efficiency_decimal,lifetime_years,fuel_price,scenario_price(global)",16,16,100.0,1,2025,2050,target,JPN
AIM/Hub-Japan 2.1,EN_NP_2025_-902050,192,16,"BiomassCap, BiomassCap - w/ CCS, BiomassCap - w/o CCS, CoalCap, CoalCap - w/ CCS, CoalCap - w/o CCS, GasCap, GasCap - w/ CCS, GasCap - w/o CCS, GeothermalCap, HydroCap, NuclearCap, OilCap, OilCap - w/ CCS, OilCap - w/o CCS, WindCap - Onshore",192,0,100.0,80,41.67,192,100.0,144,75.0,192,100.0,8,"efficiency_decimal,lifetime_years,fuel_price,scenario_price(global)",16,16,100.0,1,2025,2050,target,JPN
AIM/Hub-Japan 2.1,EN_NP_CurPol,144,12,"BiomassCap, BiomassCap - w/o CCS, CoalCap, CoalCap - w/o CCS, GasCap, GasCap - w/o CCS, GeothermalCap, HydroCap, NuclearCap, OilCap, OilCap - w/o CCS, WindCap - Onshore",144,0,100.0,60,41.67,144,100.0,96,66.67,0,0.0,4,lifetime_years,12,12,100.0,1,2025,2050,target,JPN
AIM/Hub-Japan 2.1,EN_NP_UNDC,180,15,"BiomassCap, BiomassCap - w/o CCS, CoalCap, CoalCap - w/ CCS, CoalCap - w/o CCS, GasCap, GasCap - w/ CCS, GasCap - w/o CCS, GeothermalCap, HydroCap, NuclearCap, OilCap, OilCap - w/ CCS, OilCap - w/o CCS, WindCap - Onshore",180,0,100.0,76,42.22,180,100.0,132,73.33,180,100.0,8,"efficiency_decimal,lifetime_years,fuel_price,scenario_price(global)",15,15,100.0,1,2025,2050,target,JPN
AIM/Hub-Japan 2.1,EN_NPi,144,12,"BiomassCap, BiomassCap - w/o CCS, CoalCap, CoalCap - w/o CCS, GasCap, GasCap - w/o CCS, GeothermalCap, HydroCap, NuclearCap, OilCap, OilCap - w/o CCS, WindCap - Onshore",144,0,100.0,60,41.67,144,100.0,96,66.67,144,100.0,8,"lifetime_years,scenario_price(global)",12,12,100.0,1,2025,2050,target,JPN
AIM/Hub-Japan 2.1,NDCUnc2030_-100pc2050,192,16,"BiomassCap, BiomassCap - w/ CCS, BiomassCap - w/o CCS, CoalCap, CoalCap - w/ CCS, CoalCap - w/o CCS, GasCap, GasCap - w/ CCS, GasCap - w/o CCS, GeothermalCap, HydroCap, NuclearCap, OilCap, OilCap - w/ CCS, OilCap - w/o CCS, WindCap - Onshore",192,0,100.0,80,41.67,192,100.0,144,75.0,192,100.0,8,"efficiency_decimal,lifetime_years,fuel_price,scenario_price(global)",16,16,100.0,1,2025,2050,target,JPN
AIM/Hub-Japan 2.1,NDCUnc2030_-30pc2050,180,15,"BiomassCap, BiomassCap - w/o CCS, CoalCap, CoalCap - w/ CCS, CoalCap - w/o CCS, GasCap, GasCap - w/ CCS, GasCap - w/o CCS, GeothermalCap, HydroCap, NuclearCap, OilCap, OilCap - w/ CCS, OilCap - w/o CCS, WindCap - Onshore",180,0,100.0,76,42.22,180,100.0,132,73.33,180,100.0,8,"efficiency_decimal,lifetime_years,fuel_price,scenario_price(global)",15,15,100.0,1,2025,2050,target,JPN
AIM/Hub-Japan 2.1,NDCUnc2030_-40pc2050,180,15,"BiomassCap, BiomassCap - w/o CCS, CoalCap, CoalCap - w/ CCS, CoalCap - w/o CCS, GasCap, GasCap - w/ CCS, GasCap - w/o CCS, GeothermalCap, HydroCap, NuclearCap, OilCap, OilCap - w/ CCS, OilCap - w/o CCS, WindCap - Onshore",180,0,100.0,76,42.22,180,100.0,132,73.33,180,100.0,8,"efficiency_decimal,lifetime_years,fuel_price,scenario_price(global)",15,15,100.0,1,2025,2050,target,JPN
AIM/Hub-Japan 2.1,NDCUnc2030_-50pc2050,192,16,"BiomassCap, BiomassCap - w/ CCS, BiomassCap - w/o CCS, CoalCap, CoalCap - w/ CCS, CoalCap - w/o CCS, GasCap, GasCap - w/ CCS, GasCap - w/o CCS, GeothermalCap, HydroCap, NuclearCap, OilCap, OilCap - w/ CCS, OilCap - w/o CCS, WindCap - Onshore",192,0,100.0,82,42.71,192,100.0,144,75.0,192,100.0,8,"efficiency_decimal,lifetime_years,fuel_price,scenario_price(global)",16,16,100.0,1,2025,2050,target,JPN
AIM/Hub-Japan 2.1,NDCUnc2030_-60pc2050,192,16,"BiomassCap, BiomassCap - w/ CCS, BiomassCap - w/o CCS, CoalCap, CoalCap - w/ CCS, CoalCap - w/o CCS, GasCap, GasCap - w/ CCS, GasCap - w/o CCS, GeothermalCap, HydroCap, NuclearCap, OilCap, OilCap - w/ CCS, OilCap - w/o CCS, WindCap - Onshore",192,0,100.0,80,41.67,192,100.0,144,75.0,192,100.0,8,"efficiency_decimal,lifetime_years,fuel_price,scenario_price(global)",16,16,100.0,1,2025,2050,target,JPN
AIM/Hub-Japan 2.1,NDCUnc2030_-70pc2050,192,16,"BiomassCap, BiomassCap - w/ CCS, BiomassCap - w/o CCS, CoalCap, CoalCap - w/ CCS, CoalCap - w/o CCS, GasCap, GasCap - w/ CCS, GasCap - w/o CCS, GeothermalCap, HydroCap, NuclearCap, OilCap, OilCap - w/ CCS, OilCap - w/o CCS, WindCap - Onshore",192,0,100.0,80,41.67,192,100.0,144,75.0,192,100.0,8,"efficiency_decimal,lifetime_years,fuel_price,scenario_price(global)",16,16,100.0,1,2025,2050,target,JPN
AIM/Hub-Japan 2.1,NDCUnc2030_-80pc2050,192,16,"BiomassCap, BiomassCap - w/ CCS, BiomassCap - w/o CCS, CoalCap, CoalCap - w/ CCS, CoalCap - w/o CCS, GasCap, GasCap - w/ CCS, GasCap - w/o CCS, GeothermalCap, HydroCap, NuclearCap, OilCap, OilCap - w/ CCS, OilCap - w/o CCS, WindCap - Onshore",192,0,100.0,80,41.67,192,100.0,144,75.0,192,100.0,8,"efficiency_decimal,lifetime_years,fuel_price,scenario_price(global)",16,16,100.0,1,2025,2050,target,JPN
AIM/Hub-Japan 2.1,NDCUnc2030_-90pc2050,192,16,"BiomassCap, BiomassCap - w/ CCS, BiomassCap - w/o CCS, CoalCap, CoalCap - w/ CCS, CoalCap - w/o CCS, GasCap, GasCap - w/ CCS, GasCap - w/o CCS, GeothermalCap, HydroCap, NuclearCap, OilCap, OilCap - w/ CCS, OilCap - w/o CCS, WindCap - Onshore",192,0,100.0,80,41.67,192,100.0,144,75.0,192,100.0,8,"efficiency_decimal,lifetime_years,fuel_price,scenario_price(global)",16,16,100.0,1,2025,2050,target,JPN
AIM/Hub-Japan 2.1,NPi,144,12,"BiomassCap, BiomassCap - w/o CCS, CoalCap, CoalCap - w/o CCS, GasCap, GasCap - w/o CCS, GeothermalCap, HydroCap, NuclearCap, OilCap, OilCap - w/o CCS, WindCap - Onshore",144,0,100.0,60,41.67,144,100.0,96,66.67,144,100.0,8,"lifetime_years,scenario_price(global)",12,12,100.0,1,2025,2050,target,JPN
AIM/Hub-Korea 2.0,EN_NDCUnc2030_-100pc2050,192,16,"BiomassCap, BiomassCap - w/ CCS, BiomassCap - w/o CCS, CoalCap, CoalCap - w/ CCS, CoalCap - w/o CCS, GasCap, GasCap - w/ CCS, GasCap - w/o CCS, GeothermalCap, HydroCap, NuclearCap, OilCap, OilCap - w/ CCS, OilCap - w/o CCS, WindCap - Onshore",192,0,100.0,102,53.12,192,100.0,144,75.0,192,100.0,5,"efficiency_decimal,lifetime_years,capital_cost_usd_per_mw,om_cost_usd_per_mw_per_yr,fuel_price,scenario_price",15,16,93.75,1,2025,2050,target,KOR
AIM/Hub-Korea 2.0,EN_NDCUnc2030_-30pc2050,144,12,"BiomassCap, BiomassCap - w/o CCS, CoalCap, CoalCap - w/o CCS, GasCap, GasCap - w/o CCS, GeothermalCap, HydroCap, NuclearCap, OilCap, OilCap - w/o CCS, WindCap - Onshore",144,0,100.0,72,50.0,144,100.0,96,66.67,144,100.0,5,"efficiency_decimal,lifetime_years,capital_cost_usd_per_mw,om_cost_usd_per_mw_per_yr,fuel_price,scenario_price",11,12,91.67,1,2025,2050,target,KOR
AIM/Hub-Korea 2.0,EN_NDCUnc2030_-40pc2050,156,13,"BiomassCap, BiomassCap - w/o CCS, CoalCap, CoalCap - w/ CCS, CoalCap - w/o CCS, GasCap, GasCap - w/o CCS, GeothermalCap, HydroCap, NuclearCap, OilCap, OilCap - w/o CCS, WindCap - Onshore",156,0,100.0,82,52.56,156,100.0,108,69.23,156,100.0,5,"efficiency_decimal,lifetime_years,capital_cost_usd_per_mw,om_cost_usd_per_mw_per_yr,fuel_price,scenario_price",12,13,92.31,1,2025,2050,target,KOR
AIM/Hub-Korea 2.0,EN_NDCUnc2030_-50pc2050,192,16,"BiomassCap, BiomassCap - w/ CCS, BiomassCap - w/o CCS, CoalCap, CoalCap - w/ CCS, CoalCap - w/o CCS, GasCap, GasCap - w/ CCS, GasCap - w/o CCS, GeothermalCap, HydroCap, NuclearCap, OilCap, OilCap - w/ CCS, OilCap - w/o CCS, WindCap - Onshore",192,0,100.0,110,57.29,192,100.0,144,75.0,192,100.0,5,"efficiency_decimal,lifetime_years,capital_cost_usd_per_mw,om_cost_usd_per_mw_per_yr,fuel_price,scenario_price",15,16,93.75,1,2025,2050,target,KOR
AIM/Hub-Korea 2.0,EN_NDCUnc2030_-60pc2050,192,16,"BiomassCap, BiomassCap - w/ CCS, BiomassCap - w/o CCS, CoalCap, CoalCap - w/ CCS, CoalCap - w/o CCS, GasCap, GasCap - w/ CCS, GasCap - w/o CCS, GeothermalCap, HydroCap, NuclearCap, OilCap, OilCap - w/ CCS, OilCap - w/o CCS, WindCap - Onshore",192,0,100.0,106,55.21,192,100.0,144,75.0,192,100.0,5,"efficiency_decimal,lifetime_years,capital_cost_usd_per_mw,om_cost_usd_per_mw_per_yr,fuel_price,scenario_price",15,16,93.75,1,2025,2050,target,KOR
AIM/Hub-Korea 2.0,EN_NDCUnc2030_-70pc2050,180,15,"BiomassCap, BiomassCap - w/o CCS, CoalCap, CoalCap - w/ CCS, CoalCap - w/o CCS, GasCap, GasCap - w/ CCS, GasCap - w/o CCS, GeothermalCap, HydroCap, NuclearCap, OilCap, OilCap - w/ CCS, OilCap - w/o CCS, WindCap - Onshore",180,0,100.0,96,53.33,180,100.0,132,73.33,180,100.0,5,"efficiency_decimal,lifetime_years,capital_cost_usd_per_mw,om_cost_usd_per_mw_per_yr,fuel_price,scenario_price",14,15,93.33,1,2025,2050,target,KOR
AIM/Hub-Korea 2.0,EN_NDCUnc2030_-80pc2050,192,16,"BiomassCap, BiomassCap - w/ CCS, BiomassCap - w/o CCS, CoalCap, CoalCap - w/ CCS, CoalCap - w/o CCS, GasCap, GasCap - w/ CCS, GasCap - w/o CCS, GeothermalCap, HydroCap, NuclearCap, OilCap, OilCap - w/ CCS, OilCap - w/o CCS, WindCap - Onshore",192,0,100.0,102,53.12,192,100.0,144,75.0,192,100.0,5,"efficiency_decimal,lifetime_years,capital_cost_usd_per_mw,om_cost_usd_per_mw_per_yr,fuel_price,scenario_price",15,16,93.75,1,2025,2050,target,KOR
AIM/Hub-Korea 2.0,EN_NDCUnc2030_-90pc2050,192,16,"BiomassCap, BiomassCap - w/ CCS, BiomassCap - w/o CCS, CoalCap, CoalCap - w/ CCS, CoalCap - w/o CCS, GasCap, GasCap - w/ CCS, GasCap - w/o CCS, GeothermalCap, HydroCap, NuclearCap, OilCap, OilCap - w/ CCS, OilCap - w/o CCS, WindCap - Onshore",192,0,100.0,102,53.12,192,100.0,144,75.0,192,100.0,5,"efficiency_decimal,lifetime_years,capital_cost_usd_per_mw,om_cost_usd_per_mw_per_yr,fuel_price,scenario_price",15,16,93.75,1,2025,2050,target,KOR
AIM/Hub-Korea 2.0,EN_NP_2025_-1002050,192,16,"BiomassCap, BiomassCap - w/ CCS, BiomassCap - w/o CCS, CoalCap, CoalCap - w/ CCS, CoalCap - w/o CCS, GasCap, GasCap - w/ CCS, GasCap - w/o CCS, GeothermalCap, HydroCap, NuclearCap, OilCap, OilCap - w/ CCS, OilCap - w/o CCS, WindCap - Onshore",192,0,100.0,102,53.12,192,100.0,144,75.0,32,16.67,12,"lifetime_years,fuel_price",15,16,93.75,1,2025,2050,target,KOR
AIM/Hub-Korea 2.0,EN_NP_2025_-302050,144,12,"BiomassCap, BiomassCap - w/o CCS, CoalCap, CoalCap - w/o CCS, GasCap, GasCap - w/o CCS, GeothermalCap, HydroCap, NuclearCap, OilCap, OilCap - w/o CCS, WindCap - Onshore",144,0,100.0,72,50.0,144,100.0,96,66.67,0,0.0,5,"efficiency_decimal,lifetime_years,capital_cost_usd_per_mw,om_cost_usd_per_mw_per_yr,fuel_price",11,12,91.67,1,2025,2050,target,KOR
AIM/Hub-Korea 2.0,EN_NP_2025_-402050,156,13,"BiomassCap, BiomassCap - w/o CCS, CoalCap, CoalCap - w/ CCS, CoalCap - w/o CCS, GasCap, GasCap - w/o CCS, GeothermalCap, HydroCap, NuclearCap, OilCap, OilCap - w/o CCS, WindCap - Onshore",156,0,100.0,82,52.56,156,100.0,108,69.23,0,0.0,5,"efficiency_decimal,lifetime_years,capital_cost_usd_per_mw,om_cost_usd_per_mw_per_yr,fuel_price",12,13,92.31,1,2025,2050,target,KOR
AIM/Hub-Korea 2.0,EN_NP_2025_-502050,192,16,"BiomassCap, BiomassCap - w/ CCS, BiomassCap - w/o CCS, CoalCap, CoalCap - w/ CCS, CoalCap - w/o CCS, GasCap, GasCap - w/ CCS, GasCap - w/o CCS, GeothermalCap, HydroCap, NuclearCap, OilCap, OilCap - w/ CCS, OilCap - w/o CCS, WindCap - Onshore",192,0,100.0,108,56.25,192,100.0,144,75.0,0,0.0,5,"efficiency_decimal,lifetime_years,capital_cost_usd_per_mw,om_cost_usd_per_mw_per_yr,fuel_price",15,16,93.75,1,2025,2050,target,KOR
AIM/Hub-Korea 2.0,EN_NP_2025_-602050,192,16,"BiomassCap, BiomassCap - w/ CCS, BiomassCap - w/o CCS, CoalCap, CoalCap - w/ CCS, CoalCap - w/o CCS, GasCap, GasCap - w/ CCS, GasCap - w/o CCS, GeothermalCap, HydroCap, NuclearCap, OilCap, OilCap - w/ CCS, OilCap - w/o CCS, WindCap - Onshore",192,0,100.0,104,54.17,192,100.0,144,75.0,0,0.0,5,"efficiency_decimal,lifetime_years,capital_cost_usd_per_mw,om_cost_usd_per_mw_per_yr,fuel_price",15,16,93.75,1,2025,2050,target,KOR
AIM/Hub-Korea 2.0,EN_NP_2025_-702050,180,15,"BiomassCap, BiomassCap - w/o CCS, CoalCap, CoalCap - w/ CCS, CoalCap - w/o CCS, GasCap, GasCap - w/ CCS, GasCap - w/o CCS, GeothermalCap, HydroCap, NuclearCap, OilCap, OilCap - w/ CCS, OilCap - w/o CCS, WindCap - Onshore",180,0,100.0,94,52.22,180,100.0,132,73.33,0,0.0,5,"lifetime_years,fuel_price",14,15,93.33,1,2025,2050,target,KOR
AIM/Hub-Korea 2.0,EN_NP_2025_-802050,192,16,"BiomassCap, BiomassCap - w/ CCS, BiomassCap - w/o CCS, CoalCap, CoalCap - w/ CCS, CoalCap - w/o CCS, GasCap, GasCap - w/ CCS, GasCap - w/o CCS, GeothermalCap, HydroCap, NuclearCap, OilCap, OilCap - w/ CCS, OilCap - w/o CCS, WindCap - Onshore",192,0,100.0,98,51.04,192,100.0,144,75.0,0,0.0,5,"lifetime_years,fuel_price",15,16,93.75,1,2025,2050,target,KOR
AIM/Hub-Korea 2.0,EN_NP_2025_-902050,180,15,"BiomassCap, BiomassCap - w/o CCS, CoalCap, CoalCap - w/ CCS, CoalCap - w/o CCS, GasCap, GasCap - w/ CCS, GasCap - w/o CCS, GeothermalCap, HydroCap, NuclearCap, OilCap, OilCap - w/ CCS, OilCap - w/o CCS, WindCap - Onshore",180,0,100.0,92,51.11,180,100.0,132,73.33,30,16.67,10,"lifetime_years,fuel_price",14,15,93.33,1,2025,2050,target,KOR
AIM/Hub-Korea 2.0,EN_NP_CNDC,144,12,"BiomassCap, BiomassCap - w/o CCS, CoalCap, CoalCap - w/o CCS, GasCap, GasCap - w/o CCS, GeothermalCap, HydroCap, NuclearCap, OilCap, OilCap - w/o CCS, WindCap - Onshore",144,0,100.0,72,50.0,144,100.0,96,66.67,144,100.0,5,"efficiency_decimal,lifetime_years,capital_cost_usd_per_mw,om_cost_usd_per_mw_per_yr,fuel_price,scenario_price",11,12,91.67,1,2025,2050,target,KOR
AIM/Hub-Korea 2.0,EN_NP_CurPol,144,12,"BiomassCap, BiomassCap - w/o CCS, CoalCap, CoalCap - w/o CCS, GasCap, GasCap - w/o CCS, GeothermalCap, HydroCap, NuclearCap, OilCap, OilCap - w/o CCS, WindCap - Onshore",144,0,100.0,72,50.0,144,100.0,96,66.67,0,0.0,5,"efficiency_decimal,lifetime_years,capital_cost_usd_per_mw,om_cost_usd_per_mw_per_yr,fuel_price",11,12,91.67,1,2025,2050,target,KOR
AIM/Hub-Korea 2.0,EN_NP_UNDC,180,15,"BiomassCap, BiomassCap - w/o CCS, CoalCap, CoalCap - w/ CCS, CoalCap - w/o CCS, GasCap, GasCap - w/ CCS, GasCap - w/o CCS, GeothermalCap, HydroCap, NuclearCap, OilCap, OilCap - w/ CCS, OilCap - w/o CCS, WindCap - Onshore",180,0,100.0,90,50.0,180,100.0,132,73.33,0,0.0,5,"lifetime_years,fuel_price",14,15,93.33,1,2025,2050,target,KOR
AIM/Hub-Korea 2.0,EN_NPi,144,12,"BiomassCap, BiomassCap - w/o CCS, CoalCap, CoalCap - w/o CCS, GasCap, GasCap - w/o CCS, GeothermalCap, HydroCap, NuclearCap, OilCap, OilCap - w/o CCS, WindCap - Onshore",144,0,100.0,74,51.39,144,100.0,96,66.67,144,100.0,6,"efficiency_decimal,lifetime_years,capital_cost_usd_per_mw,om_cost_usd_per_mw_per_yr,fuel_price,scenario_price",11,12,91.67,1,2025,2050,target,KOR
AIM/Hub-Korea 2.0,NDCUnc2030_-100pc2050,192,16,"BiomassCap, BiomassCap - w/ CCS, BiomassCap - w/o CCS, CoalCap, CoalCap - w/ CCS, CoalCap - w/o CCS, GasCap, GasCap - w/ CCS, GasCap - w/o CCS, GeothermalCap, HydroCap, NuclearCap, OilCap, OilCap - w/ CCS, OilCap - w/o CCS, WindCap - Onshore",192,0,100.0,92,47.92,192,100.0,144,75.0,192,100.0,5,"lifetime_years,fuel_price,scenario_price",15,16,93.75,1,2025,2050,target,KOR
AIM/Hub-Korea 2.0,NDCUnc2030_-30pc2050,180,15,"BiomassCap, BiomassCap - w/o CCS, CoalCap, CoalCap - w/ CCS, CoalCap - w/o CCS, GasCap, GasCap - w/ CCS, GasCap - w/o CCS, GeothermalCap, HydroCap, NuclearCap, OilCap, OilCap - w/ CCS, OilCap - w/o CCS, WindCap - Onshore",180,0,100.0,104,57.78,180,100.0,132,73.33,180,100.0,5,"efficiency_decimal,lifetime_years,capital_cost_usd_per_mw,om_cost_usd_per_mw_per_yr,fuel_price,scenario_price",14,15,93.33,1,2025,2050,target,KOR
AIM/Hub-Korea 2.0,NDCUnc2030_-40pc2050,180,15,"BiomassCap, BiomassCap - w/o CCS, CoalCap, CoalCap - w/ CCS, CoalCap - w/o CCS, GasCap, GasCap - w/ CCS, GasCap - w/o CCS, GeothermalCap, HydroCap, NuclearCap, OilCap, OilCap - w/ CCS, OilCap - w/o CCS, WindCap - Onshore",180,0,100.0,88,48.89,180,100.0,132,73.33,180,100.0,5,"lifetime_years,fuel_price,scenario_price",14,15,93.33,1,2025,2050,target,KOR
AIM/Hub-Korea 2.0,NDCUnc2030_-50pc2050,192,16,"BiomassCap, BiomassCap - w/ CCS, BiomassCap - w/o CCS, CoalCap, CoalCap - w/ CCS, CoalCap - w/o CCS, GasCap, GasCap - w/ CCS, GasCap - w/o CCS, GeothermalCap, HydroCap, NuclearCap, OilCap, OilCap - w/ CCS, OilCap - w/o CCS, WindCap - Onshore",192,0,100.0,96,50.0,192,100.0,144,75.0,192,100.0,5,"lifetime_years,fuel_price,scenario_price",15,16,93.75,1,2025,2050,target,KOR
AIM/Hub-Korea 2.0,NDCUnc2030_-60pc2050,192,16,"BiomassCap, BiomassCap - w/ CCS, BiomassCap - w/o CCS, CoalCap, CoalCap - w/ CCS, CoalCap - w/o CCS, GasCap, GasCap - w/ CCS, GasCap - w/o CCS, GeothermalCap, HydroCap, NuclearCap, OilCap, OilCap - w/ CCS, OilCap - w/o CCS, WindCap - Onshore",192,0,100.0,94,48.96,192,100.0,144,75.0,192,100.0,5,"lifetime_years,fuel_price,scenario_price",15,16,93.75,1,2025,2050,target,KOR
AIM/Hub-Korea 2.0,NDCUnc2030_-70pc2050,192,16,"BiomassCap, BiomassCap - w/ CCS, BiomassCap - w/o CCS, CoalCap, CoalCap - w/ CCS, CoalCap - w/o CCS, GasCap, GasCap - w/ CCS, GasCap - w/o CCS, GeothermalCap, HydroCap, NuclearCap, OilCap, OilCap - w/ CCS, OilCap - w/o CCS, WindCap - Onshore",192,0,100.0,92,47.92,192,100.0,144,75.0,192,100.0,5,"lifetime_years,fuel_price,scenario_price",15,16,93.75,1,2025,2050,target,KOR
AIM/Hub-Korea 2.0,NDCUnc2030_-80pc2050,192,16,"BiomassCap, BiomassCap - w/ CCS, BiomassCap - w/o CCS, CoalCap, CoalCap - w/ CCS, CoalCap - w/o CCS, GasCap, GasCap - w/ CCS, GasCap - w/o CCS, GeothermalCap, HydroCap, NuclearCap, OilCap, OilCap - w/ CCS, OilCap - w/o CCS, WindCap - Onshore",192,0,100.0,92,47.92,192,100.0,144,75.0,192,100.0,5,"lifetime_years,fuel_price,scenario_price",15,16,93.75,1,2025,2050,target,KOR
AIM/Hub-Korea 2.0,NDCUnc2030_-90pc2050,192,16,"BiomassCap, BiomassCap - w/ CCS, BiomassCap - w/o CCS, CoalCap, CoalCap - w/ CCS, CoalCap - w/o CCS, GasCap, GasCap - w/ CCS, GasCap - w/o CCS, GeothermalCap, HydroCap, NuclearCap, OilCap, OilCap - w/ CCS, OilCap - w/o CCS, WindCap - Onshore",192,0,100.0,92,47.92,192,100.0,144,75.0,192,100.0,5,"lifetime_years,fuel_price,scenario_price",15,16,93.75,1,2025,2050,target,KOR
AIM/Hub-Korea 2.0,NPi,144,12,"BiomassCap, BiomassCap - w/o CCS, CoalCap, CoalCap - w/o CCS, GasCap, GasCap - w/o CCS, GeothermalCap, HydroCap, NuclearCap, OilCap, OilCap - w/o CCS, WindCap - Onshore",144,0,100.0,74,51.39,144,100.0,96,66.67,144,100.0,6,"efficiency_decimal,lifetime_years,capital_cost_usd_per_mw,om_cost_usd_per_mw_per_yr,fuel_price,scenario_price",11,12,91.67,1,2025,2050,target,KOR
AIM/Hub-Thailand 2.0,BaU,44,11,"BiomassCap, BiomassCap - w/o CCS, CoalCap, CoalCap - w/o CCS, GasCap, GasCap - w/o CCS, GeothermalCap, HydroCap, OilCap, OilCap - w/o CCS, WindCap - Onshore",44,0,100.0,44,100.0,44,100.0,32,72.73,44,100.0,6,"efficiency_decimal(global),lifetime_years(global),capital_cost_usd_per_mw(global),om_cost_usd_per_mw_per_yr(global),fuel_price(global),scenario_price(global)",0,11,0.0,1,2025,2030,target,THA
AIM/Hub-Thailand 2.0,RED1,44,11,"BiomassCap, BiomassCap - w/o CCS, CoalCap, CoalCap - w/o CCS, GasCap, GasCap - w/o CCS, GeothermalCap, HydroCap, OilCap, OilCap - w/o CCS, WindCap - Onshore",44,0,100.0,44,100.0,44,100.0,32,72.73,44,100.0,6,"efficiency_decimal(global),lifetime_years(global),capital_cost_usd_per_mw(global),om_cost_usd_per_mw_per_yr(global),fuel_price(global),scenario_price(global)",0,11,0.0,1,2025,2030,target,THA
AIM/Hub-Thailand 2.0,RED2,44,11,"BiomassCap, BiomassCap - w/o CCS, CoalCap, CoalCap - w/o CCS, GasCap, GasCap - w/o CCS, GeothermalCap, HydroCap, OilCap, OilCap - w/o CCS, WindCap - Onshore",44,0,100.0,44,100.0,44,100.0,32,72.73,44,100.0,6,"efficiency_decimal(global),lifetime_years(global),capital_cost_usd_per_mw(global),om_cost_usd_per_mw_per_yr(global),fuel_price(global),scenario_price(global)",0,11,0.0,1,2025,2030,target,THA
AIM/Hub-Thailand 2.0,RED3,44,11,"BiomassCap, BiomassCap - w/o CCS, CoalCap, CoalCap - w/o CCS, GasCap, GasCap - w/o CCS, GeothermalCap, HydroCap, OilCap, OilCap - w/o CCS, WindCap - Onshore",44,0,100.0,44,100.0,44,100.0,32,72.73,44,100.0,6,"efficiency_decimal(global),lifetime_years(global),capital_cost_usd_per_mw(global),om_cost_usd_per_mw_per_yr(global),fuel_price(global),scenario_price(global)",0,11,0.0,1,2025,2030,target,THA
AIM/Hub-Thailand 2.0,RED4,44,11,"BiomassCap, BiomassCap - w/o CCS, CoalCap, CoalCap - w/o CCS, GasCap, GasCap - w/o CCS, GeothermalCap, HydroCap, OilCap, OilCap - w/o CCS, WindCap - Onshore",44,0,100.0,44,100.0,44,100.0,32,72.73,44,100.0,6,"efficiency_decimal(global),lifetime_years(global),capital_cost_usd_per_mw(global),om_cost_usd_per_mw_per_yr(global),fuel_price(global),scenario_price(global)",0,11,0.0,1,2025,2030,target,THA
AIM/Hub-Thailand 2.2,EN_NP_2025_-1002050,180,15,"BiomassCap, BiomassCap - w/ CCS, BiomassCap - w/o CCS, CoalCap, CoalCap - w/ CCS, CoalCap - w/o CCS, GasCap, GasCap - w/ CCS, GasCap - w/o CCS, GeothermalCap, HydroCap, OilCap, OilCap - w/ CCS, OilCap - w/o CCS, WindCap - Onshore",180,0,100.0,96,53.33,180,100.0,144,80.0,180,100.0,10,"lifetime_years(global),fuel_price(global),scenario_price(global)",14,15,93.33,1,2025,2050,target,THA
AIM/Hub-Thailand 2.2,EN_NP_2025_-302050,180,15,"BiomassCap, BiomassCap - w/ CCS, BiomassCap - w/o CCS, CoalCap, CoalCap - w/ CCS, CoalCap - w/o CCS, GasCap, GasCap - w/ CCS, GasCap - w/o CCS, GeothermalCap, HydroCap, OilCap, OilCap - w/ CCS, OilCap - w/o CCS, WindCap - Onshore",180,0,100.0,96,53.33,180,100.0,144,80.0,180,100.0,10,"efficiency_decimal(global),lifetime_years(global),capital_cost_usd_per_mw(global),om_cost_usd_per_mw_per_yr(global),fuel_price(global),scenario_price(global)",14,15,93.33,1,2025,2050,target,THA
AIM/Hub-Thailand 2.2,EN_NP_2025_-402050,180,15,"BiomassCap, BiomassCap - w/ CCS, BiomassCap - w/o CCS, CoalCap, CoalCap - w/ CCS, CoalCap - w/o CCS, GasCap, GasCap - w/ CCS, GasCap - w/o CCS, GeothermalCap, HydroCap, OilCap, OilCap - w/ CCS, OilCap - w/o CCS, WindCap - Onshore",180,0,100.0,100,55.56,180,100.0,144,80.0,180,100.0,10,"lifetime_years(global),fuel_price(global),scenario_price(global)",14,15,93.33,1,2025,2050,target,THA
AIM/Hub-Thailand 2.2,EN_NP_2025_-502050,180,15,"BiomassCap, BiomassCap - w/ CCS, BiomassCap - w/o CCS, CoalCap, CoalCap - w/ CCS, CoalCap - w/o CCS, GasCap, GasCap - w/ CCS, GasCap - w/o CCS, GeothermalCap, HydroCap, OilCap, OilCap - w/ CCS, OilCap - w/o CCS, WindCap - Onshore",180,0,100.0,100,55.56,180,100.0,144,80.0,180,100.0,10,"lifetime_years(global),fuel_price(global),scenario_price(global)",14,15,93.33,1,2025,2050,target,THA
AIM/Hub-Thailand 2.2,EN_NP_2025_-602050,180,15,"BiomassCap, BiomassCap - w/ CCS, BiomassCap - w/o CCS, CoalCap, CoalCap - w/ CCS, CoalCap - w/o CCS, GasCap, GasCap - w/ CCS, GasCap - w/o CCS, GeothermalCap, HydroCap, OilCap, OilCap - w/ CCS, OilCap - w/o CCS, WindCap - Onshore",180,0,100.0,98,54.44,180,100.0,144,80.0,180,100.0,10,"lifetime_years(global),fuel_price(global),scenario_price(global)",14,15,93.33,1,2025,2050,target,THA
AIM/Hub-Thailand 2.2,EN_NP_2025_-702050,180,15,"BiomassCap, BiomassCap - w/ CCS, BiomassCap - w/o CCS, CoalCap, CoalCap - w/ CCS, CoalCap - w/o CCS, GasCap, GasCap - w/ CCS, GasCap - w/o CCS, GeothermalCap, HydroCap, OilCap, OilCap - w/ CCS, OilCap - w/o CCS, WindCap - Onshore",180,0,100.0,98,54.44,180,100.0,144,80.0,180,100.0,10,"lifetime_years(global),fuel_price(global),scenario_price(global)",14,15,93.33,1,2025,2050,target,THA
AIM/Hub-Thailand 2.2,EN_NP_2025_-802050,180,15,"BiomassCap, BiomassCap - w/ CCS, BiomassCap - w/o CCS, CoalCap, CoalCap - w/ CCS, CoalCap - w/o CCS, GasCap, GasCap - w/ CCS, GasCap - w/o CCS, GeothermalCap, HydroCap, OilCap, OilCap - w/ CCS, OilCap - w/o CCS, WindCap - Onshore",180,0,100.0,98,54.44,180,100.0,144,80.0,180,100.0,10,"lifetime_years(global),fuel_price(global),scenario_price(global)",14,15,93.33,1,2025,2050,target,THA
AIM/Hub-Thailand 2.2,EN_NP_2025_-902050,180,15,"BiomassCap, BiomassCap - w/ CCS, BiomassCap - w/o CCS, CoalCap, CoalCap - w/ CCS, CoalCap - w/o CCS, GasCap, GasCap - w/ CCS, GasCap - w/o CCS, GeothermalCap, HydroCap, OilCap, OilCap - w/ CCS, OilCap - w/o CCS, WindCap - Onshore",180,0,100.0,96,53.33,180,100.0,144,80.0,180,100.0,10,"lifetime_years(global),fuel_price(global),scenario_price(global)",14,15,93.33,1,2025,2050,target,THA
AIM/Hub-Thailand 2.2,EN_NP_CNDC,132,11,"BiomassCap, BiomassCap - w/o CCS, CoalCap, CoalCap - w/o CCS, GasCap, GasCap - w/o CCS, GeothermalCap, HydroCap, OilCap, OilCap - w/o CCS, WindCap - Onshore",132,0,100.0,72,54.55,132,100.0,96,72.73,132,100.0,10,"efficiency_decimal(global),lifetime_years(global),capital_cost_usd_per_mw(global),om_cost_usd_per_mw_per_yr(global),fuel_price(global),scenario_price(global)",10,11,90.91,1,2025,2050,target,THA
AIM/Hub-Thailand 2.2,EN_NP_CurPol,132,11,"BiomassCap, BiomassCap - w/o CCS, CoalCap, CoalCap - w/o CCS, GasCap, GasCap - w/o CCS, GeothermalCap, HydroCap, OilCap, OilCap - w/o CCS, WindCap - Onshore",132,0,100.0,60,45.45,132,100.0,96,72.73,132,100.0,8,"efficiency_decimal(global),lifetime_years(global),capital_cost_usd_per_mw(global),om_cost_usd_per_mw_per_yr(global),fuel_price(global),scenario_price(global)",10,11,90.91,1,2025,2050,target,THA
AIM/Hub-Thailand 2.2,EN_NP_UNDC,132,11,"BiomassCap, BiomassCap - w/o CCS, CoalCap, CoalCap - w/o CCS, GasCap, GasCap - w/o CCS, GeothermalCap, HydroCap, OilCap, OilCap - w/o CCS, WindCap - Onshore",132,0,100.0,72,54.55,132,100.0,96,72.73,132,100.0,10,"efficiency_decimal(global),lifetime_years(global),capital_cost_usd_per_mw(global),om_cost_usd_per_mw_per_yr(global),fuel_price(global),scenario_price(global)",10,11,90.91,1,2025,2050,target,THA
AIM/Hub-Thailand 2.2,NDCCon2030_-100pc2050,180,15,"BiomassCap, BiomassCap - w/ CCS, BiomassCap - w/o CCS, CoalCap, CoalCap - w/ CCS, CoalCap - w/o CCS, GasCap, GasCap - w/ CCS, GasCap - w/o CCS, GeothermalCap, HydroCap, OilCap, OilCap - w/ CCS, OilCap - w/o CCS, WindCap - Onshore",180,0,100.0,84,46.67,180,100.0,144,80.0,180,100.0,8,"lifetime_years(global),fuel_price(global),scenario_price(global)",14,15,93.33,1,2025,2050,target,THA
AIM/Hub-Thailand 2.2,NDCCon2030_-30pc2050,180,15,"BiomassCap, BiomassCap - w/ CCS, BiomassCap - w/o CCS, CoalCap, CoalCap - w/ CCS, CoalCap - w/o CCS, GasCap, GasCap - w/ CCS, GasCap - w/o CCS, GeothermalCap, HydroCap, OilCap, OilCap - w/ CCS, OilCap - w/o CCS, WindCap - Onshore",180,0,100.0,88,48.89,180,100.0,144,80.0,180,100.0,8,"lifetime_years(global),fuel_price(global),scenario_price(global)",13,15,86.67,1,2025,2050,target,THA
AIM/Hub-Thailand 2.2,NDCCon2030_-40pc2050,180,15,"BiomassCap, BiomassCap - w/ CCS, BiomassCap - w/o CCS, CoalCap, CoalCap - w/ CCS, CoalCap - w/o CCS, GasCap, GasCap - w/ CCS, GasCap - w/o CCS, GeothermalCap, HydroCap, OilCap, OilCap - w/ CCS, OilCap - w/o CCS, WindCap - Onshore",180,0,100.0,86,47.78,180,100.0,144,80.0,180,100.0,8,"lifetime_years(global),fuel_price(global),scenario_price(global)",14,15,93.33,1,2025,2050,target,THA
AIM/Hub-Thailand 2.2,NDCCon2030_-50pc2050,180,15,"BiomassCap, BiomassCap - w/ CCS, BiomassCap - w/o CCS, CoalCap, CoalCap - w/ CCS, CoalCap - w/o CCS, GasCap, GasCap - w/ CCS, GasCap - w/o CCS, GeothermalCap, HydroCap, OilCap, OilCap - w/ CCS, OilCap - w/o CCS, WindCap - Onshore",180,0,100.0,86,47.78,180,100.0,144,80.0,180,100.0,8,"lifetime_years(global),fuel_price(global),scenario_price(global)",14,15,93.33,1,2025,2050,target,THA
AIM/Hub-Thailand 2.2,NDCCon2030_-60pc2050,180,15,"BiomassCap, BiomassCap - w/ CCS, BiomassCap - w/o CCS, CoalCap, CoalCap - w/ CCS, CoalCap - w/o CCS, GasCap, GasCap - w/ CCS, GasCap - w/o CCS, GeothermalCap, HydroCap, OilCap, OilCap - w/ CCS, OilCap - w/o CCS, WindCap - Onshore",180,0,100.0,84,46.67,180,100.0,144,80.0,180,100.0,8,"lifetime_years(global),fuel_price(global),scenario_price(global)",14,15,93.33,1,2025,2050,target,THA
AIM/Hub-Thailand 2.2,NDCCon2030_-70pc2050,180,15,"BiomassCap, BiomassCap - w/ CCS, BiomassCap - w/o CCS, CoalCap, CoalCap - w/ CCS, CoalCap - w/o CCS, GasCap, GasCap - w/ CCS, GasCap - w/o CCS, GeothermalCap, HydroCap, OilCap, OilCap - w/ CCS, OilCap - w/o CCS, WindCap - Onshore",180,0,100.0,84,46.67,180,100.0,144,80.0,180,100.0,8,"lifetime_years(global),fuel_price(global),scenario_price(global)",14,15,93.33,1,2025,2050,target,THA
AIM/Hub-Thailand 2.2,NDCCon2030_-80pc2050,180,15,"BiomassCap, BiomassCap - w/ CCS, BiomassCap - w/o CCS, CoalCap, CoalCap - w/ CCS, CoalCap - w/o CCS, GasCap, GasCap - w/ CCS, GasCap - w/o CCS, GeothermalCap, HydroCap, OilCap, OilCap - w/ CCS, OilCap - w/o CCS, WindCap - Onshore",180,0,100.0,84,46.67,180,100.0,144,80.0,180,100.0,8,"lifetime_years(global),fuel_price(global),scenario_price(global)",14,15,93.33,1,2025,2050,target,THA
AIM/Hub-Thailand 2.2,NDCCon2030_-90pc2050,180,15,"BiomassCap, BiomassCap - w/ CCS, BiomassCap - w/o CCS, CoalCap, CoalCap - w/ CCS, CoalCap - w/o CCS, GasCap, GasCap - w/ CCS, GasCap - w/o CCS, GeothermalCap, HydroCap, OilCap, OilCap - w/ CCS, OilCap - w/o CCS, WindCap - Onshore",180,0,100.0,84,46.67,180,100.0,144,80.0,180,100.0,8,"lifetime_years(global),fuel_price(global),scenario_price(global)",14,15,93.33,1,2025,2050,target,THA
AIM/Hub-Thailand 2.2,NDCUnc2030_-100pc2050,180,15,"BiomassCap, BiomassCap - w/ CCS, BiomassCap - w/o CCS, CoalCap, CoalCap - w/ CCS, CoalCap - w/o CCS, GasCap, GasCap - w/ CCS, GasCap - w/o CCS, GeothermalCap, HydroCap, OilCap, OilCap - w/ CCS, OilCap - w/o CCS, WindCap - Onshore",180,0,100.0,84,46.67,180,100.0,144,80.0,180,100.0,8,"lifetime_years(global),fuel_price(global),scenario_price(global)",14,15,93.33,1,2025,2050,target,THA
AIM/Hub-Thailand 2.2,NDCUnc2030_-30pc2050,180,15,"BiomassCap, BiomassCap - w/ CCS, BiomassCap - w/o CCS, CoalCap, CoalCap - w/ CCS, CoalCap - w/o CCS, GasCap, GasCap - w/ CCS, GasCap - w/o CCS, GeothermalCap, HydroCap, OilCap, OilCap - w/ CCS, OilCap - w/o CCS, WindCap - Onshore",180,0,100.0,86,47.78,180,100.0,144,80.0,180,100.0,8,"lifetime_years(global),fuel_price(global),scenario_price(global)",14,15,93.33,1,2025,2050,target,THA
AIM/Hub-Thailand 2.2,NDCUnc2030_-40pc2050,180,15,"BiomassCap, BiomassCap - w/ CCS, BiomassCap - w/o CCS, CoalCap, CoalCap - w/ CCS, CoalCap - w/o CCS, GasCap, GasCap - w/ CCS, GasCap - w/o CCS, GeothermalCap, HydroCap, OilCap, OilCap - w/ CCS, OilCap - w/o CCS, WindCap - Onshore",180,0,100.0,86,47.78,180,100.0,144,80.0,180,100.0,8,"lifetime_years(global),fuel_price(global),scenario_price(global)",14,15,93.33,1,2025,2050,target,THA
AIM/Hub-Thailand 2.2,NDCUnc2030_-50pc2050,180,15,"BiomassCap, BiomassCap - w/ CCS, BiomassCap - w/o CCS, CoalCap, CoalCap - w/ CCS, CoalCap - w/o CCS, GasCap, GasCap - w/ CCS, GasCap - w/o CCS, GeothermalCap, HydroCap, OilCap, OilCap - w/ CCS, OilCap - w/o CCS, WindCap - Onshore",180,0,100.0,86,47.78,180,100.0,144,80.0,180,100.0,8,"lifetime_years(global),fuel_price(global),scenario_price(global)",14,15,93.33,1,2025,2050,target,THA
AIM/Hub-Thailand 2.2,NDCUnc2030_-60pc2050,180,15,"BiomassCap, BiomassCap - w/ CCS, BiomassCap - w/o CCS, CoalCap, CoalCap - w/ CCS, CoalCap - w/o CCS, GasCap, GasCap - w/ CCS, GasCap - w/o CCS, GeothermalCap, HydroCap, OilCap, OilCap - w/ CCS, OilCap - w/o CCS, WindCap - Onshore",180,0,100.0,86,47.78,180,100.0,144,80.0,180,100.0,8,"lifetime_years(global),fuel_price(global),scenario_price(global)",14,15,93.33,1,2025,2050,target,THA
AIM/Hub-Thailand 2.2,NDCUnc2030_-70pc2050,180,15,"BiomassCap, BiomassCap - w/ CCS, BiomassCap - w/o CCS, CoalCap, CoalCap - w/ CCS, CoalCap - w/o CCS, GasCap, GasCap - w/ CCS, GasCap - w/o CCS, GeothermalCap, HydroCap, OilCap, OilCap - w/ CCS, OilCap - w/o CCS, WindCap - Onshore",180,0,100.0,84,46.67,180,100.0,144,80.0,180,100.0,8,"lifetime_years(global),fuel_price(global),scenario_price(global)",14,15,93.33,1,2025,2050,target,THA
AIM/Hub-Thailand 2.2,NDCUnc2030_-80pc2050,180,15,"BiomassCap, BiomassCap - w/ CCS, BiomassCap - w/o CCS, CoalCap, CoalCap - w/ CCS, CoalCap - w/o CCS, GasCap, GasCap - w/ CCS, GasCap - w/o CCS, GeothermalCap, HydroCap, OilCap, OilCap - w/ CCS, OilCap - w/o CCS, WindCap - Onshore",180,0,100.0,84,46.67,180,100.0,144,80.0,180,100.0,8,"lifetime_years(global),fuel_price(global),scenario_price(global)",14,15,93.33,1,2025,2050,target,THA
AIM/Hub-Thailand 2.2,NDCUnc2030_-90pc2050,180,15,"BiomassCap, BiomassCap - w/ CCS, BiomassCap - w/o CCS, CoalCap, CoalCap - w/ CCS, CoalCap - w/o CCS, GasCap, GasCap - w/ CCS, GasCap - w/o CCS, GeothermalCap, HydroCap, OilCap, OilCap - w/ CCS, OilCap - w/o CCS, WindCap - Onshore",180,0,100.0,84,46.67,180,100.0,144,80.0,180,100.0,8,"lifetime_years(global),fuel_price(global),scenario_price(global)",14,15,93.33,1,2025,2050,target,THA
AIM/Hub-Thailand 2.2,NPi,132,11,"BiomassCap, BiomassCap - w/o CCS, CoalCap, CoalCap - w/o CCS, GasCap, GasCap - w/o CCS, GeothermalCap, HydroCap, OilCap, OilCap - w/o CCS, WindCap - Onshore",132,0,100.0,60,45.45,132,100.0,96,72.73,132,100.0,8,"efficiency_decimal(global),lifetime_years(global),capital_cost_usd_per_mw(global),om_cost_usd_per_mw_per_yr(global),fuel_price(global),scenario_price(global)",10,11,90.91,1,2025,2050,target,THA
AIM/Hub-Vietnam 2.2,EN_NP_2025_-1002050,180,15,"BiomassCap, BiomassCap - w/ CCS, BiomassCap - w/o CCS, CoalCap, CoalCap - w/ CCS, CoalCap - w/o CCS, GasCap, GasCap - w/ CCS, GasCap - w/o CCS, HydroCap, NuclearCap, OilCap, OilCap - w/ CCS, OilCap - w/o CCS, WindCap - Onshore",180,0,100.0,86,47.78,180,100.0,144,80.0,180,100.0,8,"lifetime_years(global),fuel_price(global),scenario_price(global)",15,15,100.0,1,2025,2050,target,VNM
AIM/Hub-Vietnam 2.2,EN_NP_2025_-302050,180,15,"BiomassCap, BiomassCap - w/ CCS, BiomassCap - w/o CCS, CoalCap, CoalCap - w/ CCS, CoalCap - w/o CCS, GasCap, GasCap - w/ CCS, GasCap - w/o CCS, HydroCap, NuclearCap, OilCap, OilCap - w/ CCS, OilCap - w/o CCS, WindCap - Onshore",180,0,100.0,86,47.78,180,100.0,144,80.0,180,100.0,8,"lifetime_years(global),fuel_price(global),scenario_price(global)",15,15,100.0,1,2025,2050,target,VNM
AIM/Hub-Vietnam 2.2,EN_NP_2025_-402050,180,15,"BiomassCap, BiomassCap - w/ CCS, BiomassCap - w/o CCS, CoalCap, CoalCap - w/ CCS, CoalCap - w/o CCS, GasCap, GasCap - w/ CCS, GasCap - w/o CCS, HydroCap, NuclearCap, OilCap, OilCap - w/ CCS, OilCap - w/o CCS, WindCap - Onshore",180,0,100.0,86,47.78,180,100.0,144,80.0,180,100.0,8,"lifetime_years(global),fuel_price(global),scenario_price(global)",15,15,100.0,1,2025,2050,target,VNM
AIM/Hub-Vietnam 2.2,EN_NP_2025_-502050,180,15,"BiomassCap, BiomassCap - w/ CCS, BiomassCap - w/o CCS, CoalCap, CoalCap - w/ CCS, CoalCap - w/o CCS, GasCap, GasCap - w/ CCS, GasCap - w/o CCS, HydroCap, NuclearCap, OilCap, OilCap - w/ CCS, OilCap - w/o CCS, WindCap - Onshore",180,0,100.0,84,46.67,180,100.0,144,80.0,180,100.0,8,"lifetime_years(global),fuel_price(global),scenario_price(global)",15,15,100.0,1,2025,2050,target,VNM
AIM/Hub-Vietnam 2.2,EN_NP_2025_-602050,180,15,"BiomassCap, BiomassCap - w/ CCS, BiomassCap - w/o CCS, CoalCap, CoalCap - w/ CCS, CoalCap - w/o CCS, GasCap, GasCap - w/ CCS, GasCap - w/o CCS, HydroCap, NuclearCap, OilCap, OilCap - w/ CCS, OilCap - w/o CCS, WindCap - Onshore",180,0,100.0,84,46.67,180,100.0,144,80.0,180,100.0,8,"lifetime_years(global),fuel_price(global),scenario_price(global)",15,15,100.0,1,2025,2050,target,VNM
AIM/Hub-Vietnam 2.2,EN_NP_2025_-702050,180,15,"BiomassCap, BiomassCap - w/ CCS, BiomassCap - w/o CCS, CoalCap, CoalCap - w/ CCS, CoalCap - w/o CCS, GasCap, GasCap - w/ CCS, GasCap - w/o CCS, HydroCap, NuclearCap, OilCap, OilCap - w/ CCS, OilCap - w/o CCS, WindCap - Onshore",180,0,100.0,84,46.67,180,100.0,144,80.0,180,100.0,8,"lifetime_years(global),fuel_price(global),scenario_price(global)",15,15,100.0,1,2025,2050,target,VNM
AIM/Hub-Vietnam 2.2,EN_NP_2025_-802050,180,15,"BiomassCap, BiomassCap - w/ CCS, BiomassCap - w/o CCS, CoalCap, CoalCap - w/ CCS, CoalCap - w/o CCS, GasCap, GasCap - w/ CCS, GasCap - w/o CCS, HydroCap, NuclearCap, OilCap, OilCap - w/ CCS, OilCap - w/o CCS, WindCap - Onshore",180,0,100.0,84,46.67,180,100.0,144,80.0,180,100.0,8,"lifetime_years(global),fuel_price(global),scenario_price(global)",15,15,100.0,1,2025,2050,target,VNM
AIM/Hub-Vietnam 2.2,EN_NP_2025_-902050,180,15,"BiomassCap, BiomassCap - w/ CCS, BiomassCap - w/o CCS, CoalCap, CoalCap - w/ CCS, CoalCap - w/o CCS, GasCap, GasCap - w/ CCS, GasCap - w/o CCS, HydroCap, NuclearCap, OilCap, OilCap - w/ CCS, OilCap - w/o CCS, WindCap - Onshore",180,0,100.0,84,46.67,180,100.0,144,80.0,180,100.0,8,"lifetime_years(global),fuel_price(global),scenario_price(global)",15,15,100.0,1,2025,2050,target,VNM
AIM/Hub-Vietnam 2.2,EN_NP_CurPol,132,11,"BiomassCap, BiomassCap - w/o CCS, CoalCap, CoalCap - w/o CCS, GasCap, GasCap - w/o CCS, HydroCap, NuclearCap, OilCap, OilCap - w/o CCS, WindCap - Onshore",132,0,100.0,60,45.45,132,100.0,96,72.73,132,100.0,8,"efficiency_decimal(global),lifetime_years(global),capital_cost_usd_per_mw(global),om_cost_usd_per_mw_per_yr(global),fuel_price(global),scenario_price(global)",11,11,100.0,1,2025,2050,target,VNM
AIM/Hub-Vietnam 2.2,EN_NP_UNDC,180,15,"BiomassCap, BiomassCap - w/ CCS, BiomassCap - w/o CCS, CoalCap, CoalCap - w/ CCS, CoalCap - w/o CCS, GasCap, GasCap - w/ CCS, GasCap - w/o CCS, HydroCap, NuclearCap, OilCap, OilCap - w/ CCS, OilCap - w/o CCS, WindCap - Onshore",180,0,100.0,86,47.78,180,100.0,144,80.0,180,100.0,8,"lifetime_years(global),fuel_price(global),scenario_price(global)",15,15,100.0,1,2025,2050,target,VNM
AIM/Hub-Vietnam 2.2,NDCCon2030_-100pc2050,180,15,"BiomassCap, BiomassCap - w/ CCS, BiomassCap - w/o CCS, CoalCap, CoalCap - w/ CCS, CoalCap - w/o CCS, GasCap, GasCap - w/ CCS, GasCap - w/o CCS, HydroCap, NuclearCap, OilCap, OilCap - w/ CCS, OilCap - w/o CCS, WindCap - Onshore",180,0,100.0,90,50.0,180,100.0,144,80.0,180,100.0,8,"efficiency_decimal(global),lifetime_years(global),capital_cost_usd_per_mw(global),om_cost_usd_per_mw_per_yr(global),fuel_price(global),scenario_price(global)",15,15,100.0,1,2025,2050,target,VNM
AIM/Hub-Vietnam 2.2,NDCCon2030_-30pc2050,180,15,"BiomassCap, BiomassCap - w/ CCS, BiomassCap - w/o CCS, CoalCap, CoalCap - w/ CCS, CoalCap - w/o CCS, GasCap, GasCap - w/ CCS, GasCap - w/o CCS, HydroCap, NuclearCap, OilCap, OilCap - w/ CCS, OilCap - w/o CCS, WindCap - Onshore",180,0,100.0,90,50.0,180,100.0,144,80.0,180,100.0,8,"efficiency_decimal(global),lifetime_years(global),capital_cost_usd_per_mw(global),om_cost_usd_per_mw_per_yr(global),fuel_price(global),scenario_price(global)",15,15,100.0,1,2025,2050,target,VNM
AIM/Hub-Vietnam 2.2,NDCCon2030_-40pc2050,180,15,"BiomassCap, BiomassCap - w/ CCS, BiomassCap - w/o CCS, CoalCap, CoalCap - w/ CCS, CoalCap - w/o CCS, GasCap, GasCap - w/ CCS, GasCap - w/o CCS, HydroCap, NuclearCap, OilCap, OilCap - w/ CCS, OilCap - w/o CCS, WindCap - Onshore",180,0,100.0,90,50.0,180,100.0,144,80.0,180,100.0,8,"efficiency_decimal(global),lifetime_years(global),capital_cost_usd_per_mw(global),om_cost_usd_per_mw_per_yr(global),fuel_price(global),scenario_price(global)",15,15,100.0,1,2025,2050,target,VNM
AIM/Hub-Vietnam 2.2,NDCCon2030_-50pc2050,180,15,"BiomassCap, BiomassCap - w/ CCS, BiomassCap - w/o CCS, CoalCap, CoalCap - w/ CCS, CoalCap - w/o CCS, GasCap, GasCap - w/ CCS, GasCap - w/o CCS, HydroCap, NuclearCap, OilCap, OilCap - w/ CCS, OilCap - w/o CCS, WindCap - Onshore",180,0,100.0,90,50.0,180,100.0,144,80.0,180,100.0,8,"efficiency_decimal(global),lifetime_years(global),capital_cost_usd_per_mw(global),om_cost_usd_per_mw_per_yr(global),fuel_price(global),scenario_price(global)",15,15,100.0,1,2025,2050,target,VNM
AIM/Hub-Vietnam 2.2,NDCCon2030_-60pc2050,180,15,"BiomassCap, BiomassCap - w/ CCS, BiomassCap - w/o CCS, CoalCap, CoalCap - w/ CCS, CoalCap - w/o CCS, GasCap, GasCap - w/ CCS, GasCap - w/o CCS, HydroCap, NuclearCap, OilCap, OilCap - w/ CCS, OilCap - w/o CCS, WindCap - Onshore",180,0,100.0,90,50.0,180,100.0,144,80.0,180,100.0,8,"efficiency_decimal(global),lifetime_years(global),capital_cost_usd_per_mw(global),om_cost_usd_per_mw_per_yr(global),fuel_price(global),scenario_price(global)",15,15,100.0,1,2025,2050,target,VNM
AIM/Hub-Vietnam 2.2,NDCCon2030_-70pc2050,180,15,"BiomassCap, BiomassCap - w/ CCS, BiomassCap - w/o CCS, CoalCap, CoalCap - w/ CCS, CoalCap - w/o CCS, GasCap, GasCap - w/ CCS, GasCap - w/o CCS, HydroCap, NuclearCap, OilCap, OilCap - w/ CCS, OilCap - w/o CCS, WindCap - Onshore",180,0,100.0,90,50.0,180,100.0,144,80.0,180,100.0,8,"efficiency_decimal(global),lifetime_years(global),capital_cost_usd_per_mw(global),om_cost_usd_per_mw_per_yr(global),fuel_price(global),scenario_price(global)",15,15,100.0,1,2025,2050,target,VNM
AIM/Hub-Vietnam 2.2,NDCCon2030_-80pc2050,180,15,"BiomassCap, BiomassCap - w/ CCS, BiomassCap - w/o CCS, CoalCap, CoalCap - w/ CCS, CoalCap - w/o CCS, GasCap, GasCap - w/ CCS, GasCap - w/o CCS, HydroCap, NuclearCap, OilCap, OilCap - w/ CCS, OilCap - w/o CCS, WindCap - Onshore",180,0,100.0,90,50.0,180,100.0,144,80.0,180,100.0,8,"efficiency_decimal(global),lifetime_years(global),capital_cost_usd_per_mw(global),om_cost_usd_per_mw_per_yr(global),fuel_price(global),scenario_price(global)",15,15,100.0,1,2025,2050,target,VNM
AIM/Hub-Vietnam 2.2,NDCCon2030_-90pc2050,180,15,"BiomassCap, BiomassCap - w/ CCS, BiomassCap - w/o CCS, CoalCap, CoalCap - w/ CCS, CoalCap - w/o CCS, GasCap, GasCap - w/ CCS, GasCap - w/o CCS, HydroCap, NuclearCap, OilCap, OilCap - w/ CCS, OilCap - w/o CCS, WindCap - Onshore",180,0,100.0,90,50.0,180,100.0,144,80.0,180,100.0,8,"efficiency_decimal(global),lifetime_years(global),capital_cost_usd_per_mw(global),om_cost_usd_per_mw_per_yr(global),fuel_price(global),scenario_price(global)",15,15,100.0,1,2025,2050,target,VNM
AIM/Hub-Vietnam 2.2,NDCUnc2030_-100pc2050,180,15,"BiomassCap, BiomassCap - w/ CCS, BiomassCap - w/o CCS, CoalCap, CoalCap - w/ CCS, CoalCap - w/o CCS, GasCap, GasCap - w/ CCS, GasCap - w/o CCS, HydroCap, NuclearCap, OilCap, OilCap - w/ CCS, OilCap - w/o CCS, WindCap - Onshore",180,0,100.0,90,50.0,180,100.0,144,80.0,180,100.0,8,"efficiency_decimal(global),lifetime_years(global),capital_cost_usd_per_mw(global),om_cost_usd_per_mw_per_yr(global),fuel_price(global),scenario_price(global)",15,15,100.0,1,2025,2050,target,VNM
AIM/Hub-Vietnam 2.2,NDCUnc2030_-30pc2050,180,15,"BiomassCap, BiomassCap - w/ CCS, BiomassCap - w/o CCS, CoalCap, CoalCap - w/ CCS, CoalCap - w/o CCS, GasCap, GasCap - w/ CCS, GasCap - w/o CCS, HydroCap, NuclearCap, OilCap, OilCap - w/ CCS, OilCap - w/o CCS, WindCap - Onshore",180,0,100.0,90,50.0,180,100.0,144,80.0,180,100.0,8,"efficiency_decimal(global),lifetime_years(global),capital_cost_usd_per_mw(global),om_cost_usd_per_mw_per_yr(global),fuel_price(global),scenario_price(global)",15,15,100.0,1,2025,2050,target,VNM
AIM/Hub-Vietnam 2.2,NDCUnc2030_-40pc2050,180,15,"BiomassCap, BiomassCap - w/ CCS, BiomassCap - w/o CCS, CoalCap, CoalCap - w/ CCS, CoalCap - w/o CCS, GasCap, GasCap - w/ CCS, GasCap - w/o CCS, HydroCap, NuclearCap, OilCap, OilCap - w/ CCS, OilCap - w/o CCS, WindCap - Onshore",180,0,100.0,90,50.0,180,100.0,144,80.0,180,100.0,8,"efficiency_decimal(global),lifetime_years(global),capital_cost_usd_per_mw(global),om_cost_usd_per_mw_per_yr(global),fuel_price(global),scenario_price(global)",15,15,100.0,1,2025,2050,target,VNM
AIM/Hub-Vietnam 2.2,NDCUnc2030_-50pc2050,180,15,"BiomassCap, BiomassCap - w/ CCS, BiomassCap - w/o CCS, CoalCap, CoalCap - w/ CCS, CoalCap - w/o CCS, GasCap, GasCap - w/ CCS, GasCap - w/o CCS, HydroCap, NuclearCap, OilCap, OilCap - w/ CCS, OilCap - w/o CCS, WindCap - Onshore",180,0,100.0,90,50.0,180,100.0,144,80.0,180,100.0,8,"efficiency_decimal(global),lifetime_years(global),capital_cost_usd_per_mw(global),om_cost_usd_per_mw_per_yr(global),fuel_price(global),scenario_price(global)",15,15,100.0,1,2025,2050,target,VNM
AIM/Hub-Vietnam 2.2,NDCUnc2030_-60pc2050,180,15,"BiomassCap, BiomassCap - w/ CCS, BiomassCap - w/o CCS, CoalCap, CoalCap - w/ CCS, CoalCap - w/o CCS, GasCap, GasCap - w/ CCS, GasCap - w/o CCS, HydroCap, NuclearCap, OilCap, OilCap - w/ CCS, OilCap - w/o CCS, WindCap - Onshore",180,0,100.0,90,50.0,180,100.0,144,80.0,180,100.0,8,"efficiency_decimal(global),lifetime_years(global),capital_cost_usd_per_mw(global),om_cost_usd_per_mw_per_yr(global),fuel_price(global),scenario_price(global)",15,15,100.0,1,2025,2050,target,VNM
AIM/Hub-Vietnam 2.2,NDCUnc2030_-70pc2050,180,15,"BiomassCap, BiomassCap - w/ CCS, BiomassCap - w/o CCS, CoalCap, CoalCap - w/ CCS, CoalCap - w/o CCS, GasCap, GasCap - w/ CCS, GasCap - w/o CCS, HydroCap, NuclearCap, OilCap, OilCap - w/ CCS, OilCap - w/o CCS, WindCap - Onshore",180,0,100.0,90,50.0,180,100.0,144,80.0,180,100.0,8,"efficiency_decimal(global),lifetime_years(global),capital_cost_usd_per_mw(global),om_cost_usd_per_mw_per_yr(global),fuel_price(global),scenario_price(global)",15,15,100.0,1,2025,2050,target,VNM
AIM/Hub-Vietnam 2.2,NDCUnc2030_-80pc2050,180,15,"BiomassCap, BiomassCap - w/ CCS, BiomassCap - w/o CCS, CoalCap, CoalCap - w/ CCS, CoalCap - w/o CCS, GasCap, GasCap - w/ CCS, GasCap - w/o CCS, HydroCap, NuclearCap, OilCap, OilCap - w/ CCS, OilCap - w/o CCS, WindCap - Onshore",180,0,100.0,90,50.0,180,100.0,144,80.0,180,100.0,8,"efficiency_decimal(global),lifetime_years(global),capital_cost_usd_per_mw(global),om_cost_usd_per_mw_per_yr(global),fuel_price(global),scenario_price(global)",15,15,100.0,1,2025,2050,target,VNM
AIM/Hub-Vietnam 2.2,NDCUnc2030_-90pc2050,180,15,"BiomassCap, BiomassCap - w/ CCS, BiomassCap - w/o CCS, CoalCap, CoalCap - w/ CCS, CoalCap - w/o CCS, GasCap, GasCap - w/ CCS, GasCap - w/o CCS, HydroCap, NuclearCap, OilCap, OilCap - w/ CCS, OilCap - w/o CCS, WindCap - Onshore",180,0,100.0,90,50.0,180,100.0,144,80.0,180,100.0,8,"efficiency_decimal(global),lifetime_years(global),capital_cost_usd_per_mw(global),om_cost_usd_per_mw_per_yr(global),fuel_price(global),scenario_price(global)",15,15,100.0,1,2025,2050,target,VNM
AIM/Hub-Vietnam 2.2,NPi,132,11,"BiomassCap, BiomassCap - w/o CCS, CoalCap, CoalCap - w/o CCS, GasCap, GasCap - w/o CCS, HydroCap, NuclearCap, OilCap, OilCap - w/o CCS, WindCap - Onshore",132,0,100.0,60,45.45,132,100.0,96,72.73,132,100.0,8,"efficiency_decimal(global),lifetime_years(global),capital_cost_usd_per_mw(global),om_cost_usd_per_mw_per_yr(global),fuel_price(global),scenario_price(global)",11,11,100.0,1,2025,2050,target,VNM
ANSWERMARKAL-INDIA 1.0,Conventional,28,4,"BiomassCap, CoalCap, HydroCap, NuclearCap",28,0,100.0,28,100.0,28,100.0,12,42.86,28,100.0,4,"lifetime_years,capital_cost_usd_per_mw,om_cost_usd_per_mw_per_yr,scenario_price",0,4,0.0,1,2030,2050,target,IND
ANSWERMARKAL-INDIA 1.0,Sustainable,28,4,"BiomassCap, CoalCap, HydroCap, NuclearCap",28,0,100.0,28,100.0,28,100.0,12,42.86,28,100.0,4,"lifetime_years,capital_cost_usd_per_mw,om_cost_usd_per_mw_per_yr,scenario_price",0,4,0.0,1,2030,2050,target,IND
BLUES-Brazil 1.0,CD-LINKS_INDC,138,12,"BiomassCap, BiomassCap - w/ CCS, CoalCap, CoalCap - w/ CCS, CoalCap - w/o CCS, GasCap, GasCap - w/ CCS, GasCap - w/o CCS, GeothermalCap, HydroCap, NuclearCap, OilCap - w/o CCS",138,0,100.0,138,100.0,138,100.0,108,78.26,138,100.0,6,"efficiency_decimal(global),lifetime_years(global),capital_cost_usd_per_mw(global),om_cost_usd_per_mw_per_yr(global),fuel_price(global),scenario_price(global)",0,12,0.0,1,2025,2050,target,BRA
BLUES-Brazil 1.0,CD-LINKS_INDC2030_high,120,10,"BiomassCap, CoalCap, CoalCap - w/ CCS, CoalCap - w/o CCS, GasCap, GasCap - w/ CCS, GasCap - w/o CCS, HydroCap, NuclearCap, OilCap - w/o CCS",120,0,100.0,120,100.0,120,100.0,96,80.0,120,100.0,6,"efficiency_decimal(global),lifetime_years(global),capital_cost_usd_per_mw(global),om_cost_usd_per_mw_per_yr(global),fuel_price(global),scenario_price(global)",0,10,0.0,1,2025,2050,target,BRA
BLUES-Brazil 1.0,CD-LINKS_INDC2030_low,138,12,"BiomassCap, BiomassCap - w/ CCS, CoalCap, CoalCap - w/ CCS, CoalCap - w/o CCS, GasCap, GasCap - w/ CCS, GasCap - w/o CCS, GeothermalCap, HydroCap, NuclearCap, OilCap - w/o CCS",138,0,100.0,138,100.0,138,100.0,108,78.26,138,100.0,6,"efficiency_decimal(global),lifetime_years(global),capital_cost_usd_per_mw(global),om_cost_usd_per_mw_per_yr(global),fuel_price(global),scenario_price(global)",0,12,0.0,1,2025,2050,target,BRA
BLUES-Brazil 1.0,CD-LINKS_NPi,138,12,"BiomassCap, BiomassCap - w/ CCS, CoalCap, CoalCap - w/ CCS, CoalCap - w/o CCS, GasCap, GasCap - w/ CCS, GasCap - w/o CCS, GeothermalCap, HydroCap, NuclearCap, OilCap - w/o CCS",138,0,100.0,138,100.0,138,100.0,108,78.26,138,100.0,6,"efficiency_decimal(global),lifetime_years(global),capital_cost_usd_per_mw(global),om_cost_usd_per_mw_per_yr(global),fuel_price(global),scenario_price(global)",0,12,0.0,1,2025,2050,target,BRA
BLUES-Brazil 1.0,CD-LINKS_NPi2020_low,138,12,"BiomassCap, BiomassCap - w/ CCS, CoalCap, CoalCap - w/ CCS, CoalCap - w/o CCS, GasCap, GasCap - w/ CCS, GasCap - w/o CCS, GeothermalCap, HydroCap, NuclearCap, OilCap - w/o CCS",138,0,100.0,138,100.0,138,100.0,108,78.26,138,100.0,6,"efficiency_decimal(global),lifetime_years(global),capital_cost_usd_per_mw(global),om_cost_usd_per_mw_per_yr(global),fuel_price(global),scenario_price(global)",0,12,0.0,1,2025,2050,target,BRA
BLUES-Brazil 1.0,CD-LINKS_NPi2020_verylow,138,12,"BiomassCap, BiomassCap - w/ CCS, CoalCap, CoalCap - w/ CCS, CoalCap - w/o CCS, GasCap, GasCap - w/ CCS, GasCap - w/o CCS, GeothermalCap, HydroCap, NuclearCap, OilCap - w/o CCS",138,0,100.0,138,100.0,138,100.0,108,78.26,138,100.0,6,"efficiency_decimal(global),lifetime_years(global),capital_cost_usd_per_mw(global),om_cost_usd_per_mw_per_yr(global),fuel_price(global),scenario_price(global)",0,12,0.0,1,2025,2050,target,BRA
BLUES-Brazil 1.0,CO_2Deg2020,192,16,"BiomassCap, BiomassCap - w/ CCS, BiomassCap - w/o CCS, CoalCap, CoalCap - w/ CCS, CoalCap - w/o CCS, GasCap, GasCap - w/ CCS, GasCap - w/o CCS, HydroCap, NuclearCap, OilCap, OilCap - w/ CCS, OilCap - w/o CCS, WindCap - Offshore, WindCap - Onshore",192,0,100.0,192,100.0,192,100.0,144,75.0,192,100.0,6,"efficiency_decimal(global),lifetime_years(global),capital_cost_usd_per_mw(global),om_cost_usd_per_mw_per_yr(global),fuel_price(global),scenario_price(global)",0,16,0.0,1,2025,2050,target,BRA
BLUES-Brazil 1.0,CO_2Deg2030,192,16,"BiomassCap, BiomassCap - w/ CCS, BiomassCap - w/o CCS, CoalCap, CoalCap - w/ CCS, CoalCap - w/o CCS, GasCap, GasCap - w/ CCS, GasCap - w/o CCS, HydroCap, NuclearCap, OilCap, OilCap - w/ CCS, OilCap - w/o CCS, WindCap - Offshore, WindCap - Onshore",192,0,100.0,192,100.0,192,100.0,144,75.0,192,100.0,6,"efficiency_decimal(global),lifetime_years(global),capital_cost_usd_per_mw(global),om_cost_usd_per_mw_per_yr(global),fuel_price(global),scenario_price(global)",0,16,0.0,1,2025,2050,target,BRA
BLUES-Brazil 1.0,CO_BAU,192,16,"BiomassCap, BiomassCap - w/ CCS, BiomassCap - w/o CCS, CoalCap, CoalCap - w/ CCS, CoalCap - w/o CCS, GasCap, GasCap - w/ CCS, GasCap - w/o CCS, HydroCap, NuclearCap, OilCap, OilCap - w/ CCS, OilCap - w/o CCS, WindCap - Offshore, WindCap - Onshore",192,0,100.0,192,100.0,192,100.0,144,75.0,192,100.0,6,"efficiency_decimal(global),lifetime_years(global),capital_cost_usd_per_mw(global),om_cost_usd_per_mw_per_yr(global),fuel_price(global),scenario_price(global)",0,16,0.0,1,2025,2050,target,BRA
BLUES-Brazil 1.0,CO_Bridge,192,16,"BiomassCap, BiomassCap - w/ CCS, BiomassCap - w/o CCS, CoalCap, CoalCap - w/ CCS, CoalCap - w/o CCS, GasCap, GasCap - w/ CCS, GasCap - w/o CCS, HydroCap, NuclearCap, OilCap, OilCap - w/ CCS, OilCap - w/o CCS, WindCap - Offshore, WindCap - Onshore",192,0,100.0,192,100.0,192,100.0,144,75.0,192,100.0,6,"efficiency_decimal(global),lifetime_years(global),capital_cost_usd_per_mw(global),om_cost_usd_per_mw_per_yr(global),fuel_price(global),scenario_price(global)",0,16,0.0,1,2025,2050,target,BRA
BLUES-Brazil 1.0,CO_Bridge_notax,192,16,"BiomassCap, BiomassCap - w/ CCS, BiomassCap - w/o CCS, CoalCap, CoalCap - w/ CCS, CoalCap - w/o CCS, GasCap, GasCap - w/ CCS, GasCap - w/o CCS, HydroCap, NuclearCap, OilCap, OilCap - w/ CCS, OilCap - w/o CCS, WindCap - Offshore, WindCap - Onshore",192,0,100.0,192,100.0,192,100.0,144,75.0,192,100.0,6,"efficiency_decimal(global),lifetime_years(global),capital_cost_usd_per_mw(global),om_cost_usd_per_mw_per_yr(global),fuel_price(global),scenario_price(global)",0,16,0.0,1,2025,2050,target,BRA
BLUES-Brazil 1.0,CO_CurPol,192,16,"BiomassCap, BiomassCap - w/ CCS, BiomassCap - w/o CCS, CoalCap, CoalCap - w/ CCS, CoalCap - w/o CCS, GasCap, GasCap - w/ CCS, GasCap - w/o CCS, HydroCap, NuclearCap, OilCap, OilCap - w/ CCS, OilCap - w/o CCS, WindCap - Offshore, WindCap - Onshore",192,0,100.0,192,100.0,192,100.0,144,75.0,192,100.0,6,"efficiency_decimal(global),lifetime_years(global),capital_cost_usd_per_mw(global),om_cost_usd_per_mw_per_yr(global),fuel_price(global),scenario_price(global)",0,16,0.0,1,2025,2050,target,BRA
BLUES-Brazil 1.0,CO_GPP,192,16,"BiomassCap, BiomassCap - w/ CCS, BiomassCap - w/o CCS, CoalCap, CoalCap - w/ CCS, CoalCap - w/o CCS, GasCap, GasCap - w/ CCS, GasCap - w/o CCS, HydroCap, NuclearCap, OilCap, OilCap - w/ CCS, OilCap - w/o CCS, WindCap - Offshore, WindCap - Onshore",192,0,100.0,192,100.0,192,100.0,144,75.0,192,100.0,6,"efficiency_decimal(global),lifetime_years(global),capital_cost_usd_per_mw(global),om_cost_usd_per_mw_per_yr(global),fuel_price(global),scenario_price(global)",0,16,0.0,1,2025,2050,target,BRA
BLUES-Brazil 1.0,CO_GPP_notax,192,16,"BiomassCap, BiomassCap - w/ CCS, BiomassCap - w/o CCS, CoalCap, CoalCap - w/ CCS, CoalCap - w/o CCS, GasCap, GasCap - w/ CCS, GasCap - w/o CCS, HydroCap, NuclearCap, OilCap, OilCap - w/ CCS, OilCap - w/o CCS, WindCap - Offshore, WindCap - Onshore",192,0,100.0,192,100.0,192,100.0,144,75.0,192,100.0,6,"efficiency_decimal(global),lifetime_years(global),capital_cost_usd_per_mw(global),om_cost_usd_per_mw_per_yr(global),fuel_price(global),scenario_price(global)",0,16,0.0,1,2025,2050,target,BRA
BLUES-Brazil 1.0,CO_NDCplus,192,16,"BiomassCap, BiomassCap - w/ CCS, BiomassCap - w/o CCS, CoalCap, CoalCap - w/ CCS, CoalCap - w/o CCS, GasCap, GasCap - w/ CCS, GasCap - w/o CCS, HydroCap, NuclearCap, OilCap, OilCap - w/ CCS, OilCap - w/o CCS, WindCap - Offshore, WindCap - Onshore",192,0,100.0,192,100.0,192,100.0,144,75.0,192,100.0,6,"efficiency_decimal(global),lifetime_years(global),capital_cost_usd_per_mw(global),om_cost_usd_per_mw_per_yr(global),fuel_price(global),scenario_price(global)",0,16,0.0,1,2025,2050,target,BRA
BLUES-Brazil 1.0,IEG Extended ,192,16,"BiomassCap, BiomassCap - w/ CCS, BiomassCap - w/o CCS, CoalCap, CoalCap - w/ CCS, CoalCap - w/o CCS, GasCap, GasCap - w/ CCS, GasCap - w/o CCS, HydroCap, NuclearCap, OilCap, OilCap - w/ CCS, OilCap - w/o CCS, WindCap - Offshore, WindCap - Onshore",192,0,100.0,192,100.0,192,100.0,144,75.0,192,100.0,6,"efficiency_decimal(global),lifetime_years(global),capital_cost_usd_per_mw(global),om_cost_usd_per_mw_per_yr(global),fuel_price(global),scenario_price(global)",0,16,0.0,1,2025,2050,target,BRA
BLUES-Brazil 1.0,IEG_Extended ,192,16,"BiomassCap, BiomassCap - w/ CCS, BiomassCap - w/o CCS, CoalCap, CoalCap - w/ CCS, CoalCap - w/o CCS, GasCap, GasCap - w/ CCS, GasCap - w/o CCS, HydroCap, NuclearCap, OilCap, OilCap - w/ CCS, OilCap - w/o CCS, WindCap - Offshore, WindCap - Onshore",192,0,100.0,192,100.0,192,100.0,144,75.0,192,100.0,6,"efficiency_decimal(global),lifetime_years(global),capital_cost_usd_per_mw(global),om_cost_usd_per_mw_per_yr(global),fuel_price(global),scenario_price(global)",0,16,0.0,1,2025,2050,target,BRA
BLUES-Brazil 1.0,SEG_Extended,192,16,"BiomassCap, BiomassCap - w/ CCS, BiomassCap - w/o CCS, CoalCap, CoalCap - w/ CCS, CoalCap - w/o CCS, GasCap, GasCap - w/ CCS, GasCap - w/o CCS, HydroCap, NuclearCap, OilCap, OilCap - w/ CCS, OilCap - w/o CCS, WindCap - Offshore, WindCap - Onshore",192,0,100.0,192,100.0,192,100.0,144,75.0,192,100.0,6,"efficiency_decimal(global),lifetime_years(global),capital_cost_usd_per_mw(global),om_cost_usd_per_mw_per_yr(global),fuel_price(global),scenario_price(global)",0,16,0.0,1,2025,2050,target,BRA
BLUES-Brazil 1.0,WEG Extended,192,16,"BiomassCap, BiomassCap - w/ CCS, BiomassCap - w/o CCS, CoalCap, CoalCap - w/ CCS, CoalCap - w/o CCS, GasCap, GasCap - w/ CCS, GasCap - w/o CCS, HydroCap, NuclearCap, OilCap, OilCap - w/ CCS, OilCap - w/o CCS, WindCap - Offshore, WindCap - Onshore",192,0,100.0,192,100.0,192,100.0,144,75.0,192,100.0,6,"efficiency_decimal(global),lifetime_years(global),capital_cost_usd_per_mw(global),om_cost_usd_per_mw_per_yr(global),fuel_price(global),scenario_price(global)",0,16,0.0,1,2025,2050,target,BRA
BLUES-Brazil 1.0,WEG_Extended,192,16,"BiomassCap, BiomassCap - w/ CCS, BiomassCap - w/o CCS, CoalCap, CoalCap - w/ CCS, CoalCap - w/o CCS, GasCap, GasCap - w/ CCS, GasCap - w/o CCS, HydroCap, NuclearCap, OilCap, OilCap - w/ CCS, OilCap - w/o CCS, WindCap - Offshore, WindCap - Onshore",192,0,100.0,192,100.0,192,100.0,144,75.0,192,100.0,6,"efficiency_decimal(global),lifetime_years(global),capital_cost_usd_per_mw(global),om_cost_usd_per_mw_per_yr(global),fuel_price(global),scenario_price(global)",0,16,0.0,1,2025,2050,target,BRA
BLUES-Brazil 2.0,EN_NP_2025_-1002050,192,16,"BiomassCap, BiomassCap - w/ CCS, BiomassCap - w/o CCS, CoalCap, CoalCap - w/ CCS, CoalCap - w/o CCS, GasCap, GasCap - w/ CCS, GasCap - w/o CCS, HydroCap, NuclearCap, OilCap, OilCap - w/ CCS, OilCap - w/o CCS, WindCap - Offshore, WindCap - Onshore",192,0,100.0,192,100.0,192,100.0,144,75.0,192,100.0,6,"efficiency_decimal(global),lifetime_years(global),capital_cost_usd_per_mw(global),om_cost_usd_per_mw_per_yr(global),fuel_price(global),scenario_price(global)",0,16,0.0,1,2025,2050,target,BRA
BLUES-Brazil 2.0,EN_NP_2025_-102050,192,16,"BiomassCap, BiomassCap - w/ CCS, BiomassCap - w/o CCS, CoalCap, CoalCap - w/ CCS, CoalCap - w/o CCS, GasCap, GasCap - w/ CCS, GasCap - w/o CCS, HydroCap, NuclearCap, OilCap, OilCap - w/ CCS, OilCap - w/o CCS, WindCap - Offshore, WindCap - Onshore",192,0,100.0,192,100.0,192,100.0,144,75.0,192,100.0,6,"efficiency_decimal(global),lifetime_years(global),capital_cost_usd_per_mw(global),om_cost_usd_per_mw_per_yr(global),fuel_price(global),scenario_price(global)",0,16,0.0,1,2025,2050,target,BRA
BLUES-Brazil 2.0,EN_NP_2025_-202050,192,16,"BiomassCap, BiomassCap - w/ CCS, BiomassCap - w/o CCS, CoalCap, CoalCap - w/ CCS, CoalCap - w/o CCS, GasCap, GasCap - w/ CCS, GasCap - w/o CCS, HydroCap, NuclearCap, OilCap, OilCap - w/ CCS, OilCap - w/o CCS, WindCap - Offshore, WindCap - Onshore",192,0,100.0,192,100.0,192,100.0,144,75.0,192,100.0,6,"efficiency_decimal(global),lifetime_years(global),capital_cost_usd_per_mw(global),om_cost_usd_per_mw_per_yr(global),fuel_price(global),scenario_price(global)",0,16,0.0,1,2025,2050,target,BRA
BLUES-Brazil 2.0,EN_NP_2025_-252050,192,16,"BiomassCap, BiomassCap - w/ CCS, BiomassCap - w/o CCS, CoalCap, CoalCap - w/ CCS, CoalCap - w/o CCS, GasCap, GasCap - w/ CCS, GasCap - w/o CCS, HydroCap, NuclearCap, OilCap, OilCap - w/ CCS, OilCap - w/o CCS, WindCap - Offshore, WindCap - Onshore",192,0,100.0,192,100.0,192,100.0,144,75.0,192,100.0,6,"efficiency_decimal(global),lifetime_years(global),capital_cost_usd_per_mw(global),om_cost_usd_per_mw_per_yr(global),fuel_price(global),scenario_price(global)",0,16,0.0,1,2025,2050,target,BRA
BLUES-Brazil 2.0,EN_NP_2025_-302050,192,16,"BiomassCap, BiomassCap - w/ CCS, BiomassCap - w/o CCS, CoalCap, CoalCap - w/ CCS, CoalCap - w/o CCS, GasCap, GasCap - w/ CCS, GasCap - w/o CCS, HydroCap, NuclearCap, OilCap, OilCap - w/ CCS, OilCap - w/o CCS, WindCap - Offshore, WindCap - Onshore",192,0,100.0,192,100.0,192,100.0,144,75.0,192,100.0,6,"efficiency_decimal(global),lifetime_years(global),capital_cost_usd_per_mw(global),om_cost_usd_per_mw_per_yr(global),fuel_price(global),scenario_price(global)",0,16,0.0,1,2025,2050,target,BRA
BLUES-Brazil 2.0,EN_NP_2025_-402050,192,16,"BiomassCap, BiomassCap - w/ CCS, BiomassCap - w/o CCS, CoalCap, CoalCap - w/ CCS, CoalCap - w/o CCS, GasCap, GasCap - w/ CCS, GasCap - w/o CCS, HydroCap, NuclearCap, OilCap, OilCap - w/ CCS, OilCap - w/o CCS, WindCap - Offshore, WindCap - Onshore",192,0,100.0,192,100.0,192,100.0,144,75.0,192,100.0,6,"efficiency_decimal(global),lifetime_years(global),capital_cost_usd_per_mw(global),om_cost_usd_per_mw_per_yr(global),fuel_price(global),scenario_price(global)",0,16,0.0,1,2025,2050,target,BRA
BLUES-Brazil 2.0,EN_NP_2025_-502050,192,16,"BiomassCap, BiomassCap - w/ CCS, BiomassCap - w/o CCS, CoalCap, CoalCap - w/ CCS, CoalCap - w/o CCS, GasCap, GasCap - w/ CCS, GasCap - w/o CCS, HydroCap, NuclearCap, OilCap, OilCap - w/ CCS, OilCap - w/o CCS, WindCap - Offshore, WindCap - Onshore",192,0,100.0,192,100.0,192,100.0,144,75.0,192,100.0,6,"efficiency_decimal(global),lifetime_years(global),capital_cost_usd_per_mw(global),om_cost_usd_per_mw_per_yr(global),fuel_price(global),scenario_price(global)",0,16,0.0,1,2025,2050,target,BRA
BLUES-Brazil 2.0,EN_NP_2025_-602050,192,16,"BiomassCap, BiomassCap - w/ CCS, BiomassCap - w/o CCS, CoalCap, CoalCap - w/ CCS, CoalCap - w/o CCS, GasCap, GasCap - w/ CCS, GasCap - w/o CCS, HydroCap, NuclearCap, OilCap, OilCap - w/ CCS, OilCap - w/o CCS, WindCap - Offshore, WindCap - Onshore",192,0,100.0,192,100.0,192,100.0,144,75.0,192,100.0,6,"efficiency_decimal(global),lifetime_years(global),capital_cost_usd_per_mw(global),om_cost_usd_per_mw_per_yr(global),fuel_price(global),scenario_price(global)",0,16,0.0,1,2025,2050,target,BRA
BLUES-Brazil 2.0,EN_NP_2025_-702050,192,16,"BiomassCap, BiomassCap - w/ CCS, BiomassCap - w/o CCS, CoalCap, CoalCap - w/ CCS, CoalCap - w/o CCS, GasCap, GasCap - w/ CCS, GasCap - w/o CCS, HydroCap, NuclearCap, OilCap, OilCap - w/ CCS, OilCap - w/o CCS, WindCap - Offshore, WindCap - Onshore",192,0,100.0,192,100.0,192,100.0,144,75.0,192,100.0,6,"efficiency_decimal(global),lifetime_years(global),capital_cost_usd_per_mw(global),om_cost_usd_per_mw_per_yr(global),fuel_price(global),scenario_price(global)",0,16,0.0,1,2025,2050,target,BRA
BLUES-Brazil 2.0,EN_NP_2025_-752050,192,16,"BiomassCap, BiomassCap - w/ CCS, BiomassCap - w/o CCS, CoalCap, CoalCap - w/ CCS, CoalCap - w/o CCS, GasCap, GasCap - w/ CCS, GasCap - w/o CCS, HydroCap, NuclearCap, OilCap, OilCap - w/ CCS, OilCap - w/o CCS, WindCap - Offshore, WindCap - Onshore",192,0,100.0,192,100.0,192,100.0,144,75.0,192,100.0,6,"efficiency_decimal(global),lifetime_years(global),capital_cost_usd_per_mw(global),om_cost_usd_per_mw_per_yr(global),fuel_price(global),scenario_price(global)",0,16,0.0,1,2025,2050,target,BRA
BLUES-Brazil 2.0,EN_NP_2025_-802050,192,16,"BiomassCap, BiomassCap - w/ CCS, BiomassCap - w/o CCS, CoalCap, CoalCap - w/ CCS, CoalCap - w/o CCS, GasCap, GasCap - w/ CCS, GasCap - w/o CCS, HydroCap, NuclearCap, OilCap, OilCap - w/ CCS, OilCap - w/o CCS, WindCap - Offshore, WindCap - Onshore",192,0,100.0,192,100.0,192,100.0,144,75.0,192,100.0,6,"efficiency_decimal(global),lifetime_years(global),capital_cost_usd_per_mw(global),om_cost_usd_per_mw_per_yr(global),fuel_price(global),scenario_price(global)",0,16,0.0,1,2025,2050,target,BRA
BLUES-Brazil 2.0,EN_NP_2025_-902050,192,16,"BiomassCap, BiomassCap - w/ CCS, BiomassCap - w/o CCS, CoalCap, CoalCap - w/ CCS, CoalCap - w/o CCS, GasCap, GasCap - w/ CCS, GasCap - w/o CCS, HydroCap, NuclearCap, OilCap, OilCap - w/ CCS, OilCap - w/o CCS, WindCap - Offshore, WindCap - Onshore",192,0,100.0,192,100.0,192,100.0,144,75.0,192,100.0,6,"efficiency_decimal(global),lifetime_years(global),capital_cost_usd_per_mw(global),om_cost_usd_per_mw_per_yr(global),fuel_price(global),scenario_price(global)",0,16,0.0,1,2025,2050,target,BRA
BLUES-Brazil 2.0,EN_NP_CurPol,192,16,"BiomassCap, BiomassCap - w/ CCS, BiomassCap - w/o CCS, CoalCap, CoalCap - w/ CCS, CoalCap - w/o CCS, GasCap, GasCap - w/ CCS, GasCap - w/o CCS, HydroCap, NuclearCap, OilCap, OilCap - w/ CCS, OilCap - w/o CCS, WindCap - Offshore, WindCap - Onshore",192,0,100.0,192,100.0,192,100.0,144,75.0,192,100.0,6,"efficiency_decimal(global),lifetime_years(global),capital_cost_usd_per_mw(global),om_cost_usd_per_mw_per_yr(global),fuel_price(global),scenario_price(global)",0,16,0.0,1,2025,2050,target,BRA
BLUES-Brazil 2.0,EN_NP_UNDC,192,16,"BiomassCap, BiomassCap - w/ CCS, BiomassCap - w/o CCS, CoalCap, CoalCap - w/ CCS, CoalCap - w/o CCS, GasCap, GasCap - w/ CCS, GasCap - w/o CCS, HydroCap, NuclearCap, OilCap, OilCap - w/ CCS, OilCap - w/o CCS, WindCap - Offshore, WindCap - Onshore",192,0,100.0,192,100.0,192,100.0,144,75.0,192,100.0,6,"efficiency_decimal(global),lifetime_years(global),capital_cost_usd_per_mw(global),om_cost_usd_per_mw_per_yr(global),fuel_price(global),scenario_price(global)",0,16,0.0,1,2025,2050,target,BRA
C3IAM 1.0,SSP1_5.0,150,5,"CoalCap, GasCap, HydroCap, NuclearCap, OilCap",150,0,100.0,150,100.0,150,100.0,18,12.0,150,100.0,5,"lifetime_years,capital_cost_usd_per_mw,om_cost_usd_per_mw_per_yr,scenario_price",0,5,0.0,196,2025,2050,target,R10AFRICA
C3IAM 1.0,SSP1_BAU,180,10,"BiomassCap, BiomassCap - w/o CCS, CoalCap, CoalCap - w/o CCS, GasCap, GasCap - w/o CCS, HydroCap, NuclearCap, OilCap, WindCap - Onshore",180,0,100.0,132,73.33,132,73.33,42,23.33,180,100.0,7,"lifetime_years,capital_cost_usd_per_mw,om_cost_usd_per_mw_per_yr,scenario_price",0,10,0.0,196,2025,2050,target,R10AFRICA
C3IAM 1.0,SSP1_NDC,150,5,"CoalCap, GasCap, HydroCap, NuclearCap, OilCap",150,0,100.0,150,100.0,150,100.0,18,12.0,150,100.0,5,"lifetime_years,capital_cost_usd_per_mw,om_cost_usd_per_mw_per_yr,scenario_price",0,5,0.0,196,2025,2050,target,R10AFRICA
C3IAM 1.0,SSP2_5.0,150,5,"CoalCap, GasCap, HydroCap, NuclearCap, OilCap",150,0,100.0,150,100.0,150,100.0,18,12.0,150,100.0,5,"lifetime_years,capital_cost_usd_per_mw,om_cost_usd_per_mw_per_yr,scenario_price",0,5,0.0,196,2025,2050,target,R10AFRICA
C3IAM 1.0,SSP2_BAU,180,10,"BiomassCap, BiomassCap - w/o CCS, CoalCap, CoalCap - w/o CCS, GasCap, GasCap - w/o CCS, HydroCap, NuclearCap, OilCap, WindCap - Onshore",180,0,100.0,132,73.33,132,73.33,42,23.33,180,100.0,7,"lifetime_years,capital_cost_usd_per_mw,om_cost_usd_per_mw_per_yr,scenario_price",0,10,0.0,196,2025,2050,target,R10AFRICA
C3IAM 1.0,SSP2_NDC,150,5,"CoalCap, GasCap, HydroCap, NuclearCap, OilCap",150,0,100.0,150,100.0,150,100.0,18,12.0,150,100.0,5,"lifetime_years,capital_cost_usd_per_mw,om_cost_usd_per_mw_per_yr,scenario_price",0,5,0.0,196,2025,2050,target,R10AFRICA
C3IAM 1.0,SSP3_5.5,150,5,"CoalCap, GasCap, HydroCap, NuclearCap, OilCap",150,0,100.0,150,100.0,150,100.0,18,12.0,150,100.0,5,"lifetime_years,capital_cost_usd_per_mw,om_cost_usd_per_mw_per_yr,scenario_price",0,5,0.0,196,2025,2050,target,R10AFRICA
C3IAM 1.0,SSP3_BAU,180,10,"BiomassCap, BiomassCap - w/o CCS, CoalCap, CoalCap - w/o CCS, GasCap, GasCap - w/o CCS, HydroCap, NuclearCap, OilCap, WindCap - Onshore",180,0,100.0,132,73.33,132,73.33,42,23.33,180,100.0,7,"lifetime_years,capital_cost_usd_per_mw,om_cost_usd_per_mw_per_yr,scenario_price",0,10,0.0,196,2025,2050,target,R10AFRICA
C3IAM 1.0,SSP3_NDC,150,5,"CoalCap, GasCap, HydroCap, NuclearCap, OilCap",150,0,100.0,150,100.0,150,100.0,18,12.0,150,100.0,5,"lifetime_years,capital_cost_usd_per_mw,om_cost_usd_per_mw_per_yr,scenario_price",0,5,0.0,196,2025,2050,target,R10AFRICA
C3IAM 2.0,2C-hybrid,132,2,"HydroCap, NuclearCap",132,0,100.0,132,100.0,132,100.0,0,0.0,132,100.0,3,"lifetime_years,capital_cost_usd_per_mw,om_cost_usd_per_mw_per_yr,scenario_price",0,2,0.0,196,2025,2050,target,R10AFRICA
C3IAM 2.0,2C-normal,132,2,"HydroCap, NuclearCap",132,0,100.0,132,100.0,132,100.0,0,0.0,132,100.0,3,"lifetime_years,capital_cost_usd_per_mw,om_cost_usd_per_mw_per_yr,scenario_price",0,2,0.0,196,2025,2050,target,R10AFRICA
C3IAM 2.0,2C-with BECCS,132,2,"HydroCap, NuclearCap",132,0,100.0,132,100.0,132,100.0,0,0.0,132,100.0,3,"lifetime_years,capital_cost_usd_per_mw,om_cost_usd_per_mw_per_yr,scenario_price",0,2,0.0,196,2025,2050,target,R10AFRICA
C3IAM 2.0,2C-with CCS,132,2,"HydroCap, NuclearCap",132,0,100.0,132,100.0,132,100.0,0,0.0,132,100.0,3,"lifetime_years,capital_cost_usd_per_mw,om_cost_usd_per_mw_per_yr,scenario_price",0,2,0.0,196,2025,2050,target,R10AFRICA
C3IAM 2.0,SSP2 BAU,132,2,"HydroCap, NuclearCap",132,0,100.0,132,100.0,132,100.0,0,0.0,132,100.0,3,"lifetime_years,capital_cost_usd_per_mw,om_cost_usd_per_mw_per_yr,scenario_price",0,2,0.0,196,2025,2050,target,R10AFRICA
CEPRO-CHN 1.0,F-NPL-25,48,4,"HydroCap, NuclearCap, WindCap - Offshore, WindCap - Onshore",48,0,100.0,48,100.0,48,100.0,0,0.0,48,100.0,2,"lifetime_years,capital_cost_usd_per_mw,om_cost_usd_per_mw_per_yr,scenario_price",0,4,0.0,1,2025,2050,target,CHN
CEPRO-CHN 1.0,F-TPL-25,48,4,"HydroCap, NuclearCap, WindCap - Offshore, WindCap - Onshore",48,0,100.0,48,100.0,48,100.0,0,0.0,48,100.0,2,"lifetime_years,capital_cost_usd_per_mw,om_cost_usd_per_mw_per_yr,scenario_price",0,4,0.0,1,2025,2050,target,CHN
COFFEE 1.1,CO_2Deg2020,2142,17,"BiomassCap, BiomassCap - w/ CCS, BiomassCap - w/o CCS, CoalCap, CoalCap - w/ CCS, CoalCap - w/o CCS, GasCap, GasCap - w/ CCS, GasCap - w/o CCS, GeothermalCap, HydroCap, NuclearCap, OilCap, OilCap - w/ CCS, OilCap - w/o CCS, WindCap - Offshore, WindCap - Onshore",2142,0,100.0,2142,100.0,2142,100.0,1512,70.59,2142,100.0,7,"efficiency_decimal,lifetime_years,capital_cost_usd_per_mw,om_cost_usd_per_mw_per_yr,fuel_price,scenario_price",14,17,82.35,209,2025,2050,target,BRA
COFFEE 1.1,CO_2Deg2030,2142,17,"BiomassCap, BiomassCap - w/ CCS, BiomassCap - w/o CCS, CoalCap, CoalCap - w/ CCS, CoalCap - w/o CCS, GasCap, GasCap - w/ CCS, GasCap - w/o CCS, GeothermalCap, HydroCap, NuclearCap, OilCap, OilCap - w/ CCS, OilCap - w/o CCS, WindCap - Offshore, WindCap - Onshore",2142,0,100.0,2142,100.0,2142,100.0,1512,70.59,2142,100.0,7,"efficiency_decimal,lifetime_years,capital_cost_usd_per_mw,om_cost_usd_per_mw_per_yr,fuel_price,scenario_price",15,17,88.24,209,2025,2050,target,BRA
COFFEE 1.1,CO_BAU,2142,17,"BiomassCap, BiomassCap - w/ CCS, BiomassCap - w/o CCS, CoalCap, CoalCap - w/ CCS, CoalCap - w/o CCS, GasCap, GasCap - w/ CCS, GasCap - w/o CCS, GeothermalCap, HydroCap, NuclearCap, OilCap, OilCap - w/ CCS, OilCap - w/o CCS, WindCap - Offshore, WindCap - Onshore",2142,0,100.0,2142,100.0,2142,100.0,1512,70.59,2142,100.0,7,"efficiency_decimal,lifetime_years,capital_cost_usd_per_mw,om_cost_usd_per_mw_per_yr,fuel_price,scenario_price",12,17,70.59,209,2025,2050,target,BRA
COFFEE 1.1,CO_Bridge,2142,17,"BiomassCap, BiomassCap - w/ CCS, BiomassCap - w/o CCS, CoalCap, CoalCap - w/ CCS, CoalCap - w/o CCS, GasCap, GasCap - w/ CCS, GasCap - w/o CCS, GeothermalCap, HydroCap, NuclearCap, OilCap, OilCap - w/ CCS, OilCap - w/o CCS, WindCap - Offshore, WindCap - Onshore",2142,0,100.0,2142,100.0,2142,100.0,1512,70.59,2142,100.0,7,"efficiency_decimal,lifetime_years,capital_cost_usd_per_mw,om_cost_usd_per_mw_per_yr,fuel_price,scenario_price",14,17,82.35,209,2025,2050,target,BRA
COFFEE 1.1,CO_CurPol,2142,17,"BiomassCap, BiomassCap - w/ CCS, BiomassCap - w/o CCS, CoalCap, CoalCap - w/ CCS, CoalCap - w/o CCS, GasCap, GasCap - w/ CCS, GasCap - w/o CCS, GeothermalCap, HydroCap, NuclearCap, OilCap, OilCap - w/ CCS, OilCap - w/o CCS, WindCap - Offshore, WindCap - Onshore",2142,0,100.0,2142,100.0,2142,100.0,1512,70.59,2142,100.0,7,"efficiency_decimal,lifetime_years,capital_cost_usd_per_mw,om_cost_usd_per_mw_per_yr,fuel_price,scenario_price",12,17,70.59,209,2025,2050,target,BRA
COFFEE 1.1,CO_GPP,2142,17,"BiomassCap, BiomassCap - w/ CCS, BiomassCap - w/o CCS, CoalCap, CoalCap - w/ CCS, CoalCap - w/o CCS, GasCap, GasCap - w/ CCS, GasCap - w/o CCS, GeothermalCap, HydroCap, NuclearCap, OilCap, OilCap - w/ CCS, OilCap - w/o CCS, WindCap - Offshore, WindCap - Onshore",2142,0,100.0,2142,100.0,2142,100.0,1512,70.59,2142,100.0,7,"efficiency_decimal,lifetime_years,capital_cost_usd_per_mw,om_cost_usd_per_mw_per_yr,fuel_price,scenario_price",13,17,76.47,209,2025,2050,target,BRA
COFFEE 1.1,CO_NDCplus,2142,17,"BiomassCap, BiomassCap - w/ CCS, BiomassCap - w/o CCS, CoalCap, CoalCap - w/ CCS, CoalCap - w/o CCS, GasCap, GasCap - w/ CCS, GasCap - w/o CCS, GeothermalCap, HydroCap, NuclearCap, OilCap, OilCap - w/ CCS, OilCap - w/o CCS, WindCap - Offshore, WindCap - Onshore",2142,0,100.0,2142,100.0,2142,100.0,1512,70.59,2142,100.0,7,"efficiency_decimal,lifetime_years,capital_cost_usd_per_mw,om_cost_usd_per_mw_per_yr,fuel_price,scenario_price",12,17,70.59,209,2025,2050,target,BRA
COFFEE 1.1,EN_INDCi2030_1000,2040,17,"BiomassCap, BiomassCap - w/ CCS, BiomassCap - w/o CCS, CoalCap, CoalCap - w/ CCS, CoalCap - w/o CCS, GasCap, GasCap - w/ CCS, GasCap - w/o CCS, GeothermalCap, HydroCap, NuclearCap, OilCap, OilCap - w/ CCS, OilCap - w/o CCS, WindCap - Offshore, WindCap - Onshore",2040,0,100.0,2040,100.0,2040,100.0,1440,70.59,2040,100.0,7,"efficiency_decimal,lifetime_years,capital_cost_usd_per_mw,om_cost_usd_per_mw_per_yr,fuel_price,scenario_price",15,17,88.24,209,2025,2050,target,BRA
COFFEE 1.1,EN_INDCi2030_1000_COV_NDCp,2040,17,"BiomassCap, BiomassCap - w/ CCS, BiomassCap - w/o CCS, CoalCap, CoalCap - w/ CCS, CoalCap - w/o CCS, GasCap, GasCap - w/ CCS, GasCap - w/o CCS, GeothermalCap, HydroCap, NuclearCap, OilCap, OilCap - w/ CCS, OilCap - w/o CCS, WindCap - Offshore, WindCap - Onshore",2040,0,100.0,2040,100.0,2040,100.0,1440,70.59,2040,100.0,12,"efficiency_decimal,lifetime_years,capital_cost_usd_per_mw,om_cost_usd_per_mw_per_yr,fuel_price,scenario_price",15,17,88.24,209,2025,2050,target,BRA
COFFEE 1.1,EN_INDCi2030_1000_NDCp,2040,17,"BiomassCap, BiomassCap - w/ CCS, BiomassCap - w/o CCS, CoalCap, CoalCap - w/ CCS, CoalCap - w/o CCS, GasCap, GasCap - w/ CCS, GasCap - w/o CCS, GeothermalCap, HydroCap, NuclearCap, OilCap, OilCap - w/ CCS, OilCap - w/o CCS, WindCap - Offshore, WindCap - Onshore",2040,0,100.0,2040,100.0,2040,100.0,1440,70.59,2040,100.0,7,"efficiency_decimal,lifetime_years,capital_cost_usd_per_mw,om_cost_usd_per_mw_per_yr,fuel_price,scenario_price",15,17,88.24,209,2025,2050,target,BRA
COFFEE 1.1,EN_INDCi2030_1000f,2040,17,"BiomassCap, BiomassCap - w/ CCS, BiomassCap - w/o CCS, CoalCap, CoalCap - w/ CCS, CoalCap - w/o CCS, GasCap, GasCap - w/ CCS, GasCap - w/o CCS, GeothermalCap, HydroCap, NuclearCap, OilCap, OilCap - w/ CCS, OilCap - w/o CCS, WindCap - Offshore, WindCap - Onshore",2040,0,100.0,2040,100.0,2040,100.0,1440,70.59,2040,100.0,7,"efficiency_decimal,lifetime_years,capital_cost_usd_per_mw,om_cost_usd_per_mw_per_yr,fuel_price,scenario_price",15,17,88.24,209,2025,2050,target,BRA
COFFEE 1.1,EN_INDCi2030_1000f_COV_NDCp,2040,17,"BiomassCap, BiomassCap - w/ CCS, BiomassCap - w/o CCS, CoalCap, CoalCap - w/ CCS, CoalCap - w/o CCS, GasCap, GasCap - w/ CCS, GasCap - w/o CCS, GeothermalCap, HydroCap, NuclearCap, OilCap, OilCap - w/ CCS, OilCap - w/o CCS, WindCap - Offshore, WindCap - Onshore",2040,0,100.0,2040,100.0,2040,100.0,1440,70.59,2040,100.0,12,"efficiency_decimal,lifetime_years,capital_cost_usd_per_mw,om_cost_usd_per_mw_per_yr,fuel_price,scenario_price",15,17,88.24,209,2025,2050,target,BRA
COFFEE 1.1,EN_INDCi2030_1000f_NDCp,2040,17,"BiomassCap, BiomassCap - w/ CCS, BiomassCap - w/o CCS, CoalCap, CoalCap - w/ CCS, CoalCap - w/o CCS, GasCap, GasCap - w/ CCS, GasCap - w/o CCS, GeothermalCap, HydroCap, NuclearCap, OilCap, OilCap - w/ CCS, OilCap - w/o CCS, WindCap - Offshore, WindCap - Onshore",2040,0,100.0,2040,100.0,2040,100.0,1440,70.59,2040,100.0,12,"efficiency_decimal,lifetime_years,capital_cost_usd_per_mw,om_cost_usd_per_mw_per_yr,fuel_price,scenario_price",15,17,88.24,209,2025,2050,target,BRA
COFFEE 1.1,EN_INDCi2030_1200,2040,17,"BiomassCap, BiomassCap - w/ CCS, BiomassCap - w/o CCS, CoalCap, CoalCap - w/ CCS, CoalCap - w/o CCS, GasCap, GasCap - w/ CCS, GasCap - w/o CCS, GeothermalCap, HydroCap, NuclearCap, OilCap, OilCap - w/ CCS, OilCap - w/o CCS, WindCap - Offshore, WindCap - Onshore",2040,0,100.0,2040,100.0,2040,100.0,1440,70.59,2040,100.0,7,"efficiency_decimal,lifetime_years,capital_cost_usd_per_mw,om_cost_usd_per_mw_per_yr,fuel_price,scenario_price",15,17,88.24,209,2025,2050,target,BRA
COFFEE 1.1,EN_INDCi2030_1200f,2040,17,"BiomassCap, BiomassCap - w/ CCS, BiomassCap - w/o CCS, CoalCap, CoalCap - w/ CCS, CoalCap - w/o CCS, GasCap, GasCap - w/ CCS, GasCap - w/o CCS, GeothermalCap, HydroCap, NuclearCap, OilCap, OilCap - w/ CCS, OilCap - w/o CCS, WindCap - Offshore, WindCap - Onshore",2040,0,100.0,2040,100.0,2040,100.0,1440,70.59,2040,100.0,7,"efficiency_decimal,lifetime_years,capital_cost_usd_per_mw,om_cost_usd_per_mw_per_yr,fuel_price,scenario_price",14,17,82.35,209,2025,2050,target,BRA
COFFEE 1.1,EN_INDCi2030_1400,2040,17,"BiomassCap, BiomassCap - w/ CCS, BiomassCap - w/o CCS, CoalCap, CoalCap - w/ CCS, CoalCap - w/o CCS, GasCap, GasCap - w/ CCS, GasCap - w/o CCS, GeothermalCap, HydroCap, NuclearCap, OilCap, OilCap - w/ CCS, OilCap - w/o CCS, WindCap - Offshore, WindCap - Onshore",2040,0,100.0,2040,100.0,2040,100.0,1440,70.59,2040,100.0,7,"efficiency_decimal,lifetime_years,capital_cost_usd_per_mw,om_cost_usd_per_mw_per_yr,fuel_price,scenario_price",15,17,88.24,209,2025,2050,target,BRA
COFFEE 1.1,EN_INDCi2030_1400f,2040,17,"BiomassCap, BiomassCap - w/ CCS, BiomassCap - w/o CCS, CoalCap, CoalCap - w/ CCS, CoalCap - w/o CCS, GasCap, GasCap - w/ CCS, GasCap - w/o CCS, GeothermalCap, HydroCap, NuclearCap, OilCap, OilCap - w/ CCS, OilCap - w/o CCS, WindCap - Offshore, WindCap - Onshore",2040,0,100.0,2040,100.0,2040,100.0,1440,70.59,2040,100.0,7,"efficiency_decimal,lifetime_years,capital_cost_usd_per_mw,om_cost_usd_per_mw_per_yr,fuel_price,scenario_price",14,17,82.35,209,2025,2050,target,BRA
COFFEE 1.1,EN_INDCi2030_1600,2040,17,"BiomassCap, BiomassCap - w/ CCS, BiomassCap - w/o CCS, CoalCap, CoalCap - w/ CCS, CoalCap - w/o CCS, GasCap, GasCap - w/ CCS, GasCap - w/o CCS, GeothermalCap, HydroCap, NuclearCap, OilCap, OilCap - w/ CCS, OilCap - w/o CCS, WindCap - Offshore, WindCap - Onshore",2040,0,100.0,2040,100.0,2040,100.0,1440,70.59,2040,100.0,7,"efficiency_decimal,lifetime_years,capital_cost_usd_per_mw,om_cost_usd_per_mw_per_yr,fuel_price,scenario_price",14,17,82.35,209,2025,2050,target,BRA
COFFEE 1.1,EN_INDCi2030_1600f,2040,17,"BiomassCap, BiomassCap - w/ CCS, BiomassCap - w/o CCS, CoalCap, CoalCap - w/ CCS, CoalCap - w/o CCS, GasCap, GasCap - w/ CCS, GasCap - w/o CCS, GeothermalCap, HydroCap, NuclearCap, OilCap, OilCap - w/ CCS, OilCap - w/o CCS, WindCap - Offshore, WindCap - Onshore",2040,0,100.0,2040,100.0,2040,100.0,1440,70.59,2040,100.0,7,"efficiency_decimal,lifetime_years,capital_cost_usd_per_mw,om_cost_usd_per_mw_per_yr,fuel_price,scenario_price",14,17,82.35,209,2025,2050,target,BRA
COFFEE 1.1,EN_INDCi2030_1800,2040,17,"BiomassCap, BiomassCap - w/ CCS, BiomassCap - w/o CCS, CoalCap, CoalCap - w/ CCS, CoalCap - w/o CCS, GasCap, GasCap - w/ CCS, GasCap - w/o CCS, GeothermalCap, HydroCap, NuclearCap, OilCap, OilCap - w/ CCS, OilCap - w/o CCS, WindCap - Offshore, WindCap - Onshore",2040,0,100.0,2040,100.0,2040,100.0,1440,70.59,2040,100.0,7,"efficiency_decimal,lifetime_years,capital_cost_usd_per_mw,om_cost_usd_per_mw_per_yr,fuel_price,scenario_price",14,17,82.35,209,2025,2050,target,BRA
COFFEE 1.1,EN_INDCi2030_1800f,2040,17,"BiomassCap, BiomassCap - w/ CCS, BiomassCap - w/o CCS, CoalCap, CoalCap - w/ CCS, CoalCap - w/o CCS, GasCap, GasCap - w/ CCS, GasCap - w/o CCS, GeothermalCap, HydroCap, NuclearCap, OilCap, OilCap - w/ CCS, OilCap - w/o CCS, WindCap - Offshore, WindCap - Onshore",2040,0,100.0,2040,100.0,2040,100.0,1440,70.59,2040,100.0,7,"efficiency_decimal,lifetime_years,capital_cost_usd_per_mw,om_cost_usd_per_mw_per_yr,fuel_price,scenario_price",14,17,82.35,209,2025,2050,target,BRA
COFFEE 1.1,EN_INDCi2030_2000,2040,17,"BiomassCap, BiomassCap - w/ CCS, BiomassCap - w/o CCS, CoalCap, CoalCap - w/ CCS, CoalCap - w/o CCS, GasCap, GasCap - w/ CCS, GasCap - w/o CCS, GeothermalCap, HydroCap, NuclearCap, OilCap, OilCap - w/ CCS, OilCap - w/o CCS, WindCap - Offshore, WindCap - Onshore",2040,0,100.0,2040,100.0,2040,100.0,1440,70.59,2040,100.0,7,"efficiency_decimal,lifetime_years,capital_cost_usd_per_mw,om_cost_usd_per_mw_per_yr,fuel_price,scenario_price",14,17,82.35,209,2025,2050,target,BRA
COFFEE 1.1,EN_INDCi2030_2000f,2040,17,"BiomassCap, BiomassCap - w/ CCS, BiomassCap - w/o CCS, CoalCap, CoalCap - w/ CCS, CoalCap - w/o CCS, GasCap, GasCap - w/ CCS, GasCap - w/o CCS, GeothermalCap, HydroCap, NuclearCap, OilCap, OilCap - w/ CCS, OilCap - w/o CCS, WindCap - Offshore, WindCap - Onshore",2040,0,100.0,2040,100.0,2040,100.0,1440,70.59,2040,100.0,7,"efficiency_decimal,lifetime_years,capital_cost_usd_per_mw,om_cost_usd_per_mw_per_yr,fuel_price,scenario_price",14,17,82.35,209,2025,2050,target,BRA
COFFEE 1.1,EN_INDCi2030_2500,2040,17,"BiomassCap, BiomassCap - w/ CCS, BiomassCap - w/o CCS, CoalCap, CoalCap - w/ CCS, CoalCap - w/o CCS, GasCap, GasCap - w/ CCS, GasCap - w/o CCS, GeothermalCap, HydroCap, NuclearCap, OilCap, OilCap - w/ CCS, OilCap - w/o CCS, WindCap - Offshore, WindCap - Onshore",2040,0,100.0,2040,100.0,2040,100.0,1440,70.59,2040,100.0,7,"efficiency_decimal,lifetime_years,capital_cost_usd_per_mw,om_cost_usd_per_mw_per_yr,fuel_price,scenario_price",14,17,82.35,209,2025,2050,target,BRA
COFFEE 1.1,EN_INDCi2030_2500f,2040,17,"BiomassCap, BiomassCap - w/ CCS, BiomassCap - w/o CCS, CoalCap, CoalCap - w/ CCS, CoalCap - w/o CCS, GasCap, GasCap - w/ CCS, GasCap - w/o CCS, GeothermalCap, HydroCap, NuclearCap, OilCap, OilCap - w/ CCS, OilCap - w/o CCS, WindCap - Offshore, WindCap - Onshore",2040,0,100.0,2040,100.0,2040,100.0,1440,70.59,2040,100.0,7,"efficiency_decimal,lifetime_years,capital_cost_usd_per_mw,om_cost_usd_per_mw_per_yr,fuel_price,scenario_price",14,17,82.35,209,2025,2050,target,BRA
COFFEE 1.1,EN_INDCi2030_400f,2040,17,"BiomassCap, BiomassCap - w/ CCS, BiomassCap - w/o CCS, CoalCap, CoalCap - w/ CCS, CoalCap - w/o CCS, GasCap, GasCap - w/ CCS, GasCap - w/o CCS, GeothermalCap, HydroCap, NuclearCap, OilCap, OilCap - w/ CCS, OilCap - w/o CCS, WindCap - Offshore, WindCap - Onshore",2040,0,100.0,2040,100.0,2040,100.0,1440,70.59,2040,100.0,7,"efficiency_decimal,lifetime_years,capital_cost_usd_per_mw,om_cost_usd_per_mw_per_yr,fuel_price,scenario_price",15,17,88.24,209,2025,2050,target,BRA
COFFEE 1.1,EN_INDCi2030_500,2040,17,"BiomassCap, BiomassCap - w/ CCS, BiomassCap - w/o CCS, CoalCap, CoalCap - w/ CCS, CoalCap - w/o CCS, GasCap, GasCap - w/ CCS, GasCap - w/o CCS, GeothermalCap, HydroCap, NuclearCap, OilCap, OilCap - w/ CCS, OilCap - w/o CCS, WindCap - Offshore, WindCap - Onshore",2040,0,100.0,2040,100.0,2040,100.0,1440,70.59,2040,100.0,7,"efficiency_decimal,lifetime_years,capital_cost_usd_per_mw,om_cost_usd_per_mw_per_yr,fuel_price,scenario_price",14,17,82.35,209,2025,2050,target,BRA
COFFEE 1.1,EN_INDCi2030_500f,2040,17,"BiomassCap, BiomassCap - w/ CCS, BiomassCap - w/o CCS, CoalCap, CoalCap - w/ CCS, CoalCap - w/o CCS, GasCap, GasCap - w/ CCS, GasCap - w/o CCS, GeothermalCap, HydroCap, NuclearCap, OilCap, OilCap - w/ CCS, OilCap - w/o CCS, WindCap - Offshore, WindCap - Onshore",2040,0,100.0,2040,100.0,2040,100.0,1440,70.59,2040,100.0,7,"efficiency_decimal,lifetime_years,capital_cost_usd_per_mw,om_cost_usd_per_mw_per_yr,fuel_price,scenario_price",15,17,88.24,209,2025,2050,target,BRA
COFFEE 1.1,EN_INDCi2030_600,2040,17,"BiomassCap, BiomassCap - w/ CCS, BiomassCap - w/o CCS, CoalCap, CoalCap - w/ CCS, CoalCap - w/o CCS, GasCap, GasCap - w/ CCS, GasCap - w/o CCS, GeothermalCap, HydroCap, NuclearCap, OilCap, OilCap - w/ CCS, OilCap - w/o CCS, WindCap - Offshore, WindCap - Onshore",2040,0,100.0,2040,100.0,2040,100.0,1440,70.59,2040,100.0,7,"efficiency_decimal,lifetime_years,capital_cost_usd_per_mw,om_cost_usd_per_mw_per_yr,fuel_price,scenario_price",14,17,82.35,209,2025,2050,target,BRA
COFFEE 1.1,EN_INDCi2030_600_COV_NDCp,2040,17,"BiomassCap, BiomassCap - w/ CCS, BiomassCap - w/o CCS, CoalCap, CoalCap - w/ CCS, CoalCap - w/o CCS, GasCap, GasCap - w/ CCS, GasCap - w/o CCS, GeothermalCap, HydroCap, NuclearCap, OilCap, OilCap - w/ CCS, OilCap - w/o CCS, WindCap - Offshore, WindCap - Onshore",2040,0,100.0,2040,100.0,2040,100.0,1440,70.59,2040,100.0,12,"efficiency_decimal,lifetime_years,capital_cost_usd_per_mw,om_cost_usd_per_mw_per_yr,fuel_price,scenario_price",14,17,82.35,209,2025,2050,target,BRA
COFFEE 1.1,EN_INDCi2030_600_NDCp,2040,17,"BiomassCap, BiomassCap - w/ CCS, BiomassCap - w/o CCS, CoalCap, CoalCap - w/ CCS, CoalCap - w/o CCS, GasCap, GasCap - w/ CCS, GasCap - w/o CCS, GeothermalCap, HydroCap, NuclearCap, OilCap, OilCap - w/ CCS, OilCap - w/o CCS, WindCap - Offshore, WindCap - Onshore",2040,0,100.0,2040,100.0,2040,100.0,1440,70.59,2040,100.0,7,"efficiency_decimal,lifetime_years,capital_cost_usd_per_mw,om_cost_usd_per_mw_per_yr,fuel_price,scenario_price",15,17,88.24,209,2025,2050,target,BRA
COFFEE 1.1,EN_INDCi2030_600f,2040,17,"BiomassCap, BiomassCap - w/ CCS, BiomassCap - w/o CCS, CoalCap, CoalCap - w/ CCS, CoalCap - w/o CCS, GasCap, GasCap - w/ CCS, GasCap - w/o CCS, GeothermalCap, HydroCap, NuclearCap, OilCap, OilCap - w/ CCS, OilCap - w/o CCS, WindCap - Offshore, WindCap - Onshore",2040,0,100.0,2040,100.0,2040,100.0,1440,70.59,2040,100.0,7,"efficiency_decimal,lifetime_years,capital_cost_usd_per_mw,om_cost_usd_per_mw_per_yr,fuel_price,scenario_price",15,17,88.24,209,2025,2050,target,BRA
COFFEE 1.1,EN_INDCi2030_600f_COV_NDCp,2040,17,"BiomassCap, BiomassCap - w/ CCS, BiomassCap - w/o CCS, CoalCap, CoalCap - w/ CCS, CoalCap - w/o CCS, GasCap, GasCap - w/ CCS, GasCap - w/o CCS, GeothermalCap, HydroCap, NuclearCap, OilCap, OilCap - w/ CCS, OilCap - w/o CCS, WindCap - Offshore, WindCap - Onshore",2040,0,100.0,2040,100.0,2040,100.0,1440,70.59,2040,100.0,12,"efficiency_decimal,lifetime_years,capital_cost_usd_per_mw,om_cost_usd_per_mw_per_yr,fuel_price,scenario_price",15,17,88.24,209,2025,2050,target,BRA
COFFEE 1.1,EN_INDCi2030_600f_NDCp,2040,17,"BiomassCap, BiomassCap - w/ CCS, BiomassCap - w/o CCS, CoalCap, CoalCap - w/ CCS, CoalCap - w/o CCS, GasCap, GasCap - w/ CCS, GasCap - w/o CCS, GeothermalCap, HydroCap, NuclearCap, OilCap, OilCap - w/ CCS, OilCap - w/o CCS, WindCap - Offshore, WindCap - Onshore",2040,0,100.0,2040,100.0,2040,100.0,1440,70.59,2040,100.0,12,"efficiency_decimal,lifetime_years,capital_cost_usd_per_mw,om_cost_usd_per_mw_per_yr,fuel_price,scenario_price",15,17,88.24,209,2025,2050,target,BRA
COFFEE 1.1,EN_INDCi2030_700,2040,17,"BiomassCap, BiomassCap - w/ CCS, BiomassCap - w/o CCS, CoalCap, CoalCap - w/ CCS, CoalCap - w/o CCS, GasCap, GasCap - w/ CCS, GasCap - w/o CCS, GeothermalCap, HydroCap, NuclearCap, OilCap, OilCap - w/ CCS, OilCap - w/o CCS, WindCap - Offshore, WindCap - Onshore",2040,0,100.0,2040,100.0,2040,100.0,1440,70.59,2040,100.0,7,"efficiency_decimal,lifetime_years,capital_cost_usd_per_mw,om_cost_usd_per_mw_per_yr,fuel_price,scenario_price",15,17,88.24,209,2025,2050,target,BRA
COFFEE 1.1,EN_INDCi2030_700f,2040,17,"BiomassCap, BiomassCap - w/ CCS, BiomassCap - w/o CCS, CoalCap, CoalCap - w/ CCS, CoalCap - w/o CCS, GasCap, GasCap - w/ CCS, GasCap - w/o CCS, GeothermalCap, HydroCap, NuclearCap, OilCap, OilCap - w/ CCS, OilCap - w/o CCS, WindCap - Offshore, WindCap - Onshore",2040,0,100.0,2040,100.0,2040,100.0,1440,70.59,2040,100.0,7,"efficiency_decimal,lifetime_years,capital_cost_usd_per_mw,om_cost_usd_per_mw_per_yr,fuel_price,scenario_price",15,17,88.24,209,2025,2050,target,BRA
COFFEE 1.1,EN_INDCi2030_800,2040,17,"BiomassCap, BiomassCap - w/ CCS, BiomassCap - w/o CCS, CoalCap, CoalCap - w/ CCS, CoalCap - w/o CCS, GasCap, GasCap - w/ CCS, GasCap - w/o CCS, GeothermalCap, HydroCap, NuclearCap, OilCap, OilCap - w/ CCS, OilCap - w/o CCS, WindCap - Offshore, WindCap - Onshore",2040,0,100.0,2040,100.0,2040,100.0,1440,70.59,2040,100.0,7,"efficiency_decimal,lifetime_years,capital_cost_usd_per_mw,om_cost_usd_per_mw_per_yr,fuel_price,scenario_price",15,17,88.24,209,2025,2050,target,BRA
COFFEE 1.1,EN_INDCi2030_800f,2040,17,"BiomassCap, BiomassCap - w/ CCS, BiomassCap - w/o CCS, CoalCap, CoalCap - w/ CCS, CoalCap - w/o CCS, GasCap, GasCap - w/ CCS, GasCap - w/o CCS, GeothermalCap, HydroCap, NuclearCap, OilCap, OilCap - w/ CCS, OilCap - w/o CCS, WindCap - Offshore, WindCap - Onshore",2040,0,100.0,2040,100.0,2040,100.0,1440,70.59,2040,100.0,7,"efficiency_decimal,lifetime_years,capital_cost_usd_per_mw,om_cost_usd_per_mw_per_yr,fuel_price,scenario_price",15,17,88.24,209,2025,2050,target,BRA
COFFEE 1.1,EN_INDCi2030_900,2040,17,"BiomassCap, BiomassCap - w/ CCS, BiomassCap - w/o CCS, CoalCap, CoalCap - w/ CCS, CoalCap - w/o CCS, GasCap, GasCap - w/ CCS, GasCap - w/o CCS, GeothermalCap, HydroCap, NuclearCap, OilCap, OilCap - w/ CCS, OilCap - w/o CCS, WindCap - Offshore, WindCap - Onshore",2040,0,100.0,2040,100.0,2040,100.0,1440,70.59,2040,100.0,7,"efficiency_decimal,lifetime_years,capital_cost_usd_per_mw,om_cost_usd_per_mw_per_yr,fuel_price,scenario_price",15,17,88.24,209,2025,2050,target,BRA
COFFEE 1.1,EN_INDCi2030_900f,2040,17,"BiomassCap, BiomassCap - w/ CCS, BiomassCap - w/o CCS, CoalCap, CoalCap - w/ CCS, CoalCap - w/o CCS, GasCap, GasCap - w/ CCS, GasCap - w/o CCS, GeothermalCap, HydroCap, NuclearCap, OilCap, OilCap - w/ CCS, OilCap - w/o CCS, WindCap - Offshore, WindCap - Onshore",2040,0,100.0,2040,100.0,2040,100.0,1440,70.59,2040,100.0,7,"efficiency_decimal,lifetime_years,capital_cost_usd_per_mw,om_cost_usd_per_mw_per_yr,fuel_price,scenario_price",15,17,88.24,209,2025,2050,target,BRA
COFFEE 1.1,EN_INDCi2100,2040,17,"BiomassCap, BiomassCap - w/ CCS, BiomassCap - w/o CCS, CoalCap, CoalCap - w/ CCS, CoalCap - w/o CCS, GasCap, GasCap - w/ CCS, GasCap - w/o CCS, GeothermalCap, HydroCap, NuclearCap, OilCap, OilCap - w/ CCS, OilCap - w/o CCS, WindCap - Offshore, WindCap - Onshore",2040,0,100.0,2040,100.0,2040,100.0,1440,70.59,2040,100.0,7,"efficiency_decimal,lifetime_years,capital_cost_usd_per_mw,om_cost_usd_per_mw_per_yr,fuel_price,scenario_price",12,17,70.59,209,2025,2050,target,BRA
COFFEE 1.1,EN_INDCi2100_COV_NDCp,2040,17,"BiomassCap, BiomassCap - w/ CCS, BiomassCap - w/o CCS, CoalCap, CoalCap - w/ CCS, CoalCap - w/o CCS, GasCap, GasCap - w/ CCS, GasCap - w/o CCS, GeothermalCap, HydroCap, NuclearCap, OilCap, OilCap - w/ CCS, OilCap - w/o CCS, WindCap - Offshore, WindCap - Onshore",2040,0,100.0,2040,100.0,2040,100.0,1440,70.59,2040,100.0,7,"efficiency_decimal,lifetime_years,capital_cost_usd_per_mw,om_cost_usd_per_mw_per_yr,fuel_price,scenario_price",12,17,70.59,209,2025,2050,target,BRA
COFFEE 1.1,EN_INDCi2100_NDCp,2040,17,"BiomassCap, BiomassCap - w/ CCS, BiomassCap - w/o CCS, CoalCap, CoalCap - w/ CCS, CoalCap - w/o CCS, GasCap, GasCap - w/ CCS, GasCap - w/o CCS, GeothermalCap, HydroCap, NuclearCap, OilCap, OilCap - w/ CCS, OilCap - w/o CCS, WindCap - Offshore, WindCap - Onshore",2040,0,100.0,2040,100.0,2040,100.0,1440,70.59,2040,100.0,12,"efficiency_decimal,lifetime_years,capital_cost_usd_per_mw,om_cost_usd_per_mw_per_yr,fuel_price,scenario_price",12,17,70.59,209,2025,2050,target,BRA
COFFEE 1.1,EN_NPi2020_1000,2040,17,"BiomassCap, BiomassCap - w/ CCS, BiomassCap - w/o CCS, CoalCap, CoalCap - w/ CCS, CoalCap - w/o CCS, GasCap, GasCap - w/ CCS, GasCap - w/o CCS, GeothermalCap, HydroCap, NuclearCap, OilCap, OilCap - w/ CCS, OilCap - w/o CCS, WindCap - Offshore, WindCap - Onshore",2040,0,100.0,2040,100.0,2040,100.0,1440,70.59,2040,100.0,7,"efficiency_decimal,lifetime_years,capital_cost_usd_per_mw,om_cost_usd_per_mw_per_yr,fuel_price,scenario_price",14,17,82.35,209,2025,2050,target,BRA
COFFEE 1.1,EN_NPi2020_1000_COV,2040,17,"BiomassCap, BiomassCap - w/ CCS, BiomassCap - w/o CCS, CoalCap, CoalCap - w/ CCS, CoalCap - w/o CCS, GasCap, GasCap - w/ CCS, GasCap - w/o CCS, GeothermalCap, HydroCap, NuclearCap, OilCap, OilCap - w/ CCS, OilCap - w/o CCS, WindCap - Offshore, WindCap - Onshore",2040,0,100.0,2040,100.0,2040,100.0,1440,70.59,2040,100.0,12,"efficiency_decimal,lifetime_years,capital_cost_usd_per_mw,om_cost_usd_per_mw_per_yr,fuel_price,scenario_price",14,17,82.35,209,2025,2050,target,BRA
COFFEE 1.1,EN_NPi2020_1000f,2040,17,"BiomassCap, BiomassCap - w/ CCS, BiomassCap - w/o CCS, CoalCap, CoalCap - w/ CCS, CoalCap - w/o CCS, GasCap, GasCap - w/ CCS, GasCap - w/o CCS, GeothermalCap, HydroCap, NuclearCap, OilCap, OilCap - w/ CCS, OilCap - w/o CCS, WindCap - Offshore, WindCap - Onshore",2040,0,100.0,2040,100.0,2040,100.0,1440,70.59,2040,100.0,7,"efficiency_decimal,lifetime_years,capital_cost_usd_per_mw,om_cost_usd_per_mw_per_yr,fuel_price,scenario_price",14,17,82.35,209,2025,2050,target,BRA
COFFEE 1.1,EN_NPi2020_1000f_COV,2040,17,"BiomassCap, BiomassCap - w/ CCS, BiomassCap - w/o CCS, CoalCap, CoalCap - w/ CCS, CoalCap - w/o CCS, GasCap, GasCap - w/ CCS, GasCap - w/o CCS, GeothermalCap, HydroCap, NuclearCap, OilCap, OilCap - w/ CCS, OilCap - w/o CCS, WindCap - Offshore, WindCap - Onshore",2040,0,100.0,2040,100.0,2040,100.0,1440,70.59,2040,100.0,12,"efficiency_decimal,lifetime_years,capital_cost_usd_per_mw,om_cost_usd_per_mw_per_yr,fuel_price,scenario_price",13,17,76.47,209,2025,2050,target,BRA
COFFEE 1.1,EN_NPi2020_1200,2040,17,"BiomassCap, BiomassCap - w/ CCS, BiomassCap - w/o CCS, CoalCap, CoalCap - w/ CCS, CoalCap - w/o CCS, GasCap, GasCap - w/ CCS, GasCap - w/o CCS, GeothermalCap, HydroCap, NuclearCap, OilCap, OilCap - w/ CCS, OilCap - w/o CCS, WindCap - Offshore, WindCap - Onshore",2040,0,100.0,2040,100.0,2040,100.0,1440,70.59,2040,100.0,7,"efficiency_decimal,lifetime_years,capital_cost_usd_per_mw,om_cost_usd_per_mw_per_yr,fuel_price,scenario_price",14,17,82.35,209,2025,2050,target,BRA
COFFEE 1.1,EN_NPi2020_1200f,2040,17,"BiomassCap, BiomassCap - w/ CCS, BiomassCap - w/o CCS, CoalCap, CoalCap - w/ CCS, CoalCap - w/o CCS, GasCap, GasCap - w/ CCS, GasCap - w/o CCS, GeothermalCap, HydroCap, NuclearCap, OilCap, OilCap - w/ CCS, OilCap - w/o CCS, WindCap - Offshore, WindCap - Onshore",2040,0,100.0,2040,100.0,2040,100.0,1440,70.59,2040,100.0,7,"efficiency_decimal,lifetime_years,capital_cost_usd_per_mw,om_cost_usd_per_mw_per_yr,fuel_price,scenario_price",14,17,82.35,209,2025,2050,target,BRA
COFFEE 1.1,EN_NPi2020_1400,2040,17,"BiomassCap, BiomassCap - w/ CCS, BiomassCap - w/o CCS, CoalCap, CoalCap - w/ CCS, CoalCap - w/o CCS, GasCap, GasCap - w/ CCS, GasCap - w/o CCS, GeothermalCap, HydroCap, NuclearCap, OilCap, OilCap - w/ CCS, OilCap - w/o CCS, WindCap - Offshore, WindCap - Onshore",2040,0,100.0,2040,100.0,2040,100.0,1440,70.59,2040,100.0,7,"efficiency_decimal,lifetime_years,capital_cost_usd_per_mw,om_cost_usd_per_mw_per_yr,fuel_price,scenario_price",14,17,82.35,209,2025,2050,target,BRA
COFFEE 1.1,EN_NPi2020_1400f,2040,17,"BiomassCap, BiomassCap - w/ CCS, BiomassCap - w/o CCS, CoalCap, CoalCap - w/ CCS, CoalCap - w/o CCS, GasCap, GasCap - w/ CCS, GasCap - w/o CCS, GeothermalCap, HydroCap, NuclearCap, OilCap, OilCap - w/ CCS, OilCap - w/o CCS, WindCap - Offshore, WindCap - Onshore",2040,0,100.0,2040,100.0,2040,100.0,1440,70.59,2040,100.0,7,"efficiency_decimal,lifetime_years,capital_cost_usd_per_mw,om_cost_usd_per_mw_per_yr,fuel_price,scenario_price",14,17,82.35,209,2025,2050,target,BRA
COFFEE 1.1,EN_NPi2020_1600,2040,17,"BiomassCap, BiomassCap - w/ CCS, BiomassCap - w/o CCS, CoalCap, CoalCap - w/ CCS, CoalCap - w/o CCS, GasCap, GasCap - w/ CCS, GasCap - w/o CCS, GeothermalCap, HydroCap, NuclearCap, OilCap, OilCap - w/ CCS, OilCap - w/o CCS, WindCap - Offshore, WindCap - Onshore",2040,0,100.0,2040,100.0,2040,100.0,1440,70.59,2040,100.0,7,"efficiency_decimal,lifetime_years,capital_cost_usd_per_mw,om_cost_usd_per_mw_per_yr,fuel_price,scenario_price",14,17,82.35,209,2025,2050,target,BRA
COFFEE 1.1,EN_NPi2020_1600f,2040,17,"BiomassCap, BiomassCap - w/ CCS, BiomassCap - w/o CCS, CoalCap, CoalCap - w/ CCS, CoalCap - w/o CCS, GasCap, GasCap - w/ CCS, GasCap - w/o CCS, GeothermalCap, HydroCap, NuclearCap, OilCap, OilCap - w/ CCS, OilCap - w/o CCS, WindCap - Offshore, WindCap - Onshore",2040,0,100.0,2040,100.0,2040,100.0,1440,70.59,2040,100.0,7,"efficiency_decimal,lifetime_years,capital_cost_usd_per_mw,om_cost_usd_per_mw_per_yr,fuel_price,scenario_price",14,17,82.35,209,2025,2050,target,BRA
COFFEE 1.1,EN_NPi2020_1800,2040,17,"BiomassCap, BiomassCap - w/ CCS, BiomassCap - w/o CCS, CoalCap, CoalCap - w/ CCS, CoalCap - w/o CCS, GasCap, GasCap - w/ CCS, GasCap - w/o CCS, GeothermalCap, HydroCap, NuclearCap, OilCap, OilCap - w/ CCS, OilCap - w/o CCS, WindCap - Offshore, WindCap - Onshore",2040,0,100.0,2040,100.0,2040,100.0,1440,70.59,2040,100.0,7,"efficiency_decimal,lifetime_years,capital_cost_usd_per_mw,om_cost_usd_per_mw_per_yr,fuel_price,scenario_price",14,17,82.35,209,2025,2050,target,BRA
COFFEE 1.1,EN_NPi2020_1800f,2040,17,"BiomassCap, BiomassCap - w/ CCS, BiomassCap - w/o CCS, CoalCap, CoalCap - w/ CCS, CoalCap - w/o CCS, GasCap, GasCap - w/ CCS, GasCap - w/o CCS, GeothermalCap, HydroCap, NuclearCap, OilCap, OilCap - w/ CCS, OilCap - w/o CCS, WindCap - Offshore, WindCap - Onshore",2040,0,100.0,2040,100.0,2040,100.0,1440,70.59,2040,100.0,7,"efficiency_decimal,lifetime_years,capital_cost_usd_per_mw,om_cost_usd_per_mw_per_yr,fuel_price,scenario_price",14,17,82.35,209,2025,2050,target,BRA
COFFEE 1.1,EN_NPi2020_2000,2040,17,"BiomassCap, BiomassCap - w/ CCS, BiomassCap - w/o CCS, CoalCap, CoalCap - w/ CCS, CoalCap - w/o CCS, GasCap, GasCap - w/ CCS, GasCap - w/o CCS, GeothermalCap, HydroCap, NuclearCap, OilCap, OilCap - w/ CCS, OilCap - w/o CCS, WindCap - Offshore, WindCap - Onshore",2040,0,100.0,2040,100.0,2040,100.0,1440,70.59,2040,100.0,7,"efficiency_decimal,lifetime_years,capital_cost_usd_per_mw,om_cost_usd_per_mw_per_yr,fuel_price,scenario_price",12,17,70.59,209,2025,2050,target,BRA
COFFEE 1.1,EN_NPi2020_2000f,2040,17,"BiomassCap, BiomassCap - w/ CCS, BiomassCap - w/o CCS, CoalCap, CoalCap - w/ CCS, CoalCap - w/o CCS, GasCap, GasCap - w/ CCS, GasCap - w/o CCS, GeothermalCap, HydroCap, NuclearCap, OilCap, OilCap - w/ CCS, OilCap - w/o CCS, WindCap - Offshore, WindCap - Onshore",2040,0,100.0,2040,100.0,2040,100.0,1440,70.59,2040,100.0,7,"efficiency_decimal,lifetime_years,capital_cost_usd_per_mw,om_cost_usd_per_mw_per_yr,fuel_price,scenario_price",12,17,70.59,209,2025,2050,target,BRA
COFFEE 1.1,EN_NPi2020_2500,2040,17,"BiomassCap, BiomassCap - w/ CCS, BiomassCap - w/o CCS, CoalCap, CoalCap - w/ CCS, CoalCap - w/o CCS, GasCap, GasCap - w/ CCS, GasCap - w/o CCS, GeothermalCap, HydroCap, NuclearCap, OilCap, OilCap - w/ CCS, OilCap - w/o CCS, WindCap - Offshore, WindCap - Onshore",2040,0,100.0,2040,100.0,2040,100.0,1440,70.59,2040,100.0,7,"efficiency_decimal,lifetime_years,capital_cost_usd_per_mw,om_cost_usd_per_mw_per_yr,fuel_price,scenario_price",12,17,70.59,209,2025,2050,target,BRA
COFFEE 1.1,EN_NPi2020_2500f,2040,17,"BiomassCap, BiomassCap - w/ CCS, BiomassCap - w/o CCS, CoalCap, CoalCap - w/ CCS, CoalCap - w/o CCS, GasCap, GasCap - w/ CCS, GasCap - w/o CCS, GeothermalCap, HydroCap, NuclearCap, OilCap, OilCap - w/ CCS, OilCap - w/o CCS, WindCap - Offshore, WindCap - Onshore",2040,0,100.0,2040,100.0,2040,100.0,1440,70.59,2040,100.0,7,"efficiency_decimal,lifetime_years,capital_cost_usd_per_mw,om_cost_usd_per_mw_per_yr,fuel_price,scenario_price",12,17,70.59,209,2025,2050,target,BRA
COFFEE 1.1,EN_NPi2020_400,2040,17,"BiomassCap, BiomassCap - w/ CCS, BiomassCap - w/o CCS, CoalCap, CoalCap - w/ CCS, CoalCap - w/o CCS, GasCap, GasCap - w/ CCS, GasCap - w/o CCS, GeothermalCap, HydroCap, NuclearCap, OilCap, OilCap - w/ CCS, OilCap - w/o CCS, WindCap - Offshore, WindCap - Onshore",2040,0,100.0,2040,100.0,2040,100.0,1440,70.59,2040,100.0,7,"efficiency_decimal,lifetime_years,capital_cost_usd_per_mw,om_cost_usd_per_mw_per_yr,fuel_price,scenario_price",13,17,76.47,209,2025,2050,target,BRA
COFFEE 1.1,EN_NPi2020_400_lowBECCS,2040,17,"BiomassCap, BiomassCap - w/ CCS, BiomassCap - w/o CCS, CoalCap, CoalCap - w/ CCS, CoalCap - w/o CCS, GasCap, GasCap - w/ CCS, GasCap - w/o CCS, GeothermalCap, HydroCap, NuclearCap, OilCap, OilCap - w/ CCS, OilCap - w/o CCS, WindCap - Offshore, WindCap - Onshore",2040,0,100.0,2040,100.0,2040,100.0,1440,70.59,2040,100.0,7,"efficiency_decimal,lifetime_years,capital_cost_usd_per_mw,om_cost_usd_per_mw_per_yr,fuel_price,scenario_price",14,17,82.35,209,2025,2050,target,BRA
COFFEE 1.1,EN_NPi2020_400f,2040,17,"BiomassCap, BiomassCap - w/ CCS, BiomassCap - w/o CCS, CoalCap, CoalCap - w/ CCS, CoalCap - w/o CCS, GasCap, GasCap - w/ CCS, GasCap - w/o CCS, GeothermalCap, HydroCap, NuclearCap, OilCap, OilCap - w/ CCS, OilCap - w/o CCS, WindCap - Offshore, WindCap - Onshore",2040,0,100.0,2040,100.0,2040,100.0,1440,70.59,2040,100.0,7,"efficiency_decimal,lifetime_years,capital_cost_usd_per_mw,om_cost_usd_per_mw_per_yr,fuel_price,scenario_price",14,17,82.35,209,2025,2050,target,BRA
COFFEE 1.1,EN_NPi2020_400f_lowBECCS,2040,17,"BiomassCap, BiomassCap - w/ CCS, BiomassCap - w/o CCS, CoalCap, CoalCap - w/ CCS, CoalCap - w/o CCS, GasCap, GasCap - w/ CCS, GasCap - w/o CCS, GeothermalCap, HydroCap, NuclearCap, OilCap, OilCap - w/ CCS, OilCap - w/o CCS, WindCap - Offshore, WindCap - Onshore",2040,0,100.0,2040,100.0,2040,100.0,1440,70.59,2040,100.0,7,"efficiency_decimal,lifetime_years,capital_cost_usd_per_mw,om_cost_usd_per_mw_per_yr,fuel_price,scenario_price",14,17,82.35,209,2025,2050,target,BRA
COFFEE 1.1,EN_NPi2020_500,2040,17,"BiomassCap, BiomassCap - w/ CCS, BiomassCap - w/o CCS, CoalCap, CoalCap - w/ CCS, CoalCap - w/o CCS, GasCap, GasCap - w/ CCS, GasCap - w/o CCS, GeothermalCap, HydroCap, NuclearCap, OilCap, OilCap - w/ CCS, OilCap - w/o CCS, WindCap - Offshore, WindCap - Onshore",2040,0,100.0,2040,100.0,2040,100.0,1440,70.59,2040,100.0,7,"efficiency_decimal,lifetime_years,capital_cost_usd_per_mw,om_cost_usd_per_mw_per_yr,fuel_price,scenario_price",14,17,82.35,209,2025,2050,target,BRA
COFFEE 1.1,EN_NPi2020_500f,2040,17,"BiomassCap, BiomassCap - w/ CCS, BiomassCap - w/o CCS, CoalCap, CoalCap - w/ CCS, CoalCap - w/o CCS, GasCap, GasCap - w/ CCS, GasCap - w/o CCS, GeothermalCap, HydroCap, NuclearCap, OilCap, OilCap - w/ CCS, OilCap - w/o CCS, WindCap - Offshore, WindCap - Onshore",2040,0,100.0,2040,100.0,2040,100.0,1440,70.59,2040,100.0,7,"efficiency_decimal,lifetime_years,capital_cost_usd_per_mw,om_cost_usd_per_mw_per_yr,fuel_price,scenario_price",14,17,82.35,209,2025,2050,target,BRA
COFFEE 1.1,EN_NPi2020_600,2040,17,"BiomassCap, BiomassCap - w/ CCS, BiomassCap - w/o CCS, CoalCap, CoalCap - w/ CCS, CoalCap - w/o CCS, GasCap, GasCap - w/ CCS, GasCap - w/o CCS, GeothermalCap, HydroCap, NuclearCap, OilCap, OilCap - w/ CCS, OilCap - w/o CCS, WindCap - Offshore, WindCap - Onshore",2040,0,100.0,2040,100.0,2040,100.0,1440,70.59,2040,100.0,7,"efficiency_decimal,lifetime_years,capital_cost_usd_per_mw,om_cost_usd_per_mw_per_yr,fuel_price,scenario_price",14,17,82.35,209,2025,2050,target,BRA
COFFEE 1.1,EN_NPi2020_600_COV,2040,17,"BiomassCap, BiomassCap - w/ CCS, BiomassCap - w/o CCS, CoalCap, CoalCap - w/ CCS, CoalCap - w/o CCS, GasCap, GasCap - w/ CCS, GasCap - w/o CCS, GeothermalCap, HydroCap, NuclearCap, OilCap, OilCap - w/ CCS, OilCap - w/o CCS, WindCap - Offshore, WindCap - Onshore",2040,0,100.0,2040,100.0,2040,100.0,1440,70.59,2040,100.0,12,"efficiency_decimal,lifetime_years,capital_cost_usd_per_mw,om_cost_usd_per_mw_per_yr,fuel_price,scenario_price",14,17,82.35,209,2025,2050,target,BRA
COFFEE 1.1,EN_NPi2020_600f,2040,17,"BiomassCap, BiomassCap - w/ CCS, BiomassCap - w/o CCS, CoalCap, CoalCap - w/ CCS, CoalCap - w/o CCS, GasCap, GasCap - w/ CCS, GasCap - w/o CCS, GeothermalCap, HydroCap, NuclearCap, OilCap, OilCap - w/ CCS, OilCap - w/o CCS, WindCap - Offshore, WindCap - Onshore",2040,0,100.0,2040,100.0,2040,100.0,1440,70.59,2040,100.0,7,"efficiency_decimal,lifetime_years,capital_cost_usd_per_mw,om_cost_usd_per_mw_per_yr,fuel_price,scenario_price",14,17,82.35,209,2025,2050,target,BRA
COFFEE 1.1,EN_NPi2020_600f_COV,2040,17,"BiomassCap, BiomassCap - w/ CCS, BiomassCap - w/o CCS, CoalCap, CoalCap - w/ CCS, CoalCap - w/o CCS, GasCap, GasCap - w/ CCS, GasCap - w/o CCS, GeothermalCap, HydroCap, NuclearCap, OilCap, OilCap - w/ CCS, OilCap - w/o CCS, WindCap - Offshore, WindCap - Onshore",2040,0,100.0,2040,100.0,2040,100.0,1440,70.59,2040,100.0,12,"efficiency_decimal,lifetime_years,capital_cost_usd_per_mw,om_cost_usd_per_mw_per_yr,fuel_price,scenario_price",14,17,82.35,209,2025,2050,target,BRA
COFFEE 1.1,EN_NPi2020_700,2040,17,"BiomassCap, BiomassCap - w/ CCS, BiomassCap - w/o CCS, CoalCap, CoalCap - w/ CCS, CoalCap - w/o CCS, GasCap, GasCap - w/ CCS, GasCap - w/o CCS, GeothermalCap, HydroCap, NuclearCap, OilCap, OilCap - w/ CCS, OilCap - w/o CCS, WindCap - Offshore, WindCap - Onshore",2040,0,100.0,2040,100.0,2040,100.0,1440,70.59,2040,100.0,7,"efficiency_decimal,lifetime_years,capital_cost_usd_per_mw,om_cost_usd_per_mw_per_yr,fuel_price,scenario_price",14,17,82.35,209,2025,2050,target,BRA
COFFEE 1.1,EN_NPi2020_700f,2040,17,"BiomassCap, BiomassCap - w/ CCS, BiomassCap - w/o CCS, CoalCap, CoalCap - w/ CCS, CoalCap - w/o CCS, GasCap, GasCap - w/ CCS, GasCap - w/o CCS, GeothermalCap, HydroCap, NuclearCap, OilCap, OilCap - w/ CCS, OilCap - w/o CCS, WindCap - Offshore, WindCap - Onshore",2040,0,100.0,2040,100.0,2040,100.0,1440,70.59,2040,100.0,7,"efficiency_decimal,lifetime_years,capital_cost_usd_per_mw,om_cost_usd_per_mw_per_yr,fuel_price,scenario_price",14,17,82.35,209,2025,2050,target,BRA
COFFEE 1.1,EN_NPi2020_800,2040,17,"BiomassCap, BiomassCap - w/ CCS, BiomassCap - w/o CCS, CoalCap, CoalCap - w/ CCS, CoalCap - w/o CCS, GasCap, GasCap - w/ CCS, GasCap - w/o CCS, GeothermalCap, HydroCap, NuclearCap, OilCap, OilCap - w/ CCS, OilCap - w/o CCS, WindCap - Offshore, WindCap - Onshore",2040,0,100.0,2040,100.0,2040,100.0,1440,70.59,2040,100.0,7,"efficiency_decimal,lifetime_years,capital_cost_usd_per_mw,om_cost_usd_per_mw_per_yr,fuel_price,scenario_price",14,17,82.35,209,2025,2050,target,BRA
COFFEE 1.1,EN_NPi2020_800f,2040,17,"BiomassCap, BiomassCap - w/ CCS, BiomassCap - w/o CCS, CoalCap, CoalCap - w/ CCS, CoalCap - w/o CCS, GasCap, GasCap - w/ CCS, GasCap - w/o CCS, GeothermalCap, HydroCap, NuclearCap, OilCap, OilCap - w/ CCS, OilCap - w/o CCS, WindCap - Offshore, WindCap - Onshore",2040,0,100.0,2040,100.0,2040,100.0,1440,70.59,2040,100.0,7,"efficiency_decimal,lifetime_years,capital_cost_usd_per_mw,om_cost_usd_per_mw_per_yr,fuel_price,scenario_price",14,17,82.35,209,2025,2050,target,BRA
COFFEE 1.1,EN_NPi2020_900,2040,17,"BiomassCap, BiomassCap - w/ CCS, BiomassCap - w/o CCS, CoalCap, CoalCap - w/ CCS, CoalCap - w/o CCS, GasCap, GasCap - w/ CCS, GasCap - w/o CCS, GeothermalCap, HydroCap, NuclearCap, OilCap, OilCap - w/ CCS, OilCap - w/o CCS, WindCap - Offshore, WindCap - Onshore",2040,0,100.0,2040,100.0,2040,100.0,1440,70.59,2040,100.0,7,"efficiency_decimal,lifetime_years,capital_cost_usd_per_mw,om_cost_usd_per_mw_per_yr,fuel_price,scenario_price",14,17,82.35,209,2025,2050,target,BRA
COFFEE 1.1,EN_NPi2020_900f,2040,17,"BiomassCap, BiomassCap - w/ CCS, BiomassCap - w/o CCS, CoalCap, CoalCap - w/ CCS, CoalCap - w/o CCS, GasCap, GasCap - w/ CCS, GasCap - w/o CCS, GeothermalCap, HydroCap, NuclearCap, OilCap, OilCap - w/ CCS, OilCap - w/o CCS, WindCap - Offshore, WindCap - Onshore",2040,0,100.0,2040,100.0,2040,100.0,1440,70.59,2040,100.0,7,"efficiency_decimal,lifetime_years,capital_cost_usd_per_mw,om_cost_usd_per_mw_per_yr,fuel_price,scenario_price",15,17,88.24,209,2025,2050,target,BRA
COFFEE 1.1,EN_NPi2100,2040,17,"BiomassCap, BiomassCap - w/ CCS, BiomassCap - w/o CCS, CoalCap, CoalCap - w/ CCS, CoalCap - w/o CCS, GasCap, GasCap - w/ CCS, GasCap - w/o CCS, GeothermalCap, HydroCap, NuclearCap, OilCap, OilCap - w/ CCS, OilCap - w/o CCS, WindCap - Offshore, WindCap - Onshore",2040,0,100.0,2040,100.0,2040,100.0,1440,70.59,2040,100.0,7,"efficiency_decimal,lifetime_years,capital_cost_usd_per_mw,om_cost_usd_per_mw_per_yr,fuel_price,scenario_price",12,17,70.59,209,2025,2050,target,BRA
COFFEE 1.1,EN_NPi2100_COV,2040,17,"BiomassCap, BiomassCap - w/ CCS, BiomassCap - w/o CCS, CoalCap, CoalCap - w/ CCS, CoalCap - w/o CCS, GasCap, GasCap - w/ CCS, GasCap - w/o CCS, GeothermalCap, HydroCap, NuclearCap, OilCap, OilCap - w/ CCS, OilCap - w/o CCS, WindCap - Offshore, WindCap - Onshore",2040,0,100.0,2040,100.0,2040,100.0,1440,70.59,2040,100.0,12,"efficiency_decimal,lifetime_years,capital_cost_usd_per_mw,om_cost_usd_per_mw_per_yr,fuel_price,scenario_price",12,17,70.59,209,2025,2050,target,BRA
COPPE_MSB-Brazil 2.0,20% abatement (FF&I),180,15,"BiomassCap, BiomassCap - w/ CCS, BiomassCap - w/o CCS, CoalCap, CoalCap - w/ CCS, CoalCap - w/o CCS, GasCap, GasCap - w/ CCS, GasCap - w/o CCS, GeothermalCap, HydroCap, NuclearCap, OilCap, OilCap - w/ CCS, OilCap - w/o CCS",180,0,100.0,180,100.0,180,100.0,144,80.0,180,100.0,6,"efficiency_decimal(global),lifetime_years(global),capital_cost_usd_per_mw(global),om_cost_usd_per_mw_per_yr(global),fuel_price(global),scenario_price(global)",0,15,0.0,1,2025,2050,target,BRA
COPPE_MSB-Brazil 2.0,50% abatement (FF&I),180,15,"BiomassCap, BiomassCap - w/ CCS, BiomassCap - w/o CCS, CoalCap, CoalCap - w/ CCS, CoalCap - w/o CCS, GasCap, GasCap - w/ CCS, GasCap - w/o CCS, GeothermalCap, HydroCap, NuclearCap, OilCap, OilCap - w/ CCS, OilCap - w/o CCS",180,0,100.0,180,100.0,180,100.0,144,80.0,180,100.0,6,"efficiency_decimal(global),lifetime_years(global),capital_cost_usd_per_mw(global),om_cost_usd_per_mw_per_yr(global),fuel_price(global),scenario_price(global)",0,15,0.0,1,2025,2050,target,BRA
COPPE_MSB-Brazil 2.0,BL,192,16,"BiomassCap, BiomassCap - w/ CCS, BiomassCap - w/o CCS, CoalCap, CoalCap - w/ CCS, CoalCap - w/o CCS, GasCap, GasCap - w/ CCS, GasCap - w/o CCS, HydroCap, NuclearCap, OilCap, OilCap - w/ CCS, OilCap - w/o CCS, WindCap - Offshore, WindCap - Onshore",192,0,100.0,192,100.0,192,100.0,144,75.0,192,100.0,6,"efficiency_decimal(global),lifetime_years(global),capital_cost_usd_per_mw(global),om_cost_usd_per_mw_per_yr(global),fuel_price(global),scenario_price(global)",0,16,0.0,1,2025,2050,target,BRA
COPPE_MSB-Brazil 2.0,Core baseline,180,15,"BiomassCap, BiomassCap - w/ CCS, BiomassCap - w/o CCS, CoalCap, CoalCap - w/ CCS, CoalCap - w/o CCS, GasCap, GasCap - w/ CCS, GasCap - w/o CCS, GeothermalCap, HydroCap, NuclearCap, OilCap, OilCap - w/ CCS, OilCap - w/o CCS",180,0,100.0,180,100.0,180,100.0,144,80.0,180,100.0,6,"efficiency_decimal(global),lifetime_years(global),capital_cost_usd_per_mw(global),om_cost_usd_per_mw_per_yr(global),fuel_price(global),scenario_price(global)",0,15,0.0,1,2025,2050,target,BRA
COPPE_MSB-Brazil 2.0,High CO2 price,180,15,"BiomassCap, BiomassCap - w/ CCS, BiomassCap - w/o CCS, CoalCap, CoalCap - w/ CCS, CoalCap - w/o CCS, GasCap, GasCap - w/ CCS, GasCap - w/o CCS, GeothermalCap, HydroCap, NuclearCap, OilCap, OilCap - w/ CCS, OilCap - w/o CCS",180,0,100.0,180,100.0,180,100.0,144,80.0,180,100.0,6,"efficiency_decimal(global),lifetime_years(global),capital_cost_usd_per_mw(global),om_cost_usd_per_mw_per_yr(global),fuel_price(global),scenario_price(global)",0,15,0.0,1,2025,2050,target,BRA
COPPE_MSB-Brazil 2.0,Low CO2 price,180,15,"BiomassCap, BiomassCap - w/ CCS, BiomassCap - w/o CCS, CoalCap, CoalCap - w/ CCS, CoalCap - w/o CCS, GasCap, GasCap - w/ CCS, GasCap - w/o CCS, GeothermalCap, HydroCap, NuclearCap, OilCap, OilCap - w/ CCS, OilCap - w/o CCS",180,0,100.0,180,100.0,180,100.0,144,80.0,180,100.0,6,"efficiency_decimal(global),lifetime_years(global),capital_cost_usd_per_mw(global),om_cost_usd_per_mw_per_yr(global),fuel_price(global),scenario_price(global)",0,15,0.0,1,2025,2050,target,BRA
COPPE_MSB-Brazil 2.0,OR,192,16,"BiomassCap, BiomassCap - w/ CCS, BiomassCap - w/o CCS, CoalCap, CoalCap - w/ CCS, CoalCap - w/o CCS, GasCap, GasCap - w/ CCS, GasCap - w/o CCS, HydroCap, NuclearCap, OilCap, OilCap - w/ CCS, OilCap - w/o CCS, WindCap - Offshore, WindCap - Onshore",192,0,100.0,192,100.0,192,100.0,144,75.0,192,100.0,6,"efficiency_decimal(global),lifetime_years(global),capital_cost_usd_per_mw(global),om_cost_usd_per_mw_per_yr(global),fuel_price(global),scenario_price(global)",0,16,0.0,1,2025,2050,target,BRA
COPPE_MSB-Brazil 2.0,Policy baseline,180,15,"BiomassCap, BiomassCap - w/ CCS, BiomassCap - w/o CCS, CoalCap, CoalCap - w/ CCS, CoalCap - w/o CCS, GasCap, GasCap - w/ CCS, GasCap - w/o CCS, GeothermalCap, HydroCap, NuclearCap, OilCap, OilCap - w/ CCS, OilCap - w/o CCS",180,0,100.0,180,100.0,180,100.0,144,80.0,180,100.0,6,"efficiency_decimal(global),lifetime_years(global),capital_cost_usd_per_mw(global),om_cost_usd_per_mw_per_yr(global),fuel_price(global),scenario_price(global)",0,15,0.0,1,2025,2050,target,BRA
DDPP Energy 1.0,BAU,144,12,"BiomassCap, BiomassCap - w/o CCS, CoalCap, CoalCap - w/o CCS, GasCap, GasCap - w/o CCS, GeothermalCap, HydroCap, NuclearCap, OilCap, OilCap - w/o CCS, WindCap - Onshore",144,0,100.0,144,100.0,144,100.0,96,66.67,144,100.0,3,"efficiency_decimal,lifetime_years,capital_cost_usd_per_mw,om_cost_usd_per_mw_per_yr,fuel_price,scenario_price",0,12,0.0,1,2025,2050,target,IDN
DDPP Energy 1.0,CO_BAU,144,12,"BiomassCap, BiomassCap - w/o CCS, CoalCap, CoalCap - w/o CCS, GasCap, GasCap - w/o CCS, GeothermalCap, HydroCap, NuclearCap, OilCap, OilCap - w/o CCS, WindCap - Onshore",144,0,100.0,144,100.0,144,100.0,96,66.67,144,100.0,3,"efficiency_decimal,lifetime_years,capital_cost_usd_per_mw,om_cost_usd_per_mw_per_yr,fuel_price,scenario_price",0,12,0.0,1,2025,2050,target,IDN
DDPP Energy 1.0,CO_Baseline,132,11,"BiomassCap, BiomassCap - w/o CCS, CoalCap, CoalCap - w/o CCS, GasCap, GasCap - w/o CCS, GeothermalCap, HydroCap, OilCap, OilCap - w/o CCS, WindCap - Onshore",132,0,100.0,116,87.88,84,63.64,96,72.73,132,100.0,7,"efficiency_decimal,lifetime_years,capital_cost_usd_per_mw,om_cost_usd_per_mw_per_yr,fuel_price,scenario_price",11,11,100.0,1,2025,2050,target,IDN
DDPP Energy 1.0,CO_LowCarbon,180,15,"BiomassCap, BiomassCap - w/ CCS, BiomassCap - w/o CCS, CoalCap, CoalCap - w/ CCS, CoalCap - w/o CCS, GasCap, GasCap - w/ CCS, GasCap - w/o CCS, GeothermalCap, HydroCap, NuclearCap, OilCap, OilCap - w/o CCS, WindCap - Onshore",180,0,100.0,180,100.0,180,100.0,132,73.33,180,100.0,3,"efficiency_decimal,lifetime_years,capital_cost_usd_per_mw,om_cost_usd_per_mw_per_yr,fuel_price,scenario_price",0,15,0.0,1,2025,2050,target,IDN
DNE21+ V.14 (national),CD-LINKS_INDC2030_high_V3,120,15,"BiomassCap, BiomassCap - w/ CCS, BiomassCap - w/o CCS, CoalCap, CoalCap - w/ CCS, CoalCap - w/o CCS, GasCap, GasCap - w/ CCS, GasCap - w/o CCS, GeothermalCap, HydroCap, NuclearCap, OilCap, OilCap - w/ CCS, OilCap - w/o CCS",120,0,100.0,120,100.0,120,100.0,96,80.0,120,100.0,6,"efficiency_decimal,lifetime_years,capital_cost_usd_per_mw,om_cost_usd_per_mw_per_yr,fuel_price,scenario_price(global)",0,15,0.0,1,2025,2050,target,JPN
DNE21+ V.14 (national),CD-LINKS_INDC2030_low_V3,120,15,"BiomassCap, BiomassCap - w/ CCS, BiomassCap - w/o CCS, CoalCap, CoalCap - w/ CCS, CoalCap - w/o CCS, GasCap, GasCap - w/ CCS, GasCap - w/o CCS, GeothermalCap, HydroCap, NuclearCap, OilCap, OilCap - w/ CCS, OilCap - w/o CCS",120,0,100.0,120,100.0,120,100.0,96,80.0,120,100.0,6,"efficiency_decimal,lifetime_years,capital_cost_usd_per_mw,om_cost_usd_per_mw_per_yr,fuel_price,scenario_price(global)",0,15,0.0,1,2025,2050,target,JPN
DNE21+ V.14 (national),CD-LINKS_NPi2020_high_V3,120,15,"BiomassCap, BiomassCap - w/ CCS, BiomassCap - w/o CCS, CoalCap, CoalCap - w/ CCS, CoalCap - w/o CCS, GasCap, GasCap - w/ CCS, GasCap - w/o CCS, GeothermalCap, HydroCap, NuclearCap, OilCap, OilCap - w/ CCS, OilCap - w/o CCS",120,0,100.0,120,100.0,120,100.0,96,80.0,120,100.0,6,"efficiency_decimal,lifetime_years,capital_cost_usd_per_mw,om_cost_usd_per_mw_per_yr,fuel_price,scenario_price(global)",0,15,0.0,1,2025,2050,target,JPN
DNE21+ V.14 (national),CD-LINKS_NPi2020_low_V3,120,15,"BiomassCap, BiomassCap - w/ CCS, BiomassCap - w/o CCS, CoalCap, CoalCap - w/ CCS, CoalCap - w/o CCS, GasCap, GasCap - w/ CCS, GasCap - w/o CCS, GeothermalCap, HydroCap, NuclearCap, OilCap, OilCap - w/ CCS, OilCap - w/o CCS",120,0,100.0,120,100.0,120,100.0,96,80.0,120,100.0,6,"efficiency_decimal,lifetime_years,capital_cost_usd_per_mw,om_cost_usd_per_mw_per_yr,fuel_price,scenario_price(global)",0,15,0.0,1,2025,2050,target,JPN
DNE21+ V.14 (national),CD-LINKS_NPi_V3,120,15,"BiomassCap, BiomassCap - w/ CCS, BiomassCap - w/o CCS, CoalCap, CoalCap - w/ CCS, CoalCap - w/o CCS, GasCap, GasCap - w/ CCS, GasCap - w/o CCS, GeothermalCap, HydroCap, NuclearCap, OilCap, OilCap - w/ CCS, OilCap - w/o CCS",120,0,100.0,120,100.0,120,100.0,96,80.0,120,100.0,6,"efficiency_decimal,lifetime_years,capital_cost_usd_per_mw,om_cost_usd_per_mw_per_yr,fuel_price,scenario_price(global)",0,15,0.0,1,2025,2050,target,JPN
DNE21+ V.14 (national),CD-LINKS_NoPOL_V3,120,15,"BiomassCap, BiomassCap - w/ CCS, BiomassCap - w/o CCS, CoalCap, CoalCap - w/ CCS, CoalCap - w/o CCS, GasCap, GasCap - w/ CCS, GasCap - w/o CCS, GeothermalCap, HydroCap, NuclearCap, OilCap, OilCap - w/ CCS, OilCap - w/o CCS",120,0,100.0,120,100.0,120,100.0,96,80.0,120,100.0,6,"efficiency_decimal,lifetime_years,capital_cost_usd_per_mw,om_cost_usd_per_mw_per_yr,fuel_price,scenario_price(global)",0,15,0.0,1,2025,2050,target,JPN
DNE21+ V.15,EN_NP_2025_-752050,180,15,"BiomassCap, BiomassCap - w/ CCS, BiomassCap - w/o CCS, CoalCap, CoalCap - w/ CCS, CoalCap - w/o CCS, GasCap, GasCap - w/ CCS, GasCap - w/o CCS, GeothermalCap, HydroCap, NuclearCap, OilCap, OilCap - w/ CCS, OilCap - w/o CCS",180,0,100.0,180,100.0,180,100.0,144,80.0,180,100.0,6,"efficiency_decimal,lifetime_years,capital_cost_usd_per_mw,om_cost_usd_per_mw_per_yr,fuel_price,scenario_price(global)",0,15,0.0,1,2025,2050,target,JPN
DNE21+ V.15,EN_NP_2025_-802050,180,15,"BiomassCap, BiomassCap - w/ CCS, BiomassCap - w/o CCS, CoalCap, CoalCap - w/ CCS, CoalCap - w/o CCS, GasCap, GasCap - w/ CCS, GasCap - w/o CCS, GeothermalCap, HydroCap, NuclearCap, OilCap, OilCap - w/ CCS, OilCap - w/o CCS",180,0,100.0,180,100.0,180,100.0,144,80.0,180,100.0,6,"efficiency_decimal,lifetime_years,capital_cost_usd_per_mw,om_cost_usd_per_mw_per_yr,fuel_price,scenario_price(global)",0,15,0.0,1,2025,2050,target,JPN
DNE21+ V.15,EN_NP_2025_-902050,180,15,"BiomassCap, BiomassCap - w/ CCS, BiomassCap - w/o CCS, CoalCap, CoalCap - w/ CCS, CoalCap - w/o CCS, GasCap, GasCap - w/ CCS, GasCap - w/o CCS, GeothermalCap, HydroCap, NuclearCap, OilCap, OilCap - w/ CCS, OilCap - w/o CCS",180,0,100.0,180,100.0,180,100.0,144,80.0,180,100.0,6,"efficiency_decimal,lifetime_years,capital_cost_usd_per_mw,om_cost_usd_per_mw_per_yr,fuel_price,scenario_price(global)",0,15,0.0,1,2025,2050,target,JPN
DNE21+ V.15,EN_NP_BL,180,15,"BiomassCap, BiomassCap - w/ CCS, BiomassCap - w/o CCS, CoalCap, CoalCap - w/ CCS, CoalCap - w/o CCS, GasCap, GasCap - w/ CCS, GasCap - w/o CCS, GeothermalCap, HydroCap, NuclearCap, OilCap, OilCap - w/ CCS, OilCap - w/o CCS",180,0,100.0,180,100.0,180,100.0,144,80.0,180,100.0,6,"efficiency_decimal,lifetime_years,capital_cost_usd_per_mw,om_cost_usd_per_mw_per_yr,fuel_price,scenario_price(global)",0,15,0.0,1,2025,2050,target,JPN
DNE21+ V.15,EN_NP_CurPol,180,15,"BiomassCap, BiomassCap - w/ CCS, BiomassCap - w/o CCS, CoalCap, CoalCap - w/ CCS, CoalCap - w/o CCS, GasCap, GasCap - w/ CCS, GasCap - w/o CCS, GeothermalCap, HydroCap, NuclearCap, OilCap, OilCap - w/ CCS, OilCap - w/o CCS",180,0,100.0,180,100.0,180,100.0,144,80.0,180,100.0,6,"efficiency_decimal,lifetime_years,capital_cost_usd_per_mw,om_cost_usd_per_mw_per_yr,fuel_price,scenario_price(global)",0,15,0.0,1,2025,2050,target,JPN
DNE21+ V.15,EN_NP_UNDC,180,15,"BiomassCap, BiomassCap - w/ CCS, BiomassCap - w/o CCS, CoalCap, CoalCap - w/ CCS, CoalCap - w/o CCS, GasCap, GasCap - w/ CCS, GasCap - w/o CCS, GeothermalCap, HydroCap, NuclearCap, OilCap, OilCap - w/ CCS, OilCap - w/o CCS",180,0,100.0,180,100.0,180,100.0,144,80.0,180,100.0,6,"efficiency_decimal,lifetime_years,capital_cost_usd_per_mw,om_cost_usd_per_mw_per_yr,fuel_price,scenario_price(global)",0,15,0.0,1,2025,2050,target,JPN
DNE21-Japan 1.3,EMF35JMIP_16by30+80by50_Def,60,10,"BiomassCap, CoalCap, CoalCap - w/ CCS, CoalCap - w/o CCS, GasCap, GasCap - w/ CCS, GasCap - w/o CCS, HydroCap, NuclearCap, OilCap",60,0,100.0,60,100.0,60,100.0,48,80.0,60,100.0,6,"efficiency_decimal,lifetime_years,capital_cost_usd_per_mw,om_cost_usd_per_mw_per_yr,fuel_price,scenario_price(global)",0,10,0.0,1,2030,2050,target,JPN
DNE21-Japan 1.3,EMF35JMIP_26by30+100by50_Def,60,10,"BiomassCap, CoalCap, CoalCap - w/ CCS, CoalCap - w/o CCS, GasCap, GasCap - w/ CCS, GasCap - w/o CCS, HydroCap, NuclearCap, OilCap",60,0,100.0,60,100.0,60,100.0,48,80.0,60,100.0,6,"efficiency_decimal,lifetime_years,capital_cost_usd_per_mw,om_cost_usd_per_mw_per_yr,fuel_price,scenario_price(global)",0,10,0.0,1,2030,2050,target,JPN
DNE21-Japan 1.3,EMF35JMIP_26by30+70by50_Def,60,10,"BiomassCap, CoalCap, CoalCap - w/ CCS, CoalCap - w/o CCS, GasCap, GasCap - w/ CCS, GasCap - w/o CCS, HydroCap, NuclearCap, OilCap",60,0,100.0,60,100.0,60,100.0,48,80.0,60,100.0,6,"efficiency_decimal,lifetime_years,capital_cost_usd_per_mw,om_cost_usd_per_mw_per_yr,fuel_price,scenario_price(global)",0,10,0.0,1,2030,2050,target,JPN
DNE21-Japan 1.3,EMF35JMIP_26by30+80by50_Def,60,10,"BiomassCap, CoalCap, CoalCap - w/ CCS, CoalCap - w/o CCS, GasCap, GasCap - w/ CCS, GasCap - w/o CCS, HydroCap, NuclearCap, OilCap",60,0,100.0,60,100.0,60,100.0,48,80.0,60,100.0,6,"efficiency_decimal,lifetime_years,capital_cost_usd_per_mw,om_cost_usd_per_mw_per_yr,fuel_price,scenario_price(global)",0,10,0.0,1,2030,2050,target,JPN
DNE21-Japan 1.3,EMF35JMIP_26by30+80by50_HiImportCost,60,10,"BiomassCap, CoalCap, CoalCap - w/ CCS, CoalCap - w/o CCS, GasCap, GasCap - w/ CCS, GasCap - w/o CCS, HydroCap, NuclearCap, OilCap",60,0,100.0,60,100.0,60,100.0,48,80.0,60,100.0,6,"efficiency_decimal,lifetime_years,capital_cost_usd_per_mw,om_cost_usd_per_mw_per_yr,fuel_price,scenario_price(global)",0,10,0.0,1,2030,2050,target,JPN
DNE21-Japan 1.3,EMF35JMIP_26by30+80by50_HiVREcost,60,10,"BiomassCap, CoalCap, CoalCap - w/ CCS, CoalCap - w/o CCS, GasCap, GasCap - w/ CCS, GasCap - w/o CCS, HydroCap, NuclearCap, OilCap",60,0,100.0,60,100.0,60,100.0,48,80.0,60,100.0,6,"efficiency_decimal,lifetime_years,capital_cost_usd_per_mw,om_cost_usd_per_mw_per_yr,fuel_price,scenario_price(global)",0,10,0.0,1,2030,2050,target,JPN
DNE21-Japan 1.3,EMF35JMIP_26by30+80by50_HiVREpot,60,10,"BiomassCap, CoalCap, CoalCap - w/ CCS, CoalCap - w/o CCS, GasCap, GasCap - w/ CCS, GasCap - w/o CCS, HydroCap, NuclearCap, OilCap",60,0,100.0,60,100.0,60,100.0,48,80.0,60,100.0,6,"efficiency_decimal,lifetime_years,capital_cost_usd_per_mw,om_cost_usd_per_mw_per_yr,fuel_price,scenario_price(global)",0,10,0.0,1,2030,2050,target,JPN
DNE21-Japan 1.3,EMF35JMIP_26by30+80by50_HighInt,60,10,"BiomassCap, CoalCap, CoalCap - w/ CCS, CoalCap - w/o CCS, GasCap, GasCap - w/ CCS, GasCap - w/o CCS, HydroCap, NuclearCap, OilCap",60,0,100.0,60,100.0,60,100.0,48,80.0,60,100.0,6,"efficiency_decimal,lifetime_years,capital_cost_usd_per_mw,om_cost_usd_per_mw_per_yr,fuel_price,scenario_price(global)",0,10,0.0,1,2030,2050,target,JPN
DNE21-Japan 1.3,EMF35JMIP_26by30+80by50_LimNuc,60,10,"BiomassCap, CoalCap, CoalCap - w/ CCS, CoalCap - w/o CCS, GasCap, GasCap - w/ CCS, GasCap - w/o CCS, HydroCap, NuclearCap, OilCap",60,0,100.0,60,100.0,60,100.0,48,80.0,60,100.0,6,"efficiency_decimal,lifetime_years,capital_cost_usd_per_mw,om_cost_usd_per_mw_per_yr,fuel_price,scenario_price(global)",0,10,0.0,1,2030,2050,target,JPN
DNE21-Japan 1.3,EMF35JMIP_26by30+80by50_LoDem,60,10,"BiomassCap, CoalCap, CoalCap - w/ CCS, CoalCap - w/o CCS, GasCap, GasCap - w/ CCS, GasCap - w/o CCS, HydroCap, NuclearCap, OilCap",60,0,100.0,60,100.0,60,100.0,48,80.0,60,100.0,6,"efficiency_decimal,lifetime_years,capital_cost_usd_per_mw,om_cost_usd_per_mw_per_yr,fuel_price,scenario_price(global)",0,10,0.0,1,2030,2050,target,JPN
DNE21-Japan 1.3,EMF35JMIP_26by30+80by50_LoInt,60,10,"BiomassCap, CoalCap, CoalCap - w/ CCS, CoalCap - w/o CCS, GasCap, GasCap - w/ CCS, GasCap - w/o CCS, HydroCap, NuclearCap, OilCap",60,0,100.0,60,100.0,60,100.0,48,80.0,60,100.0,6,"efficiency_decimal,lifetime_years,capital_cost_usd_per_mw,om_cost_usd_per_mw_per_yr,fuel_price,scenario_price(global)",0,10,0.0,1,2030,2050,target,JPN
DNE21-Japan 1.3,EMF35JMIP_26by30+80by50_LoStorageCost,60,10,"BiomassCap, CoalCap, CoalCap - w/ CCS, CoalCap - w/o CCS, GasCap, GasCap - w/ CCS, GasCap - w/o CCS, HydroCap, NuclearCap, OilCap",60,0,100.0,60,100.0,60,100.0,48,80.0,60,100.0,6,"efficiency_decimal,lifetime_years,capital_cost_usd_per_mw,om_cost_usd_per_mw_per_yr,fuel_price,scenario_price(global)",0,10,0.0,1,2030,2050,target,JPN
DNE21-Japan 1.3,EMF35JMIP_26by30+80by50_LoVREcost,60,10,"BiomassCap, CoalCap, CoalCap - w/ CCS, CoalCap - w/o CCS, GasCap, GasCap - w/ CCS, GasCap - w/o CCS, HydroCap, NuclearCap, OilCap",60,0,100.0,60,100.0,60,100.0,48,80.0,60,100.0,6,"efficiency_decimal,lifetime_years,capital_cost_usd_per_mw,om_cost_usd_per_mw_per_yr,fuel_price,scenario_price(global)",0,10,0.0,1,2030,2050,target,JPN
DNE21-Japan 1.3,EMF35JMIP_26by30+80by50_LoVREpot,60,10,"BiomassCap, CoalCap, CoalCap - w/ CCS, CoalCap - w/o CCS, GasCap, GasCap - w/ CCS, GasCap - w/o CCS, HydroCap, NuclearCap, OilCap",60,0,100.0,60,100.0,60,100.0,48,80.0,60,100.0,6,"efficiency_decimal,lifetime_years,capital_cost_usd_per_mw,om_cost_usd_per_mw_per_yr,fuel_price,scenario_price(global)",0,10,0.0,1,2030,2050,target,JPN
DNE21-Japan 1.3,EMF35JMIP_26by30+80by50_NoCCS,60,10,"BiomassCap, CoalCap, CoalCap - w/ CCS, CoalCap - w/o CCS, GasCap, GasCap - w/ CCS, GasCap - w/o CCS, HydroCap, NuclearCap, OilCap",60,0,100.0,60,100.0,60,100.0,48,80.0,60,100.0,6,"efficiency_decimal,lifetime_years,capital_cost_usd_per_mw,om_cost_usd_per_mw_per_yr,fuel_price,scenario_price(global)",0,10,0.0,1,2030,2050,target,JPN
DNE21-Japan 1.3,EMF35JMIP_26by30+80by50_NoNuc,60,10,"BiomassCap, CoalCap, CoalCap - w/ CCS, CoalCap - w/o CCS, GasCap, GasCap - w/ CCS, GasCap - w/o CCS, HydroCap, NuclearCap, OilCap",60,0,100.0,60,100.0,60,100.0,48,80.0,60,100.0,6,"efficiency_decimal,lifetime_years,capital_cost_usd_per_mw,om_cost_usd_per_mw_per_yr,fuel_price,scenario_price(global)",0,10,0.0,1,2030,2050,target,JPN
DNE21-Japan 1.3,EMF35JMIP_26by30+90by50_Def,60,10,"BiomassCap, CoalCap, CoalCap - w/ CCS, CoalCap - w/o CCS, GasCap, GasCap - w/ CCS, GasCap - w/o CCS, HydroCap, NuclearCap, OilCap",60,0,100.0,60,100.0,60,100.0,48,80.0,60,100.0,6,"efficiency_decimal,lifetime_years,capital_cost_usd_per_mw,om_cost_usd_per_mw_per_yr,fuel_price,scenario_price(global)",0,10,0.0,1,2030,2050,target,JPN
DNE21-Japan 1.3,EMF35JMIP_36by30+80by50_Def,60,10,"BiomassCap, CoalCap, CoalCap - w/ CCS, CoalCap - w/o CCS, GasCap, GasCap - w/ CCS, GasCap - w/o CCS, HydroCap, NuclearCap, OilCap",60,0,100.0,60,100.0,60,100.0,48,80.0,60,100.0,6,"efficiency_decimal,lifetime_years,capital_cost_usd_per_mw,om_cost_usd_per_mw_per_yr,fuel_price,scenario_price(global)",0,10,0.0,1,2030,2050,target,JPN
DNE21-Japan 1.3,EMF35JMIP_Baseline_Def,60,10,"BiomassCap, CoalCap, CoalCap - w/ CCS, CoalCap - w/o CCS, GasCap, GasCap - w/ CCS, GasCap - w/o CCS, HydroCap, NuclearCap, OilCap",60,0,100.0,60,100.0,60,100.0,48,80.0,60,100.0,6,"efficiency_decimal,lifetime_years,capital_cost_usd_per_mw,om_cost_usd_per_mw_per_yr,fuel_price,scenario_price(global)",0,10,0.0,1,2030,2050,target,JPN
DNE21-Japan 1.3,EMF35JMIP_Baseline_HiImportCost,60,10,"BiomassCap, CoalCap, CoalCap - w/ CCS, CoalCap - w/o CCS, GasCap, GasCap - w/ CCS, GasCap - w/o CCS, HydroCap, NuclearCap, OilCap",60,0,100.0,60,100.0,60,100.0,48,80.0,60,100.0,6,"efficiency_decimal,lifetime_years,capital_cost_usd_per_mw,om_cost_usd_per_mw_per_yr,fuel_price,scenario_price(global)",0,10,0.0,1,2030,2050,target,JPN
DNE21-Japan 1.3,EMF35JMIP_Baseline_HiVREcost,60,10,"BiomassCap, CoalCap, CoalCap - w/ CCS, CoalCap - w/o CCS, GasCap, GasCap - w/ CCS, GasCap - w/o CCS, HydroCap, NuclearCap, OilCap",60,0,100.0,60,100.0,60,100.0,48,80.0,60,100.0,6,"efficiency_decimal,lifetime_years,capital_cost_usd_per_mw,om_cost_usd_per_mw_per_yr,fuel_price,scenario_price(global)",0,10,0.0,1,2030,2050,target,JPN
DNE21-Japan 1.3,EMF35JMIP_Baseline_HiVREpot,60,10,"BiomassCap, CoalCap, CoalCap - w/ CCS, CoalCap - w/o CCS, GasCap, GasCap - w/ CCS, GasCap - w/o CCS, HydroCap, NuclearCap, OilCap",60,0,100.0,60,100.0,60,100.0,48,80.0,60,100.0,6,"efficiency_decimal,lifetime_years,capital_cost_usd_per_mw,om_cost_usd_per_mw_per_yr,fuel_price,scenario_price(global)",0,10,0.0,1,2030,2050,target,JPN
DNE21-Japan 1.3,EMF35JMIP_Baseline_HighInt,60,10,"BiomassCap, CoalCap, CoalCap - w/ CCS, CoalCap - w/o CCS, GasCap, GasCap - w/ CCS, GasCap - w/o CCS, HydroCap, NuclearCap, OilCap",60,0,100.0,60,100.0,60,100.0,48,80.0,60,100.0,6,"efficiency_decimal,lifetime_years,capital_cost_usd_per_mw,om_cost_usd_per_mw_per_yr,fuel_price,scenario_price(global)",0,10,0.0,1,2030,2050,target,JPN
DNE21-Japan 1.3,EMF35JMIP_Baseline_LimNuc,60,10,"BiomassCap, CoalCap, CoalCap - w/ CCS, CoalCap - w/o CCS, GasCap, GasCap - w/ CCS, GasCap - w/o CCS, HydroCap, NuclearCap, OilCap",60,0,100.0,60,100.0,60,100.0,48,80.0,60,100.0,6,"efficiency_decimal,lifetime_years,capital_cost_usd_per_mw,om_cost_usd_per_mw_per_yr,fuel_price,scenario_price(global)",0,10,0.0,1,2030,2050,target,JPN
DNE21-Japan 1.3,EMF35JMIP_Baseline_LoDem,60,10,"BiomassCap, CoalCap, CoalCap - w/ CCS, CoalCap - w/o CCS, GasCap, GasCap - w/ CCS, GasCap - w/o CCS, HydroCap, NuclearCap, OilCap",60,0,100.0,60,100.0,60,100.0,48,80.0,60,100.0,6,"efficiency_decimal,lifetime_years,capital_cost_usd_per_mw,om_cost_usd_per_mw_per_yr,fuel_price,scenario_price(global)",0,10,0.0,1,2030,2050,target,JPN
DNE21-Japan 1.3,EMF35JMIP_Baseline_LoInt,60,10,"BiomassCap, CoalCap, CoalCap - w/ CCS, CoalCap - w/o CCS, GasCap, GasCap - w/ CCS, GasCap - w/o CCS, HydroCap, NuclearCap, OilCap",60,0,100.0,60,100.0,60,100.0,48,80.0,60,100.0,6,"efficiency_decimal,lifetime_years,capital_cost_usd_per_mw,om_cost_usd_per_mw_per_yr,fuel_price,scenario_price(global)",0,10,0.0,1,2030,2050,target,JPN
DNE21-Japan 1.3,EMF35JMIP_Baseline_LoStorageCost,60,10,"BiomassCap, CoalCap, CoalCap - w/ CCS, CoalCap - w/o CCS, GasCap, GasCap - w/ CCS, GasCap - w/o CCS, HydroCap, NuclearCap, OilCap",60,0,100.0,60,100.0,60,100.0,48,80.0,60,100.0,6,"efficiency_decimal,lifetime_years,capital_cost_usd_per_mw,om_cost_usd_per_mw_per_yr,fuel_price,scenario_price(global)",0,10,0.0,1,2030,2050,target,JPN
DNE21-Japan 1.3,EMF35JMIP_Baseline_LoVREcost,60,10,"BiomassCap, CoalCap, CoalCap - w/ CCS, CoalCap - w/o CCS, GasCap, GasCap - w/ CCS, GasCap - w/o CCS, HydroCap, NuclearCap, OilCap",60,0,100.0,60,100.0,60,100.0,48,80.0,60,100.0,6,"efficiency_decimal,lifetime_years,capital_cost_usd_per_mw,om_cost_usd_per_mw_per_yr,fuel_price,scenario_price(global)",0,10,0.0,1,2030,2050,target,JPN
DNE21-Japan 1.3,EMF35JMIP_Baseline_LoVREpot,60,10,"BiomassCap, CoalCap, CoalCap - w/ CCS, CoalCap - w/o CCS, GasCap, GasCap - w/ CCS, GasCap - w/o CCS, HydroCap, NuclearCap, OilCap",60,0,100.0,60,100.0,60,100.0,48,80.0,60,100.0,6,"efficiency_decimal,lifetime_years,capital_cost_usd_per_mw,om_cost_usd_per_mw_per_yr,fuel_price,scenario_price(global)",0,10,0.0,1,2030,2050,target,JPN
DNE21-Japan 1.3,EMF35JMIP_Baseline_NoCCS,60,10,"BiomassCap, CoalCap, CoalCap - w/ CCS, CoalCap - w/o CCS, GasCap, GasCap - w/ CCS, GasCap - w/o CCS, HydroCap, NuclearCap, OilCap",60,0,100.0,60,100.0,60,100.0,48,80.0,60,100.0,6,"efficiency_decimal,lifetime_years,capital_cost_usd_per_mw,om_cost_usd_per_mw_per_yr,fuel_price,scenario_price(global)",0,10,0.0,1,2030,2050,target,JPN
DNE21-Japan 1.3,EMF35JMIP_Baseline_NoNuc,60,10,"BiomassCap, CoalCap, CoalCap - w/ CCS, CoalCap - w/o CCS, GasCap, GasCap - w/ CCS, GasCap - w/o CCS, HydroCap, NuclearCap, OilCap",60,0,100.0,60,100.0,60,100.0,48,80.0,60,100.0,6,"efficiency_decimal,lifetime_years,capital_cost_usd_per_mw,om_cost_usd_per_mw_per_yr,fuel_price,scenario_price(global)",0,10,0.0,1,2030,2050,target,JPN
DREAM-China 2.0,Baseline,84,7,"BiomassCap, CoalCap, GasCap, GeothermalCap, HydroCap, NuclearCap, OilCap",84,0,100.0,84,100.0,84,100.0,48,57.14,84,100.0,3,"efficiency_decimal,lifetime_years,capital_cost_usd_per_mw,om_cost_usd_per_mw_per_yr,fuel_price,scenario_price",0,7,0.0,1,2025,2050,target,CHN
E3ME 6.1,1.5C,18,3,"GeothermalCap, HydroCap, NuclearCap",18,0,100.0,18,100.0,18,100.0,0,0.0,18,100.0,1,"lifetime_years,capital_cost_usd_per_mw,om_cost_usd_per_mw_per_yr,scenario_price",0,3,0.0,0,2025,2050,target,Global
E3ME 6.1,1.5C OPEC sell-out,18,3,"GeothermalCap, HydroCap, NuclearCap",18,0,100.0,18,100.0,18,100.0,0,0.0,18,100.0,1,"lifetime_years,capital_cost_usd_per_mw,om_cost_usd_per_mw_per_yr,scenario_price",0,3,0.0,0,2025,2050,target,Global
E3ME 6.1,2C,18,3,"GeothermalCap, HydroCap, NuclearCap",18,0,100.0,18,100.0,18,100.0,0,0.0,18,100.0,1,"lifetime_years,capital_cost_usd_per_mw,om_cost_usd_per_mw_per_yr,scenario_price",0,3,0.0,0,2025,2050,target,Global
E3ME 6.1,2C OPEC sell-out,18,3,"GeothermalCap, HydroCap, NuclearCap",18,0,100.0,18,100.0,18,100.0,0,0.0,18,100.0,1,"lifetime_years,capital_cost_usd_per_mw,om_cost_usd_per_mw_per_yr,scenario_price",0,3,0.0,0,2025,2050,target,Global
E3ME 6.1,Baseline,18,3,"GeothermalCap, HydroCap, NuclearCap",18,0,100.0,18,100.0,18,100.0,0,0.0,18,100.0,1,"lifetime_years,capital_cost_usd_per_mw,om_cost_usd_per_mw_per_yr,scenario_price",0,3,0.0,0,2025,2050,target,Global
E3ME 6.1,PR_Baseline,1008,14,"BiomassCap, BiomassCap - w/ CCS, BiomassCap - w/o CCS, CoalCap, CoalCap - w/ CCS, CoalCap - w/o CCS, GasCap, GasCap - w/ CCS, GasCap - w/o CCS, GeothermalCap, HydroCap, NuclearCap, OilCap, OilCap - w/o CCS",1008,0,100.0,1008,100.0,1008,100.0,792,78.57,1008,100.0,10,"efficiency_decimal,lifetime_years,capital_cost_usd_per_mw,om_cost_usd_per_mw_per_yr,fuel_price,scenario_price",0,14,0.0,210,2025,2050,target,R10AFRICA
E3ME 6.1,PR_CP_Intensity,1008,14,"BiomassCap, BiomassCap - w/ CCS, BiomassCap - w/o CCS, CoalCap, CoalCap - w/ CCS, CoalCap - w/o CCS, GasCap, GasCap - w/ CCS, GasCap - w/o CCS, GeothermalCap, HydroCap, NuclearCap, OilCap, OilCap - w/o CCS",1008,0,100.0,1008,100.0,1008,100.0,792,78.57,1008,100.0,10,"efficiency_decimal,lifetime_years,capital_cost_usd_per_mw,om_cost_usd_per_mw_per_yr,fuel_price,scenario_price",0,14,0.0,210,2025,2050,target,R10AFRICA
E3ME 6.1,PR_CP_Price,1008,14,"BiomassCap, BiomassCap - w/ CCS, BiomassCap - w/o CCS, CoalCap, CoalCap - w/ CCS, CoalCap - w/o CCS, GasCap, GasCap - w/ CCS, GasCap - w/o CCS, GeothermalCap, HydroCap, NuclearCap, OilCap, OilCap - w/o CCS",1008,0,100.0,1008,100.0,1008,100.0,792,78.57,1008,100.0,10,"efficiency_decimal,lifetime_years,capital_cost_usd_per_mw,om_cost_usd_per_mw_per_yr,fuel_price,scenario_price",0,14,0.0,210,2025,2050,target,R10AFRICA
E3ME 6.1,PR_NDC_Intensity,1008,14,"BiomassCap, BiomassCap - w/ CCS, BiomassCap - w/o CCS, CoalCap, CoalCap - w/ CCS, CoalCap - w/o CCS, GasCap, GasCap - w/ CCS, GasCap - w/o CCS, GeothermalCap, HydroCap, NuclearCap, OilCap, OilCap - w/o CCS",1008,0,100.0,1008,100.0,1008,100.0,792,78.57,1008,100.0,10,"efficiency_decimal,lifetime_years,capital_cost_usd_per_mw,om_cost_usd_per_mw_per_yr,fuel_price,scenario_price",0,14,0.0,210,2025,2050,target,R10AFRICA
E3ME 6.1,PR_NDC_Price,1008,14,"BiomassCap, BiomassCap - w/ CCS, BiomassCap - w/o CCS, CoalCap, CoalCap - w/ CCS, CoalCap - w/o CCS, GasCap, GasCap - w/ CCS, GasCap - w/o CCS, GeothermalCap, HydroCap, NuclearCap, OilCap, OilCap - w/o CCS",1008,0,100.0,1008,100.0,1008,100.0,792,78.57,1008,100.0,10,"efficiency_decimal,lifetime_years,capital_cost_usd_per_mw,om_cost_usd_per_mw_per_yr,fuel_price,scenario_price",0,14,0.0,210,2025,2050,target,R10AFRICA
E4SMA-EU-TIMES 1.0,PR_WWH_CP,128,16,"BiomassCap, BiomassCap - w/ CCS, BiomassCap - w/o CCS, CoalCap, CoalCap - w/ CCS, CoalCap - w/o CCS, GasCap, GasCap - w/ CCS, GasCap - w/o CCS, GeothermalCap, HydroCap, NuclearCap, OilCap, OilCap - w/o CCS, WindCap - Offshore, WindCap - Onshore",128,0,100.0,128,100.0,128,100.0,88,68.75,128,100.0,3,"efficiency_decimal,lifetime_years,capital_cost_usd_per_mw,om_cost_usd_per_mw_per_yr,fuel_price,scenario_price",0,16,0.0,27,2025,2050,target,EU
ELENA-Ecuador 1.0,DDP_High,192,16,"BiomassCap, BiomassCap - w/ CCS, BiomassCap - w/o CCS, CoalCap, CoalCap - w/ CCS, CoalCap - w/o CCS, GasCap, GasCap - w/ CCS, GasCap - w/o CCS, HydroCap, NuclearCap, OilCap, OilCap - w/ CCS, OilCap - w/o CCS, WindCap - Offshore, WindCap - Onshore",192,0,100.0,192,100.0,192,100.0,144,75.0,192,100.0,6,"efficiency_decimal(global),lifetime_years(global),capital_cost_usd_per_mw(global),om_cost_usd_per_mw_per_yr(global),fuel_price(global),scenario_price(global)",0,16,0.0,1,2025,2050,target,ECU
ELENA-Ecuador 1.0,MinC,192,16,"BiomassCap, BiomassCap - w/ CCS, BiomassCap - w/o CCS, CoalCap, CoalCap - w/ CCS, CoalCap - w/o CCS, GasCap, GasCap - w/ CCS, GasCap - w/o CCS, HydroCap, NuclearCap, OilCap, OilCap - w/ CCS, OilCap - w/o CCS, WindCap - Offshore, WindCap - Onshore",192,0,100.0,192,100.0,192,100.0,144,75.0,192,100.0,6,"efficiency_decimal(global),lifetime_years(global),capital_cost_usd_per_mw(global),om_cost_usd_per_mw_per_yr(global),fuel_price(global),scenario_price(global)",0,16,0.0,1,2025,2050,target,ECU
EPPA 6,1.5CNow_Gradual,780,10,"BiomassCap, CoalCap, CoalCap - w/ CCS, CoalCap - w/o CCS, GasCap, GasCap - w/ CCS, GasCap - w/o CCS, HydroCap, NuclearCap, OilCap",780,0,100.0,780,100.0,780,100.0,624,80.0,780,100.0,7,"efficiency_decimal,lifetime_years,capital_cost_usd_per_mw,om_cost_usd_per_mw_per_yr,fuel_price,scenario_price",0,10,0.0,209,2025,2050,target,EU
EPPA 6,1.5CNow_OptTax,780,10,"BiomassCap, CoalCap, CoalCap - w/ CCS, CoalCap - w/o CCS, GasCap, GasCap - w/ CCS, GasCap - w/o CCS, HydroCap, NuclearCap, OilCap",780,0,100.0,780,100.0,780,100.0,624,80.0,780,100.0,7,"efficiency_decimal,lifetime_years,capital_cost_usd_per_mw,om_cost_usd_per_mw_per_yr,fuel_price,scenario_price",0,10,0.0,209,2025,2050,target,EU
EPPA 6,2CNow_Gradual,780,10,"BiomassCap, CoalCap, CoalCap - w/ CCS, CoalCap - w/o CCS, GasCap, GasCap - w/ CCS, GasCap - w/o CCS, HydroCap, NuclearCap, OilCap",780,0,100.0,780,100.0,780,100.0,624,80.0,780,100.0,4,"efficiency_decimal,lifetime_years,capital_cost_usd_per_mw,om_cost_usd_per_mw_per_yr,fuel_price,scenario_price",0,10,0.0,209,2025,2050,target,EU
EPPA 6,2CNow_OptTax,780,10,"BiomassCap, CoalCap, CoalCap - w/ CCS, CoalCap - w/o CCS, GasCap, GasCap - w/ CCS, GasCap - w/o CCS, HydroCap, NuclearCap, OilCap",780,0,100.0,780,100.0,780,100.0,624,80.0,780,100.0,7,"efficiency_decimal,lifetime_years,capital_cost_usd_per_mw,om_cost_usd_per_mw_per_yr,fuel_price,scenario_price",0,10,0.0,209,2025,2050,target,EU
EPPA 6,Paris1.5C_OptTax,780,10,"BiomassCap, CoalCap, CoalCap - w/ CCS, CoalCap - w/o CCS, GasCap, GasCap - w/ CCS, GasCap - w/o CCS, HydroCap, NuclearCap, OilCap",780,0,100.0,780,100.0,780,100.0,624,80.0,780,100.0,4,"efficiency_decimal,lifetime_years,capital_cost_usd_per_mw,om_cost_usd_per_mw_per_yr,fuel_price,scenario_price",0,10,0.0,209,2025,2050,target,EU
EPPA 6,Paris2C_Gradual,780,10,"BiomassCap, CoalCap, CoalCap - w/ CCS, CoalCap - w/o CCS, GasCap, GasCap - w/ CCS, GasCap - w/o CCS, HydroCap, NuclearCap, OilCap",780,0,100.0,780,100.0,780,100.0,624,80.0,780,100.0,4,"efficiency_decimal,lifetime_years,capital_cost_usd_per_mw,om_cost_usd_per_mw_per_yr,fuel_price,scenario_price",0,10,0.0,209,2025,2050,target,EU
EPPA 6,Paris2C_OptTax,780,10,"BiomassCap, CoalCap, CoalCap - w/ CCS, CoalCap - w/o CCS, GasCap, GasCap - w/ CCS, GasCap - w/o CCS, HydroCap, NuclearCap, OilCap",780,0,100.0,780,100.0,780,100.0,624,80.0,780,100.0,4,"efficiency_decimal,lifetime_years,capital_cost_usd_per_mw,om_cost_usd_per_mw_per_yr,fuel_price,scenario_price",0,10,0.0,209,2025,2050,target,EU
EPPA 6,ParisFlat,780,10,"BiomassCap, CoalCap, CoalCap - w/ CCS, CoalCap - w/o CCS, GasCap, GasCap - w/ CCS, GasCap - w/o CCS, HydroCap, NuclearCap, OilCap",780,0,100.0,780,100.0,780,100.0,624,80.0,780,100.0,4,"efficiency_decimal,lifetime_years,capital_cost_usd_per_mw,om_cost_usd_per_mw_per_yr,fuel_price,scenario_price",0,10,0.0,209,2025,2050,target,EU
EPPA 6,ParisForever,780,10,"BiomassCap, CoalCap, CoalCap - w/ CCS, CoalCap - w/o CCS, GasCap, GasCap - w/ CCS, GasCap - w/o CCS, HydroCap, NuclearCap, OilCap",780,0,100.0,780,100.0,780,100.0,624,80.0,780,100.0,4,"efficiency_decimal,lifetime_years,capital_cost_usd_per_mw,om_cost_usd_per_mw_per_yr,fuel_price,scenario_price",0,10,0.0,209,2025,2050,target,EU
EPPA 6,Ref,780,10,"BiomassCap, CoalCap, CoalCap - w/ CCS, CoalCap - w/o CCS, GasCap, GasCap - w/ CCS, GasCap - w/o CCS, HydroCap, NuclearCap, OilCap",780,0,100.0,780,100.0,780,100.0,624,80.0,780,100.0,4,"efficiency_decimal,lifetime_years,capital_cost_usd_per_mw,om_cost_usd_per_mw_per_yr,fuel_price,scenario_price",0,10,0.0,209,2025,2050,target,EU
EnergyPATHWAYS-USA 1.0,100% RE,18,3,"GeothermalCap, HydroCap, NuclearCap",18,0,100.0,18,100.0,18,100.0,0,0.0,18,100.0,1,"lifetime_years,capital_cost_usd_per_mw,om_cost_usd_per_mw_per_yr,scenario_price",0,3,0.0,0,2025,2050,target,Global
EnergyPATHWAYS-USA 1.0,100% renewable primary energy,18,3,"GeothermalCap, HydroCap, NuclearCap",18,0,100.0,18,100.0,18,100.0,0,0.0,18,100.0,1,"lifetime_years,capital_cost_usd_per_mw,om_cost_usd_per_mw_per_yr,scenario_price",0,3,0.0,0,2025,2050,target,Global
EnergyPATHWAYS-USA 1.0,central,18,3,"GeothermalCap, HydroCap, NuclearCap",18,0,100.0,18,100.0,18,100.0,0,0.0,18,100.0,1,"lifetime_years,capital_cost_usd_per_mw,om_cost_usd_per_mw_per_yr,scenario_price",0,3,0.0,0,2025,2050,target,Global
EnergyPATHWAYS-USA 1.0,central low fuel price,18,3,"GeothermalCap, HydroCap, NuclearCap",18,0,100.0,18,100.0,18,100.0,0,0.0,18,100.0,1,"lifetime_years,capital_cost_usd_per_mw,om_cost_usd_per_mw_per_yr,scenario_price",0,3,0.0,0,2025,2050,target,Global
EnergyPATHWAYS-USA 1.0,central low re cost,18,3,"GeothermalCap, HydroCap, NuclearCap",18,0,100.0,18,100.0,18,100.0,0,0.0,18,100.0,1,"lifetime_years,capital_cost_usd_per_mw,om_cost_usd_per_mw_per_yr,scenario_price",0,3,0.0,0,2025,2050,target,Global
EnergyPATHWAYS-USA 1.0,"central, low fossil fuel price",18,3,"GeothermalCap, HydroCap, NuclearCap",18,0,100.0,18,100.0,18,100.0,0,0.0,18,100.0,1,"lifetime_years,capital_cost_usd_per_mw,om_cost_usd_per_mw_per_yr,scenario_price",0,3,0.0,0,2025,2050,target,Global
EnergyPATHWAYS-USA 1.0,"central, low renewables cost",18,3,"GeothermalCap, HydroCap, NuclearCap",18,0,100.0,18,100.0,18,100.0,0,0.0,18,100.0,1,"lifetime_years,capital_cost_usd_per_mw,om_cost_usd_per_mw_per_yr,scenario_price",0,3,0.0,0,2025,2050,target,Global
EnergyPATHWAYS-USA 1.0,delayed electrification,18,3,"GeothermalCap, HydroCap, NuclearCap",18,0,100.0,18,100.0,18,100.0,0,0.0,18,100.0,1,"lifetime_years,capital_cost_usd_per_mw,om_cost_usd_per_mw_per_yr,scenario_price",0,3,0.0,0,2025,2050,target,Global
EnergyPATHWAYS-USA 1.0,low demand,18,3,"GeothermalCap, HydroCap, NuclearCap",18,0,100.0,18,100.0,18,100.0,0,0.0,18,100.0,1,"lifetime_years,capital_cost_usd_per_mw,om_cost_usd_per_mw_per_yr,scenario_price",0,3,0.0,0,2025,2050,target,Global
EnergyPATHWAYS-USA 1.0,low land,18,3,"GeothermalCap, HydroCap, NuclearCap",18,0,100.0,18,100.0,18,100.0,0,0.0,18,100.0,1,"lifetime_years,capital_cost_usd_per_mw,om_cost_usd_per_mw_per_yr,scenario_price",0,3,0.0,0,2025,2050,target,Global
EnergyPATHWAYS-USA 1.0,net negative,18,3,"GeothermalCap, HydroCap, NuclearCap",18,0,100.0,18,100.0,18,100.0,0,0.0,18,100.0,1,"lifetime_years,capital_cost_usd_per_mw,om_cost_usd_per_mw_per_yr,scenario_price",0,3,0.0,0,2025,2050,target,Global
EnergyPATHWAYS-USA 1.0,reference,18,3,"GeothermalCap, HydroCap, NuclearCap",18,0,100.0,18,100.0,18,100.0,0,0.0,18,100.0,1,"lifetime_years,capital_cost_usd_per_mw,om_cost_usd_per_mw_per_yr,scenario_price",0,3,0.0,0,2025,2050,target,Global
GCAM 4.0,20% abatement (FF&I),495,15,"BiomassCap, BiomassCap - w/ CCS, BiomassCap - w/o CCS, CoalCap, CoalCap - w/ CCS, CoalCap - w/o CCS, GasCap, GasCap - w/ CCS, GasCap - w/o CCS, GeothermalCap, HydroCap, NuclearCap, OilCap, OilCap - w/ CCS, OilCap - w/o CCS",495,0,100.0,495,100.0,495,100.0,396,80.0,495,100.0,7,"efficiency_decimal,lifetime_years,capital_cost_usd_per_mw,om_cost_usd_per_mw_per_yr,fuel_price,scenario_price",0,15,0.0,209,2030,2050,target,R10AFRICA
GCAM 4.0,20% abatement (GHG),495,15,"BiomassCap, BiomassCap - w/ CCS, BiomassCap - w/o CCS, CoalCap, CoalCap - w/ CCS, CoalCap - w/o CCS, GasCap, GasCap - w/ CCS, GasCap - w/o CCS, GeothermalCap, HydroCap, NuclearCap, OilCap, OilCap - w/ CCS, OilCap - w/o CCS",495,0,100.0,495,100.0,495,100.0,396,80.0,495,100.0,7,"efficiency_decimal,lifetime_years,capital_cost_usd_per_mw,om_cost_usd_per_mw_per_yr,fuel_price,scenario_price",0,15,0.0,209,2030,2050,target,R10AFRICA
GCAM 4.0,450 concentration,495,15,"BiomassCap, BiomassCap - w/ CCS, BiomassCap - w/o CCS, CoalCap, CoalCap - w/ CCS, CoalCap - w/o CCS, GasCap, GasCap - w/ CCS, GasCap - w/o CCS, GeothermalCap, HydroCap, NuclearCap, OilCap, OilCap - w/ CCS, OilCap - w/o CCS",495,0,100.0,495,100.0,495,100.0,396,80.0,495,100.0,7,"efficiency_decimal,lifetime_years,capital_cost_usd_per_mw,om_cost_usd_per_mw_per_yr,fuel_price,scenario_price",0,15,0.0,209,2030,2050,target,R10AFRICA
GCAM 4.0,50% abatement (FF&I),495,15,"BiomassCap, BiomassCap - w/ CCS, BiomassCap - w/o CCS, CoalCap, CoalCap - w/ CCS, CoalCap - w/o CCS, GasCap, GasCap - w/ CCS, GasCap - w/o CCS, GeothermalCap, HydroCap, NuclearCap, OilCap, OilCap - w/ CCS, OilCap - w/o CCS",495,0,100.0,495,100.0,495,100.0,396,80.0,495,100.0,7,"efficiency_decimal,lifetime_years,capital_cost_usd_per_mw,om_cost_usd_per_mw_per_yr,fuel_price,scenario_price",0,15,0.0,209,2030,2050,target,R10AFRICA
GCAM 4.0,50% abatement (GHG),495,15,"BiomassCap, BiomassCap - w/ CCS, BiomassCap - w/o CCS, CoalCap, CoalCap - w/ CCS, CoalCap - w/o CCS, GasCap, GasCap - w/ CCS, GasCap - w/o CCS, GeothermalCap, HydroCap, NuclearCap, OilCap, OilCap - w/ CCS, OilCap - w/o CCS",495,0,100.0,495,100.0,495,100.0,396,80.0,495,100.0,7,"efficiency_decimal,lifetime_years,capital_cost_usd_per_mw,om_cost_usd_per_mw_per_yr,fuel_price,scenario_price",0,15,0.0,209,2030,2050,target,R10AFRICA
GCAM 4.0,550 concentration,495,15,"BiomassCap, BiomassCap - w/ CCS, BiomassCap - w/o CCS, CoalCap, CoalCap - w/ CCS, CoalCap - w/o CCS, GasCap, GasCap - w/ CCS, GasCap - w/o CCS, GeothermalCap, HydroCap, NuclearCap, OilCap, OilCap - w/ CCS, OilCap - w/o CCS",495,0,100.0,495,100.0,495,100.0,396,80.0,495,100.0,7,"efficiency_decimal,lifetime_years,capital_cost_usd_per_mw,om_cost_usd_per_mw_per_yr,fuel_price,scenario_price",0,15,0.0,209,2030,2050,target,R10AFRICA
GCAM 4.0,650 concentration,495,15,"BiomassCap, BiomassCap - w/ CCS, BiomassCap - w/o CCS, CoalCap, CoalCap - w/ CCS, CoalCap - w/o CCS, GasCap, GasCap - w/ CCS, GasCap - w/o CCS, GeothermalCap, HydroCap, NuclearCap, OilCap, OilCap - w/ CCS, OilCap - w/o CCS",495,0,100.0,495,100.0,495,100.0,396,80.0,495,100.0,7,"efficiency_decimal,lifetime_years,capital_cost_usd_per_mw,om_cost_usd_per_mw_per_yr,fuel_price,scenario_price",0,15,0.0,209,2030,2050,target,R10AFRICA
GCAM 4.0,Core baseline,495,15,"BiomassCap, BiomassCap - w/ CCS, BiomassCap - w/o CCS, CoalCap, CoalCap - w/ CCS, CoalCap - w/o CCS, GasCap, GasCap - w/ CCS, GasCap - w/o CCS, GeothermalCap, HydroCap, NuclearCap, OilCap, OilCap - w/ CCS, OilCap - w/o CCS",495,0,100.0,495,100.0,495,100.0,396,80.0,495,100.0,7,"efficiency_decimal,lifetime_years,capital_cost_usd_per_mw,om_cost_usd_per_mw_per_yr,fuel_price,scenario_price",0,15,0.0,209,2030,2050,target,R10AFRICA
GCAM 4.0,High CO2 price,495,15,"BiomassCap, BiomassCap - w/ CCS, BiomassCap - w/o CCS, CoalCap, CoalCap - w/ CCS, CoalCap - w/o CCS, GasCap, GasCap - w/ CCS, GasCap - w/o CCS, GeothermalCap, HydroCap, NuclearCap, OilCap, OilCap - w/ CCS, OilCap - w/o CCS",495,0,100.0,495,100.0,495,100.0,396,80.0,495,100.0,7,"efficiency_decimal,lifetime_years,capital_cost_usd_per_mw,om_cost_usd_per_mw_per_yr,fuel_price,scenario_price",0,15,0.0,209,2030,2050,target,R10AFRICA
GCAM 4.0,Low CO2 price,495,15,"BiomassCap, BiomassCap - w/ CCS, BiomassCap - w/o CCS, CoalCap, CoalCap - w/ CCS, CoalCap - w/o CCS, GasCap, GasCap - w/ CCS, GasCap - w/o CCS, GeothermalCap, HydroCap, NuclearCap, OilCap, OilCap - w/ CCS, OilCap - w/o CCS",495,0,100.0,495,100.0,495,100.0,396,80.0,495,100.0,7,"efficiency_decimal,lifetime_years,capital_cost_usd_per_mw,om_cost_usd_per_mw_per_yr,fuel_price,scenario_price",0,15,0.0,209,2030,2050,target,R10AFRICA
GCAM 4.0,Policy baseline,495,15,"BiomassCap, BiomassCap - w/ CCS, BiomassCap - w/o CCS, CoalCap, CoalCap - w/ CCS, CoalCap - w/o CCS, GasCap, GasCap - w/ CCS, GasCap - w/o CCS, GeothermalCap, HydroCap, NuclearCap, OilCap, OilCap - w/ CCS, OilCap - w/o CCS",495,0,100.0,495,100.0,495,100.0,396,80.0,495,100.0,7,"efficiency_decimal,lifetime_years,capital_cost_usd_per_mw,om_cost_usd_per_mw_per_yr,fuel_price,scenario_price",0,15,0.0,209,2030,2050,target,R10AFRICA
GCAM 5.2,"NGFS1_Current policies (Hot house world, Rep)",2022,13,"BiomassCap, BiomassCap - w/o CCS, CoalCap, CoalCap - w/o CCS, GasCap, GasCap - w/o CCS, GeothermalCap, HydroCap, NuclearCap, OilCap, OilCap - w/o CCS, WindCap - Offshore, WindCap - Onshore",2022,0,100.0,2022,100.0,2022,100.0,1248,61.72,2022,100.0,12,"lifetime_years,capital_cost_usd_per_mw,om_cost_usd_per_mw_per_yr,scenario_price",13,13,100.0,209,2025,2050,target,ARG
GCAM 5.2,"NGFS1_Immediate 2C with CDR (Orderly, Rep)",2640,17,"BiomassCap, BiomassCap - w/ CCS, BiomassCap - w/o CCS, CoalCap, CoalCap - w/ CCS, CoalCap - w/o CCS, GasCap, GasCap - w/ CCS, GasCap - w/o CCS, GeothermalCap, HydroCap, NuclearCap, OilCap, OilCap - w/ CCS, OilCap - w/o CCS, WindCap - Offshore, WindCap - Onshore",2640,0,100.0,2640,100.0,2640,100.0,1866,70.68,2640,100.0,12,"efficiency_decimal,lifetime_years,om_cost_usd_per_mw_per_yr,fuel_price,scenario_price",17,17,100.0,209,2025,2050,target,ARG
GCAM 5.3,NGFS2_Below 2°C,2754,17,"BiomassCap, BiomassCap - w/ CCS, BiomassCap - w/o CCS, CoalCap, CoalCap - w/ CCS, CoalCap - w/o CCS, GasCap, GasCap - w/ CCS, GasCap - w/o CCS, GeothermalCap, HydroCap, Hydrogen, NuclearCap, OilCap, OilCap - w/o CCS, WindCap - Offshore, WindCap - Onshore",2754,0,100.0,2754,100.0,2754,100.0,1296,47.06,0,0.0,16,"lifetime_years,om_cost_usd_per_mw_per_yr",16,17,94.12,209,2025,2050,target,ARG
GCAM 5.3,NGFS2_Current Policies,2754,17,"BiomassCap, BiomassCap - w/ CCS, BiomassCap - w/o CCS, CoalCap, CoalCap - w/ CCS, CoalCap - w/o CCS, GasCap, GasCap - w/ CCS, GasCap - w/o CCS, GeothermalCap, HydroCap, Hydrogen, NuclearCap, OilCap, OilCap - w/o CCS, WindCap - Offshore, WindCap - Onshore",2754,0,100.0,2754,100.0,2754,100.0,1296,47.06,0,0.0,16,"lifetime_years,om_cost_usd_per_mw_per_yr",13,17,76.47,209,2025,2050,target,ARG
GCAM 5.3,NGFS2_Delayed Transition,2754,17,"BiomassCap, BiomassCap - w/ CCS, BiomassCap - w/o CCS, CoalCap, CoalCap - w/ CCS, CoalCap - w/o CCS, GasCap, GasCap - w/ CCS, GasCap - w/o CCS, GeothermalCap, HydroCap, Hydrogen, NuclearCap, OilCap, OilCap - w/o CCS, WindCap - Offshore, WindCap - Onshore",2754,0,100.0,2754,100.0,2754,100.0,1296,47.06,0,0.0,16,"lifetime_years,om_cost_usd_per_mw_per_yr",16,17,94.12,209,2025,2050,target,ARG
GCAM 5.3,NGFS2_Divergent Net Zero Policies,2754,17,"BiomassCap, BiomassCap - w/ CCS, BiomassCap - w/o CCS, CoalCap, CoalCap - w/ CCS, CoalCap - w/o CCS, GasCap, GasCap - w/ CCS, GasCap - w/o CCS, GeothermalCap, HydroCap, Hydrogen, NuclearCap, OilCap, OilCap - w/o CCS, WindCap - Offshore, WindCap - Onshore",2754,0,100.0,2754,100.0,2754,100.0,1296,47.06,0,0.0,16,"lifetime_years,om_cost_usd_per_mw_per_yr",16,17,94.12,209,2025,2050,target,ARG
GCAM 5.3,NGFS2_Nationally Determined Contributions (NDCs),2754,17,"BiomassCap, BiomassCap - w/ CCS, BiomassCap - w/o CCS, CoalCap, CoalCap - w/ CCS, CoalCap - w/o CCS, GasCap, GasCap - w/ CCS, GasCap - w/o CCS, GeothermalCap, HydroCap, Hydrogen, NuclearCap, OilCap, OilCap - w/o CCS, WindCap - Offshore, WindCap - Onshore",2754,0,100.0,2754,100.0,2754,100.0,1296,47.06,0,0.0,16,"lifetime_years,om_cost_usd_per_mw_per_yr",16,17,94.12,209,2025,2050,target,ARG
GCAM 5.3,NGFS2_Net-Zero 2050,2754,17,"BiomassCap, BiomassCap - w/ CCS, BiomassCap - w/o CCS, CoalCap, CoalCap - w/ CCS, CoalCap - w/o CCS, GasCap, GasCap - w/ CCS, GasCap - w/o CCS, GeothermalCap, HydroCap, Hydrogen, NuclearCap, OilCap, OilCap - w/o CCS, WindCap - Offshore, WindCap - Onshore",2754,0,100.0,2754,100.0,2754,100.0,1296,47.06,0,0.0,16,"lifetime_years,om_cost_usd_per_mw_per_yr",16,17,94.12,209,2025,2050,target,ARG
GCAM 5.3,R_BAU,2100,13,"BiomassCap, BiomassCap - w/o CCS, CoalCap, CoalCap - w/o CCS, GasCap, GasCap - w/o CCS, GeothermalCap, HydroCap, NuclearCap, OilCap, OilCap - w/o CCS, WindCap - Offshore, WindCap - Onshore",2100,0,100.0,2100,100.0,2100,100.0,1296,61.71,2100,100.0,7,"efficiency_decimal,lifetime_years,capital_cost_usd_per_mw,om_cost_usd_per_mw_per_yr,fuel_price,scenario_price",0,13,0.0,209,2025,2050,target,ARG
GCAM 5.3,R_MAC_30_n0,2748,17,"BiomassCap, BiomassCap - w/ CCS, BiomassCap - w/o CCS, CoalCap, CoalCap - w/ CCS, CoalCap - w/o CCS, GasCap, GasCap - w/ CCS, GasCap - w/o CCS, GeothermalCap, HydroCap, NuclearCap, OilCap, OilCap - w/ CCS, OilCap - w/o CCS, WindCap - Offshore, WindCap - Onshore",2748,0,100.0,2748,100.0,2748,100.0,1944,70.74,2748,100.0,7,"efficiency_decimal,lifetime_years,capital_cost_usd_per_mw,om_cost_usd_per_mw_per_yr,fuel_price,scenario_price",0,17,0.0,209,2025,2050,target,ARG
GCAM 5.3,R_MAC_30_n8,2748,17,"BiomassCap, BiomassCap - w/ CCS, BiomassCap - w/o CCS, CoalCap, CoalCap - w/ CCS, CoalCap - w/o CCS, GasCap, GasCap - w/ CCS, GasCap - w/o CCS, GeothermalCap, HydroCap, NuclearCap, OilCap, OilCap - w/ CCS, OilCap - w/o CCS, WindCap - Offshore, WindCap - Onshore",2748,0,100.0,2748,100.0,2748,100.0,1944,70.74,2748,100.0,12,"efficiency_decimal,lifetime_years,capital_cost_usd_per_mw,om_cost_usd_per_mw_per_yr,fuel_price,scenario_price",0,17,0.0,209,2025,2050,target,ARG
GCAM 5.3,R_MAC_35_n0,2748,17,"BiomassCap, BiomassCap - w/ CCS, BiomassCap - w/o CCS, CoalCap, CoalCap - w/ CCS, CoalCap - w/o CCS, GasCap, GasCap - w/ CCS, GasCap - w/o CCS, GeothermalCap, HydroCap, NuclearCap, OilCap, OilCap - w/ CCS, OilCap - w/o CCS, WindCap - Offshore, WindCap - Onshore",2748,0,100.0,2748,100.0,2748,100.0,1944,70.74,2748,100.0,7,"efficiency_decimal,lifetime_years,capital_cost_usd_per_mw,om_cost_usd_per_mw_per_yr,fuel_price,scenario_price",0,17,0.0,209,2025,2050,target,ARG
GCAM 5.3,R_MAC_35_n8,2748,17,"BiomassCap, BiomassCap - w/ CCS, BiomassCap - w/o CCS, CoalCap, CoalCap - w/ CCS, CoalCap - w/o CCS, GasCap, GasCap - w/ CCS, GasCap - w/o CCS, GeothermalCap, HydroCap, NuclearCap, OilCap, OilCap - w/ CCS, OilCap - w/o CCS, WindCap - Offshore, WindCap - Onshore",2748,0,100.0,2748,100.0,2748,100.0,1944,70.74,2748,100.0,7,"efficiency_decimal,lifetime_years,capital_cost_usd_per_mw,om_cost_usd_per_mw_per_yr,fuel_price,scenario_price",0,17,0.0,209,2025,2050,target,ARG
GCAM 5.3,R_MAC_40_n0,2748,17,"BiomassCap, BiomassCap - w/ CCS, BiomassCap - w/o CCS, CoalCap, CoalCap - w/ CCS, CoalCap - w/o CCS, GasCap, GasCap - w/ CCS, GasCap - w/o CCS, GeothermalCap, HydroCap, NuclearCap, OilCap, OilCap - w/ CCS, OilCap - w/o CCS, WindCap - Offshore, WindCap - Onshore",2748,0,100.0,2748,100.0,2748,100.0,1944,70.74,2748,100.0,7,"efficiency_decimal,lifetime_years,capital_cost_usd_per_mw,om_cost_usd_per_mw_per_yr,fuel_price,scenario_price",0,17,0.0,209,2025,2050,target,ARG
GCAM 5.3,R_MAC_40_n8,2748,17,"BiomassCap, BiomassCap - w/ CCS, BiomassCap - w/o CCS, CoalCap, CoalCap - w/ CCS, CoalCap - w/o CCS, GasCap, GasCap - w/ CCS, GasCap - w/o CCS, GeothermalCap, HydroCap, NuclearCap, OilCap, OilCap - w/ CCS, OilCap - w/o CCS, WindCap - Offshore, WindCap - Onshore",2748,0,100.0,2748,100.0,2748,100.0,1944,70.74,2748,100.0,7,"efficiency_decimal,lifetime_years,capital_cost_usd_per_mw,om_cost_usd_per_mw_per_yr,fuel_price,scenario_price",0,17,0.0,209,2025,2050,target,ARG
GCAM 5.3,R_MAC_45_n0,2748,17,"BiomassCap, BiomassCap - w/ CCS, BiomassCap - w/o CCS, CoalCap, CoalCap - w/ CCS, CoalCap - w/o CCS, GasCap, GasCap - w/ CCS, GasCap - w/o CCS, GeothermalCap, HydroCap, NuclearCap, OilCap, OilCap - w/ CCS, OilCap - w/o CCS, WindCap - Offshore, WindCap - Onshore",2748,0,100.0,2748,100.0,2748,100.0,1944,70.74,2748,100.0,7,"efficiency_decimal,lifetime_years,capital_cost_usd_per_mw,om_cost_usd_per_mw_per_yr,fuel_price,scenario_price",0,17,0.0,209,2025,2050,target,ARG
GCAM 5.3,R_MAC_45_n8,2748,17,"BiomassCap, BiomassCap - w/ CCS, BiomassCap - w/o CCS, CoalCap, CoalCap - w/ CCS, CoalCap - w/o CCS, GasCap, GasCap - w/ CCS, GasCap - w/o CCS, GeothermalCap, HydroCap, NuclearCap, OilCap, OilCap - w/ CCS, OilCap - w/o CCS, WindCap - Offshore, WindCap - Onshore",2748,0,100.0,2748,100.0,2748,100.0,1944,70.74,2748,100.0,7,"efficiency_decimal,lifetime_years,capital_cost_usd_per_mw,om_cost_usd_per_mw_per_yr,fuel_price,scenario_price",0,17,0.0,209,2025,2050,target,ARG
GCAM 5.3,R_MAC_50_n0,2748,17,"BiomassCap, BiomassCap - w/ CCS, BiomassCap - w/o CCS, CoalCap, CoalCap - w/ CCS, CoalCap - w/o CCS, GasCap, GasCap - w/ CCS, GasCap - w/o CCS, GeothermalCap, HydroCap, NuclearCap, OilCap, OilCap - w/ CCS, OilCap - w/o CCS, WindCap - Offshore, WindCap - Onshore",2748,0,100.0,2748,100.0,2748,100.0,1944,70.74,2748,100.0,7,"efficiency_decimal,lifetime_years,capital_cost_usd_per_mw,om_cost_usd_per_mw_per_yr,fuel_price,scenario_price",0,17,0.0,209,2025,2050,target,ARG
GCAM 5.3,R_MAC_50_n8,2748,17,"BiomassCap, BiomassCap - w/ CCS, BiomassCap - w/o CCS, CoalCap, CoalCap - w/ CCS, CoalCap - w/o CCS, GasCap, GasCap - w/ CCS, GasCap - w/o CCS, GeothermalCap, HydroCap, NuclearCap, OilCap, OilCap - w/ CCS, OilCap - w/o CCS, WindCap - Offshore, WindCap - Onshore",2748,0,100.0,2748,100.0,2748,100.0,1944,70.74,2748,100.0,7,"efficiency_decimal,lifetime_years,capital_cost_usd_per_mw,om_cost_usd_per_mw_per_yr,fuel_price,scenario_price",0,17,0.0,209,2025,2050,target,ARG
GCAM 5.3,R_MAC_55_n0,2748,17,"BiomassCap, BiomassCap - w/ CCS, BiomassCap - w/o CCS, CoalCap, CoalCap - w/ CCS, CoalCap - w/o CCS, GasCap, GasCap - w/ CCS, GasCap - w/o CCS, GeothermalCap, HydroCap, NuclearCap, OilCap, OilCap - w/ CCS, OilCap - w/o CCS, WindCap - Offshore, WindCap - Onshore",2748,0,100.0,2748,100.0,2748,100.0,1944,70.74,2748,100.0,7,"efficiency_decimal,lifetime_years,capital_cost_usd_per_mw,om_cost_usd_per_mw_per_yr,fuel_price,scenario_price",0,17,0.0,209,2025,2050,target,ARG
GCAM 5.3,R_MAC_55_n8,2748,17,"BiomassCap, BiomassCap - w/ CCS, BiomassCap - w/o CCS, CoalCap, CoalCap - w/ CCS, CoalCap - w/o CCS, GasCap, GasCap - w/ CCS, GasCap - w/o CCS, GeothermalCap, HydroCap, NuclearCap, OilCap, OilCap - w/ CCS, OilCap - w/o CCS, WindCap - Offshore, WindCap - Onshore",2748,0,100.0,2748,100.0,2748,100.0,1944,70.74,2748,100.0,7,"efficiency_decimal,lifetime_years,capital_cost_usd_per_mw,om_cost_usd_per_mw_per_yr,fuel_price,scenario_price",0,17,0.0,209,2025,2050,target,ARG
GCAM 5.3,R_MAC_60_n0,2748,17,"BiomassCap, BiomassCap - w/ CCS, BiomassCap - w/o CCS, CoalCap, CoalCap - w/ CCS, CoalCap - w/o CCS, GasCap, GasCap - w/ CCS, GasCap - w/o CCS, GeothermalCap, HydroCap, NuclearCap, OilCap, OilCap - w/ CCS, OilCap - w/o CCS, WindCap - Offshore, WindCap - Onshore",2748,0,100.0,2748,100.0,2748,100.0,1944,70.74,2748,100.0,7,"efficiency_decimal,lifetime_years,capital_cost_usd_per_mw,om_cost_usd_per_mw_per_yr,fuel_price,scenario_price",0,17,0.0,209,2025,2050,target,ARG
GCAM 5.3,R_MAC_60_n8,2748,17,"BiomassCap, BiomassCap - w/ CCS, BiomassCap - w/o CCS, CoalCap, CoalCap - w/ CCS, CoalCap - w/o CCS, GasCap, GasCap - w/ CCS, GasCap - w/o CCS, GeothermalCap, HydroCap, NuclearCap, OilCap, OilCap - w/ CCS, OilCap - w/o CCS, WindCap - Offshore, WindCap - Onshore",2748,0,100.0,2748,100.0,2748,100.0,1944,70.74,2748,100.0,7,"efficiency_decimal,lifetime_years,capital_cost_usd_per_mw,om_cost_usd_per_mw_per_yr,fuel_price,scenario_price",0,17,0.0,209,2025,2050,target,ARG
GCAM 5.3,R_MAC_65_n0,2748,17,"BiomassCap, BiomassCap - w/ CCS, BiomassCap - w/o CCS, CoalCap, CoalCap - w/ CCS, CoalCap - w/o CCS, GasCap, GasCap - w/ CCS, GasCap - w/o CCS, GeothermalCap, HydroCap, NuclearCap, OilCap, OilCap - w/ CCS, OilCap - w/o CCS, WindCap - Offshore, WindCap - Onshore",2748,0,100.0,2748,100.0,2748,100.0,1944,70.74,2748,100.0,7,"efficiency_decimal,lifetime_years,capital_cost_usd_per_mw,om_cost_usd_per_mw_per_yr,fuel_price,scenario_price",0,17,0.0,209,2025,2050,target,ARG
GCAM 5.3,R_MAC_65_n8,2748,17,"BiomassCap, BiomassCap - w/ CCS, BiomassCap - w/o CCS, CoalCap, CoalCap - w/ CCS, CoalCap - w/o CCS, GasCap, GasCap - w/ CCS, GasCap - w/o CCS, GeothermalCap, HydroCap, NuclearCap, OilCap, OilCap - w/ CCS, OilCap - w/o CCS, WindCap - Offshore, WindCap - Onshore",2748,0,100.0,2748,100.0,2748,100.0,1944,70.74,2748,100.0,7,"efficiency_decimal,lifetime_years,capital_cost_usd_per_mw,om_cost_usd_per_mw_per_yr,fuel_price,scenario_price",0,17,0.0,209,2025,2050,target,ARG
GCAM 5.3,R_MAC_70_n0,2748,17,"BiomassCap, BiomassCap - w/ CCS, BiomassCap - w/o CCS, CoalCap, CoalCap - w/ CCS, CoalCap - w/o CCS, GasCap, GasCap - w/ CCS, GasCap - w/o CCS, GeothermalCap, HydroCap, NuclearCap, OilCap, OilCap - w/ CCS, OilCap - w/o CCS, WindCap - Offshore, WindCap - Onshore",2748,0,100.0,2748,100.0,2748,100.0,1944,70.74,2748,100.0,7,"efficiency_decimal,lifetime_years,capital_cost_usd_per_mw,om_cost_usd_per_mw_per_yr,fuel_price,scenario_price",0,17,0.0,209,2025,2050,target,ARG
GCAM 5.3,R_MAC_70_n8,2748,17,"BiomassCap, BiomassCap - w/ CCS, BiomassCap - w/o CCS, CoalCap, CoalCap - w/ CCS, CoalCap - w/o CCS, GasCap, GasCap - w/ CCS, GasCap - w/o CCS, GeothermalCap, HydroCap, NuclearCap, OilCap, OilCap - w/ CCS, OilCap - w/o CCS, WindCap - Offshore, WindCap - Onshore",2748,0,100.0,2748,100.0,2748,100.0,1944,70.74,2748,100.0,7,"efficiency_decimal,lifetime_years,capital_cost_usd_per_mw,om_cost_usd_per_mw_per_yr,fuel_price,scenario_price",0,17,0.0,209,2025,2050,target,ARG
GCAM 5.3,R_MAC_75_n0,2748,17,"BiomassCap, BiomassCap - w/ CCS, BiomassCap - w/o CCS, CoalCap, CoalCap - w/ CCS, CoalCap - w/o CCS, GasCap, GasCap - w/ CCS, GasCap - w/o CCS, GeothermalCap, HydroCap, NuclearCap, OilCap, OilCap - w/ CCS, OilCap - w/o CCS, WindCap - Offshore, WindCap - Onshore",2748,0,100.0,2748,100.0,2748,100.0,1944,70.74,2748,100.0,7,"efficiency_decimal,lifetime_years,capital_cost_usd_per_mw,om_cost_usd_per_mw_per_yr,fuel_price,scenario_price",0,17,0.0,209,2025,2050,target,ARG
GCAM 5.3,R_MAC_75_n8,2748,17,"BiomassCap, BiomassCap - w/ CCS, BiomassCap - w/o CCS, CoalCap, CoalCap - w/ CCS, CoalCap - w/o CCS, GasCap, GasCap - w/ CCS, GasCap - w/o CCS, GeothermalCap, HydroCap, NuclearCap, OilCap, OilCap - w/ CCS, OilCap - w/o CCS, WindCap - Offshore, WindCap - Onshore",2748,0,100.0,2748,100.0,2748,100.0,1944,70.74,2748,100.0,7,"efficiency_decimal,lifetime_years,capital_cost_usd_per_mw,om_cost_usd_per_mw_per_yr,fuel_price,scenario_price",0,17,0.0,209,2025,2050,target,ARG
GCAM 5.3,R_MAC_80_n0,2748,17,"BiomassCap, BiomassCap - w/ CCS, BiomassCap - w/o CCS, CoalCap, CoalCap - w/ CCS, CoalCap - w/o CCS, GasCap, GasCap - w/ CCS, GasCap - w/o CCS, GeothermalCap, HydroCap, NuclearCap, OilCap, OilCap - w/ CCS, OilCap - w/o CCS, WindCap - Offshore, WindCap - Onshore",2748,0,100.0,2748,100.0,2748,100.0,1944,70.74,2748,100.0,7,"efficiency_decimal,lifetime_years,capital_cost_usd_per_mw,om_cost_usd_per_mw_per_yr,fuel_price,scenario_price",0,17,0.0,209,2025,2050,target,ARG
GCAM 5.3,R_MAC_80_n8,2748,17,"BiomassCap, BiomassCap - w/ CCS, BiomassCap - w/o CCS, CoalCap, CoalCap - w/ CCS, CoalCap - w/o CCS, GasCap, GasCap - w/ CCS, GasCap - w/o CCS, GeothermalCap, HydroCap, NuclearCap, OilCap, OilCap - w/ CCS, OilCap - w/o CCS, WindCap - Offshore, WindCap - Onshore",2748,0,100.0,2748,100.0,2748,100.0,1944,70.74,2748,100.0,7,"efficiency_decimal,lifetime_years,capital_cost_usd_per_mw,om_cost_usd_per_mw_per_yr,fuel_price,scenario_price",0,17,0.0,209,2025,2050,target,ARG
GCAM 5.3,R_MAC_85_n0,2748,17,"BiomassCap, BiomassCap - w/ CCS, BiomassCap - w/o CCS, CoalCap, CoalCap - w/ CCS, CoalCap - w/o CCS, GasCap, GasCap - w/ CCS, GasCap - w/o CCS, GeothermalCap, HydroCap, NuclearCap, OilCap, OilCap - w/ CCS, OilCap - w/o CCS, WindCap - Offshore, WindCap - Onshore",2748,0,100.0,2748,100.0,2748,100.0,1944,70.74,2748,100.0,7,"efficiency_decimal,lifetime_years,capital_cost_usd_per_mw,om_cost_usd_per_mw_per_yr,fuel_price,scenario_price",0,17,0.0,209,2025,2050,target,ARG
GCAM 5.3,R_MAC_85_n8,2748,17,"BiomassCap, BiomassCap - w/ CCS, BiomassCap - w/o CCS, CoalCap, CoalCap - w/ CCS, CoalCap - w/o CCS, GasCap, GasCap - w/ CCS, GasCap - w/o CCS, GeothermalCap, HydroCap, NuclearCap, OilCap, OilCap - w/ CCS, OilCap - w/o CCS, WindCap - Offshore, WindCap - Onshore",2748,0,100.0,2748,100.0,2748,100.0,1944,70.74,2748,100.0,7,"efficiency_decimal,lifetime_years,capital_cost_usd_per_mw,om_cost_usd_per_mw_per_yr,fuel_price,scenario_price",0,17,0.0,209,2025,2050,target,ARG
GCAM 5.3,R_MAC_90_n0,2748,17,"BiomassCap, BiomassCap - w/ CCS, BiomassCap - w/o CCS, CoalCap, CoalCap - w/ CCS, CoalCap - w/o CCS, GasCap, GasCap - w/ CCS, GasCap - w/o CCS, GeothermalCap, HydroCap, NuclearCap, OilCap, OilCap - w/ CCS, OilCap - w/o CCS, WindCap - Offshore, WindCap - Onshore",2748,0,100.0,2748,100.0,2748,100.0,1944,70.74,2748,100.0,7,"efficiency_decimal,lifetime_years,capital_cost_usd_per_mw,om_cost_usd_per_mw_per_yr,fuel_price,scenario_price",0,17,0.0,209,2025,2050,target,ARG
GCAM 5.3,R_MAC_90_n8,2748,17,"BiomassCap, BiomassCap - w/ CCS, BiomassCap - w/o CCS, CoalCap, CoalCap - w/ CCS, CoalCap - w/o CCS, GasCap, GasCap - w/ CCS, GasCap - w/o CCS, GeothermalCap, HydroCap, NuclearCap, OilCap, OilCap - w/ CCS, OilCap - w/o CCS, WindCap - Offshore, WindCap - Onshore",2748,0,100.0,2748,100.0,2748,100.0,1944,70.74,2748,100.0,7,"efficiency_decimal,lifetime_years,capital_cost_usd_per_mw,om_cost_usd_per_mw_per_yr,fuel_price,scenario_price",0,17,0.0,209,2025,2050,target,ARG
GCAM 5.3,R_MAC_95_n0,2748,17,"BiomassCap, BiomassCap - w/ CCS, BiomassCap - w/o CCS, CoalCap, CoalCap - w/ CCS, CoalCap - w/o CCS, GasCap, GasCap - w/ CCS, GasCap - w/o CCS, GeothermalCap, HydroCap, NuclearCap, OilCap, OilCap - w/ CCS, OilCap - w/o CCS, WindCap - Offshore, WindCap - Onshore",2748,0,100.0,2748,100.0,2748,100.0,1944,70.74,2748,100.0,7,"efficiency_decimal,lifetime_years,capital_cost_usd_per_mw,om_cost_usd_per_mw_per_yr,fuel_price,scenario_price",0,17,0.0,209,2025,2050,target,ARG
GCAM 5.3,R_MAC_95_n8,2748,17,"BiomassCap, BiomassCap - w/ CCS, BiomassCap - w/o CCS, CoalCap, CoalCap - w/ CCS, CoalCap - w/o CCS, GasCap, GasCap - w/ CCS, GasCap - w/o CCS, GeothermalCap, HydroCap, NuclearCap, OilCap, OilCap - w/ CCS, OilCap - w/o CCS, WindCap - Offshore, WindCap - Onshore",2748,0,100.0,2748,100.0,2748,100.0,1944,70.74,2748,100.0,7,"efficiency_decimal,lifetime_years,capital_cost_usd_per_mw,om_cost_usd_per_mw_per_yr,fuel_price,scenario_price",0,17,0.0,209,2025,2050,target,ARG
GCAM 5.3,R_MAC_99_n0,2748,17,"BiomassCap, BiomassCap - w/ CCS, BiomassCap - w/o CCS, CoalCap, CoalCap - w/ CCS, CoalCap - w/o CCS, GasCap, GasCap - w/ CCS, GasCap - w/o CCS, GeothermalCap, HydroCap, NuclearCap, OilCap, OilCap - w/ CCS, OilCap - w/o CCS, WindCap - Offshore, WindCap - Onshore",2748,0,100.0,2748,100.0,2748,100.0,1944,70.74,2748,100.0,7,"efficiency_decimal,lifetime_years,capital_cost_usd_per_mw,om_cost_usd_per_mw_per_yr,fuel_price,scenario_price",0,17,0.0,209,2025,2050,target,ARG
GCAM 5.3,R_MAC_99_n8,2748,17,"BiomassCap, BiomassCap - w/ CCS, BiomassCap - w/o CCS, CoalCap, CoalCap - w/ CCS, CoalCap - w/o CCS, GasCap, GasCap - w/ CCS, GasCap - w/o CCS, GeothermalCap, HydroCap, NuclearCap, OilCap, OilCap - w/ CCS, OilCap - w/o CCS, WindCap - Offshore, WindCap - Onshore",2748,0,100.0,2748,100.0,2748,100.0,1944,70.74,2748,100.0,7,"efficiency_decimal,lifetime_years,capital_cost_usd_per_mw,om_cost_usd_per_mw_per_yr,fuel_price,scenario_price",0,17,0.0,209,2025,2050,target,ARG
GCAM 5.3,SSP1-DACCS-1p9-3pctHR,2724,17,"BiomassCap, BiomassCap - w/ CCS, BiomassCap - w/o CCS, CoalCap, CoalCap - w/ CCS, CoalCap - w/o CCS, GasCap, GasCap - w/ CCS, GasCap - w/o CCS, GeothermalCap, HydroCap, NuclearCap, OilCap, OilCap - w/ CCS, OilCap - w/o CCS, WindCap - Offshore, WindCap - Onshore",2724,0,100.0,2724,100.0,2724,100.0,1920,70.48,2724,100.0,12,"efficiency_decimal,lifetime_years,capital_cost_usd_per_mw,om_cost_usd_per_mw_per_yr,fuel_price,scenario_price",0,17,0.0,209,2025,2050,target,ARG
GCAM 5.3,SSP1-DACCS-2p6-3pctHR,2724,17,"BiomassCap, BiomassCap - w/ CCS, BiomassCap - w/o CCS, CoalCap, CoalCap - w/ CCS, CoalCap - w/o CCS, GasCap, GasCap - w/ CCS, GasCap - w/o CCS, GeothermalCap, HydroCap, NuclearCap, OilCap, OilCap - w/ CCS, OilCap - w/o CCS, WindCap - Offshore, WindCap - Onshore",2724,0,100.0,2724,100.0,2724,100.0,1920,70.48,2724,100.0,12,"efficiency_decimal,lifetime_years,capital_cost_usd_per_mw,om_cost_usd_per_mw_per_yr,fuel_price,scenario_price",0,17,0.0,209,2025,2050,target,ARG
GCAM 5.3,SSP1-highcostDACCS-2p6-3pctHR,2724,17,"BiomassCap, BiomassCap - w/ CCS, BiomassCap - w/o CCS, CoalCap, CoalCap - w/ CCS, CoalCap - w/o CCS, GasCap, GasCap - w/ CCS, GasCap - w/o CCS, GeothermalCap, HydroCap, NuclearCap, OilCap, OilCap - w/ CCS, OilCap - w/o CCS, WindCap - Offshore, WindCap - Onshore",2724,0,100.0,2724,100.0,2724,100.0,1920,70.48,2724,100.0,12,"efficiency_decimal,lifetime_years,capital_cost_usd_per_mw,om_cost_usd_per_mw_per_yr,fuel_price,scenario_price",0,17,0.0,209,2025,2050,target,ARG
GCAM 5.3,SSP1-lowcostDACCS-2p6-3pctHR,2724,17,"BiomassCap, BiomassCap - w/ CCS, BiomassCap - w/o CCS, CoalCap, CoalCap - w/ CCS, CoalCap - w/o CCS, GasCap, GasCap - w/ CCS, GasCap - w/o CCS, GeothermalCap, HydroCap, NuclearCap, OilCap, OilCap - w/ CCS, OilCap - w/o CCS, WindCap - Offshore, WindCap - Onshore",2724,0,100.0,2724,100.0,2724,100.0,1920,70.48,2724,100.0,12,"efficiency_decimal,lifetime_years,capital_cost_usd_per_mw,om_cost_usd_per_mw_per_yr,fuel_price,scenario_price",0,17,0.0,209,2025,2050,target,ARG
GCAM 5.3,SSP1-noDACCS-1p9-3pctHR,2724,17,"BiomassCap, BiomassCap - w/ CCS, BiomassCap - w/o CCS, CoalCap, CoalCap - w/ CCS, CoalCap - w/o CCS, GasCap, GasCap - w/ CCS, GasCap - w/o CCS, GeothermalCap, HydroCap, NuclearCap, OilCap, OilCap - w/ CCS, OilCap - w/o CCS, WindCap - Offshore, WindCap - Onshore",2724,0,100.0,2724,100.0,2724,100.0,1920,70.48,2724,100.0,12,"efficiency_decimal,lifetime_years,capital_cost_usd_per_mw,om_cost_usd_per_mw_per_yr,fuel_price,scenario_price",0,17,0.0,209,2025,2050,target,ARG
GCAM 5.3,SSP1-noDACCS-2p6-3pctHR,2724,17,"BiomassCap, BiomassCap - w/ CCS, BiomassCap - w/o CCS, CoalCap, CoalCap - w/ CCS, CoalCap - w/o CCS, GasCap, GasCap - w/ CCS, GasCap - w/o CCS, GeothermalCap, HydroCap, NuclearCap, OilCap, OilCap - w/ CCS, OilCap - w/o CCS, WindCap - Offshore, WindCap - Onshore",2724,0,100.0,2724,100.0,2724,100.0,1920,70.48,2724,100.0,12,"efficiency_decimal,lifetime_years,capital_cost_usd_per_mw,om_cost_usd_per_mw_per_yr,fuel_price,scenario_price",0,17,0.0,209,2025,2050,target,ARG
GCAM 5.3,SSP2-DACCS-2p6-3pctHR,2724,17,"BiomassCap, BiomassCap - w/ CCS, BiomassCap - w/o CCS, CoalCap, CoalCap - w/ CCS, CoalCap - w/o CCS, GasCap, GasCap - w/ CCS, GasCap - w/o CCS, GeothermalCap, HydroCap, NuclearCap, OilCap, OilCap - w/ CCS, OilCap - w/o CCS, WindCap - Offshore, WindCap - Onshore",2724,0,100.0,2724,100.0,2724,100.0,1920,70.48,2724,100.0,12,"efficiency_decimal,lifetime_years,capital_cost_usd_per_mw,om_cost_usd_per_mw_per_yr,fuel_price,scenario_price",0,17,0.0,209,2025,2050,target,ARG
GCAM 5.3,SSP2-noDACCS-2p6-3pctHR,2724,17,"BiomassCap, BiomassCap - w/ CCS, BiomassCap - w/o CCS, CoalCap, CoalCap - w/ CCS, CoalCap - w/o CCS, GasCap, GasCap - w/ CCS, GasCap - w/o CCS, GeothermalCap, HydroCap, NuclearCap, OilCap, OilCap - w/ CCS, OilCap - w/o CCS, WindCap - Offshore, WindCap - Onshore",2724,0,100.0,2724,100.0,2724,100.0,1920,70.48,2724,100.0,12,"efficiency_decimal,lifetime_years,capital_cost_usd_per_mw,om_cost_usd_per_mw_per_yr,fuel_price,scenario_price",0,17,0.0,209,2025,2050,target,ARG
GCAM 5.3,SSP4-DACCS-1p9-3pctHR,2748,17,"BiomassCap, BiomassCap - w/ CCS, BiomassCap - w/o CCS, CoalCap, CoalCap - w/ CCS, CoalCap - w/o CCS, GasCap, GasCap - w/ CCS, GasCap - w/o CCS, GeothermalCap, HydroCap, NuclearCap, OilCap, OilCap - w/ CCS, OilCap - w/o CCS, WindCap - Offshore, WindCap - Onshore",2748,0,100.0,2748,100.0,2748,100.0,1944,70.74,2748,100.0,12,"efficiency_decimal,lifetime_years,capital_cost_usd_per_mw,om_cost_usd_per_mw_per_yr,fuel_price,scenario_price",0,17,0.0,209,2025,2050,target,ARG
GCAM 5.3,SSP4-DACCS-2p6-3pctHR,2748,17,"BiomassCap, BiomassCap - w/ CCS, BiomassCap - w/o CCS, CoalCap, CoalCap - w/ CCS, CoalCap - w/o CCS, GasCap, GasCap - w/ CCS, GasCap - w/o CCS, GeothermalCap, HydroCap, NuclearCap, OilCap, OilCap - w/ CCS, OilCap - w/o CCS, WindCap - Offshore, WindCap - Onshore",2748,0,100.0,2748,100.0,2748,100.0,1944,70.74,2748,100.0,12,"efficiency_decimal,lifetime_years,capital_cost_usd_per_mw,om_cost_usd_per_mw_per_yr,fuel_price,scenario_price",0,17,0.0,209,2025,2050,target,ARG
GCAM 5.3,SSP4-highcostDACCS-2p6-3pctHR,2748,17,"BiomassCap, BiomassCap - w/ CCS, BiomassCap - w/o CCS, CoalCap, CoalCap - w/ CCS, CoalCap - w/o CCS, GasCap, GasCap - w/ CCS, GasCap - w/o CCS, GeothermalCap, HydroCap, NuclearCap, OilCap, OilCap - w/ CCS, OilCap - w/o CCS, WindCap - Offshore, WindCap - Onshore",2748,0,100.0,2748,100.0,2748,100.0,1944,70.74,2748,100.0,12,"efficiency_decimal,lifetime_years,capital_cost_usd_per_mw,om_cost_usd_per_mw_per_yr,fuel_price,scenario_price",0,17,0.0,209,2025,2050,target,ARG
GCAM 5.3,SSP4-medcostDACCS-2p6-3pctHR,2748,17,"BiomassCap, BiomassCap - w/ CCS, BiomassCap - w/o CCS, CoalCap, CoalCap - w/ CCS, CoalCap - w/o CCS, GasCap, GasCap - w/ CCS, GasCap - w/o CCS, GeothermalCap, HydroCap, NuclearCap, OilCap, OilCap - w/ CCS, OilCap - w/o CCS, WindCap - Offshore, WindCap - Onshore",2748,0,100.0,2748,100.0,2748,100.0,1944,70.74,2748,100.0,12,"efficiency_decimal,lifetime_years,capital_cost_usd_per_mw,om_cost_usd_per_mw_per_yr,fuel_price,scenario_price",0,17,0.0,209,2025,2050,target,ARG
GCAM 5.3,SSP4-noDACCS-1p9-3pctHR,2748,17,"BiomassCap, BiomassCap - w/ CCS, BiomassCap - w/o CCS, CoalCap, CoalCap - w/ CCS, CoalCap - w/o CCS, GasCap, GasCap - w/ CCS, GasCap - w/o CCS, GeothermalCap, HydroCap, NuclearCap, OilCap, OilCap - w/ CCS, OilCap - w/o CCS, WindCap - Offshore, WindCap - Onshore",2748,0,100.0,2748,100.0,2748,100.0,1944,70.74,2748,100.0,12,"efficiency_decimal,lifetime_years,capital_cost_usd_per_mw,om_cost_usd_per_mw_per_yr,fuel_price,scenario_price",0,17,0.0,209,2025,2050,target,ARG
GCAM 5.3,SSP4-noDACCS-2p6-3pctHR,2748,17,"BiomassCap, BiomassCap - w/ CCS, BiomassCap - w/o CCS, CoalCap, CoalCap - w/ CCS, CoalCap - w/o CCS, GasCap, GasCap - w/ CCS, GasCap - w/o CCS, GeothermalCap, HydroCap, NuclearCap, OilCap, OilCap - w/ CCS, OilCap - w/o CCS, WindCap - Offshore, WindCap - Onshore",2748,0,100.0,2748,100.0,2748,100.0,1944,70.74,2748,100.0,12,"efficiency_decimal,lifetime_years,capital_cost_usd_per_mw,om_cost_usd_per_mw_per_yr,fuel_price,scenario_price",0,17,0.0,209,2025,2050,target,ARG
GCAM 5.3,SSP5-DACCS-1p9-3pctHR,2748,17,"BiomassCap, BiomassCap - w/ CCS, BiomassCap - w/o CCS, CoalCap, CoalCap - w/ CCS, CoalCap - w/o CCS, GasCap, GasCap - w/ CCS, GasCap - w/o CCS, GeothermalCap, HydroCap, NuclearCap, OilCap, OilCap - w/ CCS, OilCap - w/o CCS, WindCap - Offshore, WindCap - Onshore",2748,0,100.0,2748,100.0,2748,100.0,1944,70.74,2748,100.0,12,"efficiency_decimal,lifetime_years,capital_cost_usd_per_mw,om_cost_usd_per_mw_per_yr,fuel_price,scenario_price",0,17,0.0,209,2025,2050,target,ARG
GCAM 5.3,SSP5-DACCS-2p6-3pctHR,2748,17,"BiomassCap, BiomassCap - w/ CCS, BiomassCap - w/o CCS, CoalCap, CoalCap - w/ CCS, CoalCap - w/o CCS, GasCap, GasCap - w/ CCS, GasCap - w/o CCS, GeothermalCap, HydroCap, NuclearCap, OilCap, OilCap - w/ CCS, OilCap - w/o CCS, WindCap - Offshore, WindCap - Onshore",2748,0,100.0,2748,100.0,2748,100.0,1944,70.74,2748,100.0,12,"efficiency_decimal,lifetime_years,capital_cost_usd_per_mw,om_cost_usd_per_mw_per_yr,fuel_price,scenario_price",0,17,0.0,209,2025,2050,target,ARG
GCAM 5.3,SSP5-noDACCS-2p6-3pctHR,2748,17,"BiomassCap, BiomassCap - w/ CCS, BiomassCap - w/o CCS, CoalCap, CoalCap - w/ CCS, CoalCap - w/o CCS, GasCap, GasCap - w/ CCS, GasCap - w/o CCS, GeothermalCap, HydroCap, NuclearCap, OilCap, OilCap - w/ CCS, OilCap - w/o CCS, WindCap - Offshore, WindCap - Onshore",2748,0,100.0,2748,100.0,2748,100.0,1944,70.74,2748,100.0,12,"efficiency_decimal,lifetime_years,capital_cost_usd_per_mw,om_cost_usd_per_mw_per_yr,fuel_price,scenario_price",0,17,0.0,209,2025,2050,target,ARG
GCAM 5.3,SSP_SSP1,2724,17,"BiomassCap, BiomassCap - w/ CCS, BiomassCap - w/o CCS, CoalCap, CoalCap - w/ CCS, CoalCap - w/o CCS, GasCap, GasCap - w/ CCS, GasCap - w/o CCS, GeothermalCap, HydroCap, NuclearCap, OilCap, OilCap - w/ CCS, OilCap - w/o CCS, WindCap - Offshore, WindCap - Onshore",2724,0,100.0,2724,100.0,2724,100.0,1920,70.48,2724,100.0,12,"efficiency_decimal,lifetime_years,capital_cost_usd_per_mw,om_cost_usd_per_mw_per_yr,fuel_price,scenario_price",0,17,0.0,209,2025,2050,target,ARG
GCAM 5.3,SSP_SSP2,2724,17,"BiomassCap, BiomassCap - w/ CCS, BiomassCap - w/o CCS, CoalCap, CoalCap - w/ CCS, CoalCap - w/o CCS, GasCap, GasCap - w/ CCS, GasCap - w/o CCS, GeothermalCap, HydroCap, NuclearCap, OilCap, OilCap - w/ CCS, OilCap - w/o CCS, WindCap - Offshore, WindCap - Onshore",2724,0,100.0,2724,100.0,2724,100.0,1920,70.48,2724,100.0,7,"efficiency_decimal,lifetime_years,capital_cost_usd_per_mw,om_cost_usd_per_mw_per_yr,fuel_price,scenario_price",0,17,0.0,209,2025,2050,target,ARG
GCAM 5.3,SSP_SSP3,2724,17,"BiomassCap, BiomassCap - w/ CCS, BiomassCap - w/o CCS, CoalCap, CoalCap - w/ CCS, CoalCap - w/o CCS, GasCap, GasCap - w/ CCS, GasCap - w/o CCS, GeothermalCap, HydroCap, NuclearCap, OilCap, OilCap - w/ CCS, OilCap - w/o CCS, WindCap - Offshore, WindCap - Onshore",2724,0,100.0,2724,100.0,2724,100.0,1920,70.48,2724,100.0,7,"efficiency_decimal,lifetime_years,capital_cost_usd_per_mw,om_cost_usd_per_mw_per_yr,fuel_price,scenario_price",0,17,0.0,209,2025,2050,target,ARG
GCAM 5.3,SSP_SSP4,2748,17,"BiomassCap, BiomassCap - w/ CCS, BiomassCap - w/o CCS, CoalCap, CoalCap - w/ CCS, CoalCap - w/o CCS, GasCap, GasCap - w/ CCS, GasCap - w/o CCS, GeothermalCap, HydroCap, NuclearCap, OilCap, OilCap - w/ CCS, OilCap - w/o CCS, WindCap - Offshore, WindCap - Onshore",2748,0,100.0,2748,100.0,2748,100.0,1944,70.74,2748,100.0,7,"efficiency_decimal,lifetime_years,capital_cost_usd_per_mw,om_cost_usd_per_mw_per_yr,fuel_price,scenario_price",0,17,0.0,209,2025,2050,target,ARG
GCAM 5.3,SSP_SSP5,2748,17,"BiomassCap, BiomassCap - w/ CCS, BiomassCap - w/o CCS, CoalCap, CoalCap - w/ CCS, CoalCap - w/o CCS, GasCap, GasCap - w/ CCS, GasCap - w/o CCS, GeothermalCap, HydroCap, NuclearCap, OilCap, OilCap - w/ CCS, OilCap - w/o CCS, WindCap - Offshore, WindCap - Onshore",2748,0,100.0,2748,100.0,2748,100.0,1944,70.74,2748,100.0,7,"efficiency_decimal,lifetime_years,capital_cost_usd_per_mw,om_cost_usd_per_mw_per_yr,fuel_price,scenario_price",0,17,0.0,209,2025,2050,target,ARG
GCAM-Canada 4.2,CO_2Deg2020,192,16,"BiomassCap, BiomassCap - w/ CCS, BiomassCap - w/o CCS, CoalCap, CoalCap - w/ CCS, CoalCap - w/o CCS, GasCap, GasCap - w/ CCS, GasCap - w/o CCS, GeothermalCap, HydroCap, Hydrogen, NuclearCap, OilCap, OilCap - w/ CCS, OilCap - w/o CCS",192,0,100.0,192,100.0,192,100.0,108,56.25,0,0.0,6,"efficiency_decimal,lifetime_years,capital_cost_usd_per_mw,om_cost_usd_per_mw_per_yr,fuel_price",14,16,87.5,1,2025,2050,target,CAN
GCAM-Canada 4.2,CO_2Deg2030,192,16,"BiomassCap, BiomassCap - w/ CCS, BiomassCap - w/o CCS, CoalCap, CoalCap - w/ CCS, CoalCap - w/o CCS, GasCap, GasCap - w/ CCS, GasCap - w/o CCS, GeothermalCap, HydroCap, Hydrogen, NuclearCap, OilCap, OilCap - w/ CCS, OilCap - w/o CCS",192,0,100.0,192,100.0,192,100.0,108,56.25,0,0.0,6,"efficiency_decimal,lifetime_years,capital_cost_usd_per_mw,om_cost_usd_per_mw_per_yr,fuel_price",14,16,87.5,1,2025,2050,target,CAN
GCAM-Canada 4.2,CO_BAU,162,14,"BiomassCap, BiomassCap - w/ CCS, BiomassCap - w/o CCS, CoalCap, CoalCap - w/ CCS, CoalCap - w/o CCS, GasCap, GasCap - w/o CCS, GeothermalCap, HydroCap, Hydrogen, NuclearCap, OilCap, OilCap - w/o CCS",162,0,100.0,162,100.0,162,100.0,90,55.56,0,0.0,5,"efficiency_decimal,lifetime_years,capital_cost_usd_per_mw,om_cost_usd_per_mw_per_yr,fuel_price",10,14,71.43,1,2025,2050,target,CAN
GCAM-Canada 4.2,CO_Bridge,192,16,"BiomassCap, BiomassCap - w/ CCS, BiomassCap - w/o CCS, CoalCap, CoalCap - w/ CCS, CoalCap - w/o CCS, GasCap, GasCap - w/ CCS, GasCap - w/o CCS, GeothermalCap, HydroCap, Hydrogen, NuclearCap, OilCap, OilCap - w/ CCS, OilCap - w/o CCS",192,0,100.0,192,100.0,192,100.0,108,56.25,0,0.0,6,"efficiency_decimal,lifetime_years,capital_cost_usd_per_mw,om_cost_usd_per_mw_per_yr,fuel_price",14,16,87.5,1,2025,2050,target,CAN
GCAM-Canada 4.2,CO_CurPol,162,14,"BiomassCap, BiomassCap - w/ CCS, BiomassCap - w/o CCS, CoalCap, CoalCap - w/ CCS, CoalCap - w/o CCS, GasCap, GasCap - w/o CCS, GeothermalCap, HydroCap, Hydrogen, NuclearCap, OilCap, OilCap - w/o CCS",162,0,100.0,162,100.0,162,100.0,90,55.56,0,0.0,5,"efficiency_decimal,lifetime_years,capital_cost_usd_per_mw,om_cost_usd_per_mw_per_yr,fuel_price",11,14,78.57,1,2025,2050,target,CAN
GCAM-Canada 4.2,CO_GPP,192,16,"BiomassCap, BiomassCap - w/ CCS, BiomassCap - w/o CCS, CoalCap, CoalCap - w/ CCS, CoalCap - w/o CCS, GasCap, GasCap - w/ CCS, GasCap - w/o CCS, GeothermalCap, HydroCap, Hydrogen, NuclearCap, OilCap, OilCap - w/ CCS, OilCap - w/o CCS",192,0,100.0,192,100.0,192,100.0,108,56.25,0,0.0,6,"efficiency_decimal,lifetime_years,capital_cost_usd_per_mw,om_cost_usd_per_mw_per_yr,fuel_price",14,16,87.5,1,2025,2050,target,CAN
GCAM-Canada 4.2,CO_NDCMCS,192,16,"BiomassCap, BiomassCap - w/ CCS, BiomassCap - w/o CCS, CoalCap, CoalCap - w/ CCS, CoalCap - w/o CCS, GasCap, GasCap - w/ CCS, GasCap - w/o CCS, GeothermalCap, HydroCap, Hydrogen, NuclearCap, OilCap, OilCap - w/ CCS, OilCap - w/o CCS",192,0,100.0,192,100.0,192,100.0,108,56.25,0,0.0,6,"efficiency_decimal,lifetime_years,capital_cost_usd_per_mw,om_cost_usd_per_mw_per_yr,fuel_price",14,16,87.5,1,2025,2050,target,CAN
GCAM-KAIST 1.0,EN_NP_2025_-1002050,144,12,"BiomassCap, BiomassCap - w/ CCS, BiomassCap - w/o CCS, CoalCap, GasCap, GasCap - w/ CCS, GasCap - w/o CCS, HydroCap, NuclearCap, OilCap, WindCap - Offshore, WindCap - Onshore",144,0,100.0,144,100.0,144,100.0,96,66.67,144,100.0,6,"efficiency_decimal,lifetime_years,capital_cost_usd_per_mw,om_cost_usd_per_mw_per_yr,fuel_price,scenario_price",10,12,83.33,1,2025,2050,target,KOR
GCAM-KAIST 1.0,EN_NP_2025_-902050,144,12,"BiomassCap, BiomassCap - w/ CCS, BiomassCap - w/o CCS, CoalCap, GasCap, GasCap - w/ CCS, GasCap - w/o CCS, HydroCap, NuclearCap, OilCap, WindCap - Offshore, WindCap - Onshore",144,0,100.0,144,100.0,144,100.0,96,66.67,144,100.0,5,"efficiency_decimal,lifetime_years,capital_cost_usd_per_mw,om_cost_usd_per_mw_per_yr,fuel_price,scenario_price",8,12,66.67,1,2025,2050,target,KOR
GCAM-KAIST 1.0,EN_NP_CurPol,120,10,"BiomassCap, BiomassCap - w/ CCS, BiomassCap - w/o CCS, CoalCap, GasCap, HydroCap, NuclearCap, OilCap, WindCap - Offshore, WindCap - Onshore",120,0,100.0,120,100.0,120,100.0,72,60.0,120,100.0,6,"efficiency_decimal,lifetime_years,capital_cost_usd_per_mw,om_cost_usd_per_mw_per_yr,fuel_price,scenario_price",8,10,80.0,1,2025,2050,target,KOR
GCAM-KAIST 1.0,EN_NP_UNDC,144,12,"BiomassCap, BiomassCap - w/ CCS, BiomassCap - w/o CCS, CoalCap, GasCap, GasCap - w/ CCS, GasCap - w/o CCS, HydroCap, NuclearCap, OilCap, WindCap - Offshore, WindCap - Onshore",144,0,100.0,144,100.0,144,100.0,96,66.67,144,100.0,6,"efficiency_decimal,lifetime_years,capital_cost_usd_per_mw,om_cost_usd_per_mw_per_yr,fuel_price,scenario_price",10,12,83.33,1,2025,2050,target,KOR
GCAM-PR 5.3,CSH,308,14,"BiomassCap, BiomassCap - w/o CCS, CoalCap, CoalCap - w/o CCS, GasCap, GasCap - w/o CCS, GeothermalCap, HydroCap, Hydrogen, NuclearCap, OilCap, OilCap - w/o CCS, WindCap - Offshore, WindCap - Onshore",308,0,100.0,308,100.0,308,100.0,132,42.86,0,0.0,9,"lifetime_years,om_cost_usd_per_mw_per_yr",13,14,92.86,209,2025,2030,target,R10AFRICA
GCAM-PR 5.3,PCSH,396,18,"BiomassCap, BiomassCap - w/ CCS, BiomassCap - w/o CCS, CoalCap, CoalCap - w/ CCS, CoalCap - w/o CCS, GasCap, GasCap - w/ CCS, GasCap - w/o CCS, GeothermalCap, HydroCap, Hydrogen, NuclearCap, OilCap, OilCap - w/ CCS, OilCap - w/o CCS, WindCap - Offshore, WindCap - Onshore",396,0,100.0,396,100.0,396,100.0,198,50.0,0,0.0,10,"efficiency_decimal,lifetime_years,capital_cost_usd_per_mw,om_cost_usd_per_mw_per_yr,fuel_price",17,18,94.44,209,2025,2030,target,R10AFRICA
GCAM-PR 5.3,PR_CP_Intensity,1188,18,"BiomassCap, BiomassCap - w/ CCS, BiomassCap - w/o CCS, CoalCap, CoalCap - w/ CCS, CoalCap - w/o CCS, GasCap, GasCap - w/ CCS, GasCap - w/o CCS, GeothermalCap, HydroCap, Hydrogen, NuclearCap, OilCap, OilCap - w/ CCS, OilCap - w/o CCS, WindCap - Offshore, WindCap - Onshore",1188,0,100.0,1188,100.0,1188,100.0,594,50.0,0,0.0,10,"efficiency_decimal,lifetime_years,capital_cost_usd_per_mw,om_cost_usd_per_mw_per_yr,fuel_price",17,18,94.44,209,2025,2050,target,R10AFRICA
GCAM-PR 5.3,PR_CP_Price,1188,18,"BiomassCap, BiomassCap - w/ CCS, BiomassCap - w/o CCS, CoalCap, CoalCap - w/ CCS, CoalCap - w/o CCS, GasCap, GasCap - w/ CCS, GasCap - w/o CCS, GeothermalCap, HydroCap, Hydrogen, NuclearCap, OilCap, OilCap - w/ CCS, OilCap - w/o CCS, WindCap - Offshore, WindCap - Onshore",1188,0,100.0,1188,100.0,1188,100.0,594,50.0,0,0.0,10,"efficiency_decimal,lifetime_years,capital_cost_usd_per_mw,om_cost_usd_per_mw_per_yr,fuel_price",17,18,94.44,209,2025,2050,target,R10AFRICA
GCAM-PR 5.3,PR_CP_PriceOnly,1188,18,"BiomassCap, BiomassCap - w/ CCS, BiomassCap - w/o CCS, CoalCap, CoalCap - w/ CCS, CoalCap - w/o CCS, GasCap, GasCap - w/ CCS, GasCap - w/o CCS, GeothermalCap, HydroCap, Hydrogen, NuclearCap, OilCap, OilCap - w/ CCS, OilCap - w/o CCS, WindCap - Offshore, WindCap - Onshore",1188,0,100.0,1188,100.0,1188,100.0,594,50.0,0,0.0,9,"lifetime_years,om_cost_usd_per_mw_per_yr",17,18,94.44,209,2025,2050,target,R10AFRICA
GCAM-PR 5.3,PR_NDC_Intensity,1188,18,"BiomassCap, BiomassCap - w/ CCS, BiomassCap - w/o CCS, CoalCap, CoalCap - w/ CCS, CoalCap - w/o CCS, GasCap, GasCap - w/ CCS, GasCap - w/o CCS, GeothermalCap, HydroCap, Hydrogen, NuclearCap, OilCap, OilCap - w/ CCS, OilCap - w/o CCS, WindCap - Offshore, WindCap - Onshore",1188,0,100.0,1188,100.0,1188,100.0,594,50.0,0,0.0,10,"efficiency_decimal,lifetime_years,capital_cost_usd_per_mw,om_cost_usd_per_mw_per_yr,fuel_price",17,18,94.44,209,2025,2050,target,R10AFRICA
GCAM-PR 5.3,PR_NDC_Price,1188,18,"BiomassCap, BiomassCap - w/ CCS, BiomassCap - w/o CCS, CoalCap, CoalCap - w/ CCS, CoalCap - w/o CCS, GasCap, GasCap - w/ CCS, GasCap - w/o CCS, GeothermalCap, HydroCap, Hydrogen, NuclearCap, OilCap, OilCap - w/ CCS, OilCap - w/o CCS, WindCap - Offshore, WindCap - Onshore",1188,0,100.0,1188,100.0,1188,100.0,594,50.0,0,0.0,10,"efficiency_decimal,lifetime_years,capital_cost_usd_per_mw,om_cost_usd_per_mw_per_yr,fuel_price",17,18,94.44,209,2025,2050,target,R10AFRICA
GCAM-PR 5.3,PR_NDC_PriceOnly,1188,18,"BiomassCap, BiomassCap - w/ CCS, BiomassCap - w/o CCS, CoalCap, CoalCap - w/ CCS, CoalCap - w/o CCS, GasCap, GasCap - w/ CCS, GasCap - w/o CCS, GeothermalCap, HydroCap, Hydrogen, NuclearCap, OilCap, OilCap - w/ CCS, OilCap - w/o CCS, WindCap - Offshore, WindCap - Onshore",1188,0,100.0,1188,100.0,1188,100.0,594,50.0,0,0.0,9,"lifetime_years,om_cost_usd_per_mw_per_yr",17,18,94.44,209,2025,2050,target,R10AFRICA
GCAM-PR 5.3,PR_baseline,924,14,"BiomassCap, BiomassCap - w/o CCS, CoalCap, CoalCap - w/o CCS, GasCap, GasCap - w/o CCS, GeothermalCap, HydroCap, Hydrogen, NuclearCap, OilCap, OilCap - w/o CCS, WindCap - Offshore, WindCap - Onshore",924,0,100.0,924,100.0,924,100.0,396,42.86,0,0.0,9,"lifetime_years,om_cost_usd_per_mw_per_yr",13,14,92.86,209,2025,2050,target,R10AFRICA
GCAM-PR 5.3,R,308,14,"BiomassCap, BiomassCap - w/o CCS, CoalCap, CoalCap - w/o CCS, GasCap, GasCap - w/o CCS, GeothermalCap, HydroCap, Hydrogen, NuclearCap, OilCap, OilCap - w/o CCS, WindCap - Offshore, WindCap - Onshore",308,0,100.0,308,100.0,308,100.0,132,42.86,0,0.0,9,"lifetime_years,om_cost_usd_per_mw_per_yr",13,14,92.86,209,2025,2030,target,R10AFRICA
GCAM-PR 5.3,SH,308,14,"BiomassCap, BiomassCap - w/o CCS, CoalCap, CoalCap - w/o CCS, GasCap, GasCap - w/o CCS, GeothermalCap, HydroCap, Hydrogen, NuclearCap, OilCap, OilCap - w/o CCS, WindCap - Offshore, WindCap - Onshore",308,0,100.0,308,100.0,308,100.0,132,42.86,0,0.0,9,"lifetime_years,om_cost_usd_per_mw_per_yr",13,14,92.86,209,2025,2030,target,R10AFRICA
GCAM-PR 5.3,USComp+UpdPledges+RoWCond,18,3,"GeothermalCap, HydroCap, NuclearCap",18,0,100.0,18,100.0,18,100.0,0,0.0,18,100.0,1,"lifetime_years,capital_cost_usd_per_mw,om_cost_usd_per_mw_per_yr,scenario_price",0,3,0.0,0,2025,2050,target,Global
GCAM-PR 5.3,USComp+UpdPledges+RoWRatchet,18,3,"GeothermalCap, HydroCap, NuclearCap",18,0,100.0,18,100.0,18,100.0,0,0.0,18,100.0,1,"lifetime_years,capital_cost_usd_per_mw,om_cost_usd_per_mw_per_yr,scenario_price",0,3,0.0,0,2025,2050,target,Global
GCAM-PR 5.3,USCurM+RoWCond,18,3,"GeothermalCap, HydroCap, NuclearCap",18,0,100.0,18,100.0,18,100.0,0,0.0,18,100.0,1,"lifetime_years,capital_cost_usd_per_mw,om_cost_usd_per_mw_per_yr,scenario_price",0,3,0.0,0,2025,2050,target,Global
GCAM-PR 5.3,USCurM+RoWUncond,18,3,"GeothermalCap, HydroCap, NuclearCap",18,0,100.0,18,100.0,18,100.0,0,0.0,18,100.0,1,"lifetime_years,capital_cost_usd_per_mw,om_cost_usd_per_mw_per_yr,scenario_price",0,3,0.0,0,2025,2050,target,Global
GCAM-PR 5.3,USCurM+UpdPledges+RoWCond,18,3,"GeothermalCap, HydroCap, NuclearCap",18,0,100.0,18,100.0,18,100.0,0,0.0,18,100.0,1,"lifetime_years,capital_cost_usd_per_mw,om_cost_usd_per_mw_per_yr,scenario_price",0,3,0.0,0,2025,2050,target,Global
GCAM-PR 5.3,USCurM2020+RoWCond,18,3,"GeothermalCap, HydroCap, NuclearCap",18,0,100.0,18,100.0,18,100.0,0,0.0,18,100.0,1,"lifetime_years,capital_cost_usd_per_mw,om_cost_usd_per_mw_per_yr,scenario_price",0,3,0.0,0,2025,2050,target,Global
GCAM-PR 5.3,USCurM2020+RoWUncond,18,3,"GeothermalCap, HydroCap, NuclearCap",18,0,100.0,18,100.0,18,100.0,0,0.0,18,100.0,1,"lifetime_years,capital_cost_usd_per_mw,om_cost_usd_per_mw_per_yr,scenario_price",0,3,0.0,0,2025,2050,target,Global
GCAM-PR 5.3,USCurM2020+UpdPledges+RoWCond,18,3,"GeothermalCap, HydroCap, NuclearCap",18,0,100.0,18,100.0,18,100.0,0,0.0,18,100.0,1,"lifetime_years,capital_cost_usd_per_mw,om_cost_usd_per_mw_per_yr,scenario_price",0,3,0.0,0,2025,2050,target,Global
GCAM-PR 5.3,USEngage2020+UpdPledges+RoWCond,18,3,"GeothermalCap, HydroCap, NuclearCap",18,0,100.0,18,100.0,18,100.0,0,0.0,18,100.0,1,"lifetime_years,capital_cost_usd_per_mw,om_cost_usd_per_mw_per_yr,scenario_price",0,3,0.0,0,2025,2050,target,Global
GCAM-PR 5.3,USEngage2020+UpdPledges+RoWRatchet,18,3,"GeothermalCap, HydroCap, NuclearCap",18,0,100.0,18,100.0,18,100.0,0,0.0,18,100.0,1,"lifetime_years,capital_cost_usd_per_mw,om_cost_usd_per_mw_per_yr,scenario_price",0,3,0.0,0,2025,2050,target,Global
GCAM-USA 4.2,CO_2Deg2020,180,15,"BiomassCap, BiomassCap - w/ CCS, BiomassCap - w/o CCS, CoalCap, CoalCap - w/ CCS, CoalCap - w/o CCS, GasCap, GasCap - w/ CCS, GasCap - w/o CCS, GeothermalCap, HydroCap, NuclearCap, OilCap, OilCap - w/ CCS, OilCap - w/o CCS",180,0,100.0,180,100.0,180,100.0,144,80.0,0,0.0,4,"efficiency_decimal,lifetime_years,capital_cost_usd_per_mw,om_cost_usd_per_mw_per_yr,fuel_price",14,15,93.33,1,2025,2050,target,USA
GCAM-USA 4.2,CO_2Deg2030,180,15,"BiomassCap, BiomassCap - w/ CCS, BiomassCap - w/o CCS, CoalCap, CoalCap - w/ CCS, CoalCap - w/o CCS, GasCap, GasCap - w/ CCS, GasCap - w/o CCS, GeothermalCap, HydroCap, NuclearCap, OilCap, OilCap - w/ CCS, OilCap - w/o CCS",180,0,100.0,180,100.0,180,100.0,144,80.0,0,0.0,4,"efficiency_decimal,lifetime_years,capital_cost_usd_per_mw,om_cost_usd_per_mw_per_yr,fuel_price",14,15,93.33,1,2025,2050,target,USA
GCAM-USA 4.2,CO_BAU,132,11,"BiomassCap, BiomassCap - w/o CCS, CoalCap, CoalCap - w/o CCS, GasCap, GasCap - w/o CCS, GeothermalCap, HydroCap, NuclearCap, OilCap, OilCap - w/o CCS",132,0,100.0,132,100.0,132,100.0,96,72.73,0,0.0,3,"efficiency_decimal,lifetime_years,capital_cost_usd_per_mw,om_cost_usd_per_mw_per_yr,fuel_price",10,11,90.91,1,2025,2050,target,USA
GCAM-USA 4.2,CO_Bridge,180,15,"BiomassCap, BiomassCap - w/ CCS, BiomassCap - w/o CCS, CoalCap, CoalCap - w/ CCS, CoalCap - w/o CCS, GasCap, GasCap - w/ CCS, GasCap - w/o CCS, GeothermalCap, HydroCap, NuclearCap, OilCap, OilCap - w/ CCS, OilCap - w/o CCS",180,0,100.0,180,100.0,180,100.0,144,80.0,0,0.0,4,"efficiency_decimal,lifetime_years,capital_cost_usd_per_mw,om_cost_usd_per_mw_per_yr,fuel_price",14,15,93.33,1,2025,2050,target,USA
GCAM-USA 4.2,CO_CurPol,180,15,"BiomassCap, BiomassCap - w/ CCS, BiomassCap - w/o CCS, CoalCap, CoalCap - w/ CCS, CoalCap - w/o CCS, GasCap, GasCap - w/ CCS, GasCap - w/o CCS, GeothermalCap, HydroCap, NuclearCap, OilCap, OilCap - w/ CCS, OilCap - w/o CCS",180,0,100.0,180,100.0,180,100.0,144,80.0,0,0.0,4,"efficiency_decimal,lifetime_years,capital_cost_usd_per_mw,om_cost_usd_per_mw_per_yr,fuel_price",14,15,93.33,1,2025,2050,target,USA
GCAM-USA 4.2,CO_GPP,180,15,"BiomassCap, BiomassCap - w/ CCS, BiomassCap - w/o CCS, CoalCap, CoalCap - w/ CCS, CoalCap - w/o CCS, GasCap, GasCap - w/ CCS, GasCap - w/o CCS, GeothermalCap, HydroCap, NuclearCap, OilCap, OilCap - w/ CCS, OilCap - w/o CCS",180,0,100.0,180,100.0,180,100.0,144,80.0,0,0.0,4,"efficiency_decimal,lifetime_years,capital_cost_usd_per_mw,om_cost_usd_per_mw_per_yr,fuel_price",14,15,93.33,1,2025,2050,target,USA
GCAM-USA 4.2,CO_NDCMCS,180,15,"BiomassCap, BiomassCap - w/ CCS, BiomassCap - w/o CCS, CoalCap, CoalCap - w/ CCS, CoalCap - w/o CCS, GasCap, GasCap - w/ CCS, GasCap - w/o CCS, GeothermalCap, HydroCap, NuclearCap, OilCap, OilCap - w/ CCS, OilCap - w/o CCS",180,0,100.0,180,100.0,180,100.0,144,80.0,0,0.0,4,"efficiency_decimal,lifetime_years,capital_cost_usd_per_mw,om_cost_usd_per_mw_per_yr,fuel_price",14,15,93.33,1,2025,2050,target,USA
GCAM-USA 5.3,EN_NP_2025_-1002050,270,15,"BiomassCap, BiomassCap - w/ CCS, BiomassCap - w/o CCS, CoalCap, CoalCap - w/ CCS, CoalCap - w/o CCS, GasCap, GasCap - w/ CCS, GasCap - w/o CCS, GeothermalCap, HydroCap, NuclearCap, OilCap, OilCap - w/ CCS, OilCap - w/o CCS",270,0,100.0,270,100.0,270,100.0,216,80.0,0,0.0,4,"efficiency_decimal,lifetime_years,capital_cost_usd_per_mw,om_cost_usd_per_mw_per_yr,fuel_price",14,15,93.33,3,2025,2050,target,R10NORTH_AM
GCAM-USA 5.3,EN_NP_2025_-502050,270,15,"BiomassCap, BiomassCap - w/ CCS, BiomassCap - w/o CCS, CoalCap, CoalCap - w/ CCS, CoalCap - w/o CCS, GasCap, GasCap - w/ CCS, GasCap - w/o CCS, GeothermalCap, HydroCap, NuclearCap, OilCap, OilCap - w/ CCS, OilCap - w/o CCS",270,0,100.0,270,100.0,270,100.0,216,80.0,0,0.0,4,"efficiency_decimal,lifetime_years,capital_cost_usd_per_mw,om_cost_usd_per_mw_per_yr,fuel_price",14,15,93.33,3,2025,2050,target,R10NORTH_AM
GCAM-USA 5.3,EN_NP_BL,198,11,"BiomassCap, BiomassCap - w/o CCS, CoalCap, CoalCap - w/o CCS, GasCap, GasCap - w/o CCS, GeothermalCap, HydroCap, NuclearCap, OilCap, OilCap - w/o CCS",198,0,100.0,198,100.0,198,100.0,144,72.73,0,0.0,3,"efficiency_decimal,lifetime_years,capital_cost_usd_per_mw,om_cost_usd_per_mw_per_yr,fuel_price",10,11,90.91,3,2025,2050,target,R10NORTH_AM
GCAM-USA 5.3,EN_NP_CurPol,216,12,"BiomassCap, BiomassCap - w/o CCS, CoalCap, CoalCap - w/o CCS, GasCap, GasCap - w/ CCS, GasCap - w/o CCS, GeothermalCap, HydroCap, NuclearCap, OilCap, OilCap - w/o CCS",216,0,100.0,216,100.0,216,100.0,162,75.0,0,0.0,4,"efficiency_decimal,lifetime_years,capital_cost_usd_per_mw,om_cost_usd_per_mw_per_yr,fuel_price",11,12,91.67,3,2025,2050,target,R10NORTH_AM
GCAM-USA 5.3,EN_NP_UNDC,270,15,"BiomassCap, BiomassCap - w/ CCS, BiomassCap - w/o CCS, CoalCap, CoalCap - w/ CCS, CoalCap - w/o CCS, GasCap, GasCap - w/ CCS, GasCap - w/o CCS, GeothermalCap, HydroCap, NuclearCap, OilCap, OilCap - w/ CCS, OilCap - w/o CCS",270,0,100.0,270,100.0,270,100.0,216,80.0,0,0.0,4,"efficiency_decimal,lifetime_years,capital_cost_usd_per_mw,om_cost_usd_per_mw_per_yr,fuel_price",14,15,93.33,3,2025,2050,target,R10NORTH_AM
GCAM-USA_CDLINKS,CD-LINKS_INDC2030_high,180,15,"BiomassCap, BiomassCap - w/ CCS, BiomassCap - w/o CCS, CoalCap, CoalCap - w/ CCS, CoalCap - w/o CCS, GasCap, GasCap - w/ CCS, GasCap - w/o CCS, GeothermalCap, HydroCap, NuclearCap, OilCap, OilCap - w/ CCS, OilCap - w/o CCS",180,0,100.0,180,100.0,180,100.0,144,80.0,180,100.0,4,"efficiency_decimal,lifetime_years,capital_cost_usd_per_mw,om_cost_usd_per_mw_per_yr,fuel_price,scenario_price",0,15,0.0,1,2025,2050,target,USA
GCAM-USA_CDLINKS,CD-LINKS_INDC2030_low,180,15,"BiomassCap, BiomassCap - w/ CCS, BiomassCap - w/o CCS, CoalCap, CoalCap - w/ CCS, CoalCap - w/o CCS, GasCap, GasCap - w/ CCS, GasCap - w/o CCS, GeothermalCap, HydroCap, NuclearCap, OilCap, OilCap - w/ CCS, OilCap - w/o CCS",180,0,100.0,180,100.0,180,100.0,144,80.0,180,100.0,4,"efficiency_decimal,lifetime_years,capital_cost_usd_per_mw,om_cost_usd_per_mw_per_yr,fuel_price,scenario_price",0,15,0.0,1,2025,2050,target,USA
GCAM-USA_CDLINKS,CD-LINKS_NPi,180,15,"BiomassCap, BiomassCap - w/ CCS, BiomassCap - w/o CCS, CoalCap, CoalCap - w/ CCS, CoalCap - w/o CCS, GasCap, GasCap - w/ CCS, GasCap - w/o CCS, GeothermalCap, HydroCap, NuclearCap, OilCap, OilCap - w/ CCS, OilCap - w/o CCS",180,0,100.0,180,100.0,180,100.0,144,80.0,180,100.0,4,"efficiency_decimal,lifetime_years,capital_cost_usd_per_mw,om_cost_usd_per_mw_per_yr,fuel_price,scenario_price",0,15,0.0,1,2025,2050,target,USA
GCAM-USA_CDLINKS,CD-LINKS_NPi2020_high,180,15,"BiomassCap, BiomassCap - w/ CCS, BiomassCap - w/o CCS, CoalCap, CoalCap - w/ CCS, CoalCap - w/o CCS, GasCap, GasCap - w/ CCS, GasCap - w/o CCS, GeothermalCap, HydroCap, NuclearCap, OilCap, OilCap - w/ CCS, OilCap - w/o CCS",180,0,100.0,180,100.0,180,100.0,144,80.0,180,100.0,4,"efficiency_decimal,lifetime_years,capital_cost_usd_per_mw,om_cost_usd_per_mw_per_yr,fuel_price,scenario_price",0,15,0.0,1,2025,2050,target,USA
GCAM-USA_CDLINKS,CD-LINKS_NPi2020_low,180,15,"BiomassCap, BiomassCap - w/ CCS, BiomassCap - w/o CCS, CoalCap, CoalCap - w/ CCS, CoalCap - w/o CCS, GasCap, GasCap - w/ CCS, GasCap - w/o CCS, GeothermalCap, HydroCap, NuclearCap, OilCap, OilCap - w/ CCS, OilCap - w/o CCS",180,0,100.0,180,100.0,180,100.0,144,80.0,180,100.0,4,"efficiency_decimal,lifetime_years,capital_cost_usd_per_mw,om_cost_usd_per_mw_per_yr,fuel_price,scenario_price",0,15,0.0,1,2025,2050,target,USA
GCAM-USA_CDLINKS,CD-LINKS_NoPOL,180,15,"BiomassCap, BiomassCap - w/ CCS, BiomassCap - w/o CCS, CoalCap, CoalCap - w/ CCS, CoalCap - w/o CCS, GasCap, GasCap - w/ CCS, GasCap - w/o CCS, GeothermalCap, HydroCap, NuclearCap, OilCap, OilCap - w/ CCS, OilCap - w/o CCS",180,0,100.0,180,100.0,180,100.0,144,80.0,180,100.0,4,"efficiency_decimal,lifetime_years,capital_cost_usd_per_mw,om_cost_usd_per_mw_per_yr,fuel_price,scenario_price",0,15,0.0,1,2025,2050,target,USA
GCAM5.2_NET,GCAM_1.5C_high_os_high-cost-DAC,2586,16,"BiomassCap, BiomassCap - w/ CCS, BiomassCap - w/o CCS, CoalCap, CoalCap - w/ CCS, CoalCap - w/o CCS, GasCap, GasCap - w/ CCS, GasCap - w/o CCS, GeothermalCap, HydroCap, NuclearCap, OilCap, OilCap - w/ CCS, OilCap - w/o CCS, WindCap - Onshore",2586,0,100.0,2586,100.0,2586,100.0,1944,75.17,2586,100.0,10,"efficiency_decimal,lifetime_years,capital_cost_usd_per_mw,om_cost_usd_per_mw_per_yr,fuel_price,scenario_price",0,16,0.0,209,2025,2050,target,ARG
GCAM5.2_NET,GCAM_1.5C_high_os_low-cost-DAC,2586,16,"BiomassCap, BiomassCap - w/ CCS, BiomassCap - w/o CCS, CoalCap, CoalCap - w/ CCS, CoalCap - w/o CCS, GasCap, GasCap - w/ CCS, GasCap - w/o CCS, GeothermalCap, HydroCap, NuclearCap, OilCap, OilCap - w/ CCS, OilCap - w/o CCS, WindCap - Onshore",2586,0,100.0,2586,100.0,2586,100.0,1944,75.17,2586,100.0,10,"efficiency_decimal,lifetime_years,capital_cost_usd_per_mw,om_cost_usd_per_mw_per_yr,fuel_price,scenario_price",0,16,0.0,209,2025,2050,target,ARG
GCAM5.2_NET,GCAM_1.5C_low_os_high-cost-DAC,2586,16,"BiomassCap, BiomassCap - w/ CCS, BiomassCap - w/o CCS, CoalCap, CoalCap - w/ CCS, CoalCap - w/o CCS, GasCap, GasCap - w/ CCS, GasCap - w/o CCS, GeothermalCap, HydroCap, NuclearCap, OilCap, OilCap - w/ CCS, OilCap - w/o CCS, WindCap - Onshore",2586,0,100.0,2586,100.0,2586,100.0,1944,75.17,2586,100.0,10,"efficiency_decimal,lifetime_years,capital_cost_usd_per_mw,om_cost_usd_per_mw_per_yr,fuel_price,scenario_price",0,16,0.0,209,2025,2050,target,ARG
GCAM5.2_NET,GCAM_1.5C_low_os_low-cost-DAC,2586,16,"BiomassCap, BiomassCap - w/ CCS, BiomassCap - w/o CCS, CoalCap, CoalCap - w/ CCS, CoalCap - w/o CCS, GasCap, GasCap - w/ CCS, GasCap - w/o CCS, GeothermalCap, HydroCap, NuclearCap, OilCap, OilCap - w/ CCS, OilCap - w/o CCS, WindCap - Onshore",2586,0,100.0,2586,100.0,2586,100.0,1944,75.17,2586,100.0,10,"efficiency_decimal,lifetime_years,capital_cost_usd_per_mw,om_cost_usd_per_mw_per_yr,fuel_price,scenario_price",0,16,0.0,209,2025,2050,target,ARG
GCAM5.2_NET,GCAM_1.5C_low_os_noDAC,2586,16,"BiomassCap, BiomassCap - w/ CCS, BiomassCap - w/o CCS, CoalCap, CoalCap - w/ CCS, CoalCap - w/o CCS, GasCap, GasCap - w/ CCS, GasCap - w/o CCS, GeothermalCap, HydroCap, NuclearCap, OilCap, OilCap - w/ CCS, OilCap - w/o CCS, WindCap - Onshore",2586,0,100.0,2586,100.0,2586,100.0,1944,75.17,2586,100.0,10,"efficiency_decimal,lifetime_years,capital_cost_usd_per_mw,om_cost_usd_per_mw_per_yr,fuel_price,scenario_price",0,16,0.0,209,2025,2050,target,ARG
GEM-E3 V1,CD-LINKS_INDCi,654,13,"BiomassCap, CoalCap, CoalCap - w/ CCS, CoalCap - w/o CCS, GasCap, GasCap - w/ CCS, GasCap - w/o CCS, GeothermalCap, HydroCap, NuclearCap, OilCap, OilCap - w/ CCS, OilCap - w/o CCS",654,0,100.0,654,100.0,654,100.0,540,82.57,654,100.0,10,"efficiency_decimal,lifetime_years,capital_cost_usd_per_mw,om_cost_usd_per_mw_per_yr,fuel_price,scenario_price",0,13,0.0,45,2025,2050,target,BRA
GEM-E3 V1,CD-LINKS_INDCi_recGenTaxation,630,14,"BiomassCap, BiomassCap - w/o CCS, CoalCap, CoalCap - w/ CCS, CoalCap - w/o CCS, GasCap, GasCap - w/ CCS, GasCap - w/o CCS, GeothermalCap, HydroCap, NuclearCap, OilCap, OilCap - w/ CCS, OilCap - w/o CCS",630,0,100.0,630,100.0,630,100.0,528,83.81,630,100.0,10,"efficiency_decimal,lifetime_years,capital_cost_usd_per_mw,om_cost_usd_per_mw_per_yr,fuel_price,scenario_price",0,14,0.0,45,2025,2050,target,BRA
GEM-E3 V1,CD-LINKS_INDCi_recSocialSecurity,630,14,"BiomassCap, BiomassCap - w/o CCS, CoalCap, CoalCap - w/ CCS, CoalCap - w/o CCS, GasCap, GasCap - w/ CCS, GasCap - w/o CCS, GeothermalCap, HydroCap, NuclearCap, OilCap, OilCap - w/ CCS, OilCap - w/o CCS",630,0,100.0,630,100.0,630,100.0,528,83.81,630,100.0,10,"efficiency_decimal,lifetime_years,capital_cost_usd_per_mw,om_cost_usd_per_mw_per_yr,fuel_price,scenario_price",0,14,0.0,45,2025,2050,target,BRA
GEM-E3 V1,CD-LINKS_NPi,654,13,"BiomassCap, CoalCap, CoalCap - w/ CCS, CoalCap - w/o CCS, GasCap, GasCap - w/ CCS, GasCap - w/o CCS, GeothermalCap, HydroCap, NuclearCap, OilCap, OilCap - w/ CCS, OilCap - w/o CCS",654,0,100.0,654,100.0,654,100.0,540,82.57,654,100.0,10,"efficiency_decimal,lifetime_years,capital_cost_usd_per_mw,om_cost_usd_per_mw_per_yr,fuel_price,scenario_price",0,13,0.0,45,2025,2050,target,BRA
GEM-E3 V1,CD-LINKS_NPi2020_1000,654,13,"BiomassCap, CoalCap, CoalCap - w/ CCS, CoalCap - w/o CCS, GasCap, GasCap - w/ CCS, GasCap - w/o CCS, GeothermalCap, HydroCap, NuclearCap, OilCap, OilCap - w/ CCS, OilCap - w/o CCS",654,0,100.0,654,100.0,654,100.0,540,82.57,654,100.0,10,"efficiency_decimal,lifetime_years,capital_cost_usd_per_mw,om_cost_usd_per_mw_per_yr,fuel_price,scenario_price",0,13,0.0,45,2025,2050,target,BRA
GEM-E3 V1,CD-LINKS_NPi2020_1000_recGenTaxation,630,14,"BiomassCap, BiomassCap - w/o CCS, CoalCap, CoalCap - w/ CCS, CoalCap - w/o CCS, GasCap, GasCap - w/ CCS, GasCap - w/o CCS, GeothermalCap, HydroCap, NuclearCap, OilCap, OilCap - w/ CCS, OilCap - w/o CCS",630,0,100.0,630,100.0,630,100.0,528,83.81,630,100.0,10,"efficiency_decimal,lifetime_years,capital_cost_usd_per_mw,om_cost_usd_per_mw_per_yr,fuel_price,scenario_price",0,14,0.0,45,2025,2050,target,BRA
GEM-E3 V1,CD-LINKS_NPi2020_1000_recSocialSecurity,630,14,"BiomassCap, BiomassCap - w/o CCS, CoalCap, CoalCap - w/ CCS, CoalCap - w/o CCS, GasCap, GasCap - w/ CCS, GasCap - w/o CCS, GeothermalCap, HydroCap, NuclearCap, OilCap, OilCap - w/ CCS, OilCap - w/o CCS",630,0,100.0,630,100.0,630,100.0,528,83.81,630,100.0,10,"efficiency_decimal,lifetime_years,capital_cost_usd_per_mw,om_cost_usd_per_mw_per_yr,fuel_price,scenario_price",0,14,0.0,45,2025,2050,target,BRA
GEM-E3 V1,CD-LINKS_NPi2020_1600,654,13,"BiomassCap, CoalCap, CoalCap - w/ CCS, CoalCap - w/o CCS, GasCap, GasCap - w/ CCS, GasCap - w/o CCS, GeothermalCap, HydroCap, NuclearCap, OilCap, OilCap - w/ CCS, OilCap - w/o CCS",654,0,100.0,654,100.0,654,100.0,540,82.57,654,100.0,10,"efficiency_decimal,lifetime_years,capital_cost_usd_per_mw,om_cost_usd_per_mw_per_yr,fuel_price,scenario_price",0,13,0.0,45,2025,2050,target,BRA
GEM-E3 V1,CD-LINKS_NPi2020_400,654,13,"BiomassCap, CoalCap, CoalCap - w/ CCS, CoalCap - w/o CCS, GasCap, GasCap - w/ CCS, GasCap - w/o CCS, GeothermalCap, HydroCap, NuclearCap, OilCap, OilCap - w/ CCS, OilCap - w/o CCS",654,0,100.0,654,100.0,654,100.0,540,82.57,654,100.0,10,"efficiency_decimal,lifetime_years,capital_cost_usd_per_mw,om_cost_usd_per_mw_per_yr,fuel_price,scenario_price",0,13,0.0,45,2025,2050,target,BRA
GEM-E3 V1,CD-LINKS_NPi2020_400_recGenTaxation,630,14,"BiomassCap, BiomassCap - w/o CCS, CoalCap, CoalCap - w/ CCS, CoalCap - w/o CCS, GasCap, GasCap - w/ CCS, GasCap - w/o CCS, GeothermalCap, HydroCap, NuclearCap, OilCap, OilCap - w/ CCS, OilCap - w/o CCS",630,0,100.0,630,100.0,630,100.0,528,83.81,630,100.0,10,"efficiency_decimal,lifetime_years,capital_cost_usd_per_mw,om_cost_usd_per_mw_per_yr,fuel_price,scenario_price",0,14,0.0,45,2025,2050,target,BRA
GEM-E3 V1,CD-LINKS_NPi2020_400_recSocialSecurity,630,14,"BiomassCap, BiomassCap - w/o CCS, CoalCap, CoalCap - w/ CCS, CoalCap - w/o CCS, GasCap, GasCap - w/ CCS, GasCap - w/o CCS, GeothermalCap, HydroCap, NuclearCap, OilCap, OilCap - w/ CCS, OilCap - w/o CCS",630,0,100.0,630,100.0,630,100.0,528,83.81,630,100.0,10,"efficiency_decimal,lifetime_years,capital_cost_usd_per_mw,om_cost_usd_per_mw_per_yr,fuel_price,scenario_price",0,14,0.0,45,2025,2050,target,BRA
GEM-E3_V2021,EN_INDCi2030_1000,2754,17,"BiomassCap, BiomassCap - w/ CCS, BiomassCap - w/o CCS, CoalCap, CoalCap - w/ CCS, CoalCap - w/o CCS, GasCap, GasCap - w/ CCS, GasCap - w/o CCS, GeothermalCap, HydroCap, NuclearCap, OilCap, OilCap - w/ CCS, OilCap - w/o CCS, WindCap - Offshore, WindCap - Onshore",2754,0,100.0,2754,100.0,2754,100.0,1944,70.59,2754,100.0,12,"efficiency_decimal,lifetime_years,capital_cost_usd_per_mw,om_cost_usd_per_mw_per_yr,fuel_price,scenario_price",14,17,82.35,154,2025,2050,target,ARG
GEM-E3_V2021,EN_INDCi2030_1000_COV,2754,17,"BiomassCap, BiomassCap - w/ CCS, BiomassCap - w/o CCS, CoalCap, CoalCap - w/ CCS, CoalCap - w/o CCS, GasCap, GasCap - w/ CCS, GasCap - w/o CCS, GeothermalCap, HydroCap, NuclearCap, OilCap, OilCap - w/ CCS, OilCap - w/o CCS, WindCap - Offshore, WindCap - Onshore",2754,0,100.0,2754,100.0,2754,100.0,1944,70.59,2754,100.0,12,"efficiency_decimal,lifetime_years,capital_cost_usd_per_mw,om_cost_usd_per_mw_per_yr,fuel_price,scenario_price",14,17,82.35,154,2025,2050,target,ARG
GEM-E3_V2021,EN_INDCi2030_1000_COV_NDCp,2754,17,"BiomassCap, BiomassCap - w/ CCS, BiomassCap - w/o CCS, CoalCap, CoalCap - w/ CCS, CoalCap - w/o CCS, GasCap, GasCap - w/ CCS, GasCap - w/o CCS, GeothermalCap, HydroCap, NuclearCap, OilCap, OilCap - w/ CCS, OilCap - w/o CCS, WindCap - Offshore, WindCap - Onshore",2754,0,100.0,2754,100.0,2754,100.0,1944,70.59,2754,100.0,12,"efficiency_decimal,lifetime_years,capital_cost_usd_per_mw,om_cost_usd_per_mw_per_yr,fuel_price,scenario_price",14,17,82.35,154,2025,2050,target,ARG
GEM-E3_V2021,EN_INDCi2030_1000_NDCp,2754,17,"BiomassCap, BiomassCap - w/ CCS, BiomassCap - w/o CCS, CoalCap, CoalCap - w/ CCS, CoalCap - w/o CCS, GasCap, GasCap - w/ CCS, GasCap - w/o CCS, GeothermalCap, HydroCap, NuclearCap, OilCap, OilCap - w/ CCS, OilCap - w/o CCS, WindCap - Offshore, WindCap - Onshore",2754,0,100.0,2754,100.0,2754,100.0,1944,70.59,2754,100.0,12,"efficiency_decimal,lifetime_years,capital_cost_usd_per_mw,om_cost_usd_per_mw_per_yr,fuel_price,scenario_price",14,17,82.35,154,2025,2050,target,ARG
GEM-E3_V2021,EN_INDCi2030_1000f,2754,17,"BiomassCap, BiomassCap - w/ CCS, BiomassCap - w/o CCS, CoalCap, CoalCap - w/ CCS, CoalCap - w/o CCS, GasCap, GasCap - w/ CCS, GasCap - w/o CCS, GeothermalCap, HydroCap, NuclearCap, OilCap, OilCap - w/ CCS, OilCap - w/o CCS, WindCap - Offshore, WindCap - Onshore",2754,0,100.0,2754,100.0,2754,100.0,1944,70.59,2754,100.0,12,"efficiency_decimal,lifetime_years,capital_cost_usd_per_mw,om_cost_usd_per_mw_per_yr,fuel_price,scenario_price",14,17,82.35,154,2025,2050,target,ARG
GEM-E3_V2021,EN_INDCi2030_1000f_COV,2754,17,"BiomassCap, BiomassCap - w/ CCS, BiomassCap - w/o CCS, CoalCap, CoalCap - w/ CCS, CoalCap - w/o CCS, GasCap, GasCap - w/ CCS, GasCap - w/o CCS, GeothermalCap, HydroCap, NuclearCap, OilCap, OilCap - w/ CCS, OilCap - w/o CCS, WindCap - Offshore, WindCap - Onshore",2754,0,100.0,2754,100.0,2754,100.0,1944,70.59,2754,100.0,12,"efficiency_decimal,lifetime_years,capital_cost_usd_per_mw,om_cost_usd_per_mw_per_yr,fuel_price,scenario_price",14,17,82.35,154,2025,2050,target,ARG
GEM-E3_V2021,EN_INDCi2030_1000f_COV_NDCp,2754,17,"BiomassCap, BiomassCap - w/ CCS, BiomassCap - w/o CCS, CoalCap, CoalCap - w/ CCS, CoalCap - w/o CCS, GasCap, GasCap - w/ CCS, GasCap - w/o CCS, GeothermalCap, HydroCap, NuclearCap, OilCap, OilCap - w/ CCS, OilCap - w/o CCS, WindCap - Offshore, WindCap - Onshore",2754,0,100.0,2754,100.0,2754,100.0,1944,70.59,2754,100.0,12,"efficiency_decimal,lifetime_years,capital_cost_usd_per_mw,om_cost_usd_per_mw_per_yr,fuel_price,scenario_price",14,17,82.35,154,2025,2050,target,ARG
GEM-E3_V2021,EN_INDCi2030_1000f_NDCp,2754,17,"BiomassCap, BiomassCap - w/ CCS, BiomassCap - w/o CCS, CoalCap, CoalCap - w/ CCS, CoalCap - w/o CCS, GasCap, GasCap - w/ CCS, GasCap - w/o CCS, GeothermalCap, HydroCap, NuclearCap, OilCap, OilCap - w/ CCS, OilCap - w/o CCS, WindCap - Offshore, WindCap - Onshore",2754,0,100.0,2754,100.0,2754,100.0,1944,70.59,2754,100.0,12,"efficiency_decimal,lifetime_years,capital_cost_usd_per_mw,om_cost_usd_per_mw_per_yr,fuel_price,scenario_price",14,17,82.35,154,2025,2050,target,ARG
GEM-E3_V2021,EN_INDCi2030_1400,2754,17,"BiomassCap, BiomassCap - w/ CCS, BiomassCap - w/o CCS, CoalCap, CoalCap - w/ CCS, CoalCap - w/o CCS, GasCap, GasCap - w/ CCS, GasCap - w/o CCS, GeothermalCap, HydroCap, NuclearCap, OilCap, OilCap - w/ CCS, OilCap - w/o CCS, WindCap - Offshore, WindCap - Onshore",2754,0,100.0,2754,100.0,2754,100.0,1944,70.59,2754,100.0,12,"efficiency_decimal,lifetime_years,capital_cost_usd_per_mw,om_cost_usd_per_mw_per_yr,fuel_price,scenario_price",14,17,82.35,154,2025,2050,target,ARG
GEM-E3_V2021,EN_INDCi2030_1400f,2754,17,"BiomassCap, BiomassCap - w/ CCS, BiomassCap - w/o CCS, CoalCap, CoalCap - w/ CCS, CoalCap - w/o CCS, GasCap, GasCap - w/ CCS, GasCap - w/o CCS, GeothermalCap, HydroCap, NuclearCap, OilCap, OilCap - w/ CCS, OilCap - w/o CCS, WindCap - Offshore, WindCap - Onshore",2754,0,100.0,2754,100.0,2754,100.0,1944,70.59,2754,100.0,12,"efficiency_decimal,lifetime_years,capital_cost_usd_per_mw,om_cost_usd_per_mw_per_yr,fuel_price,scenario_price",14,17,82.35,154,2025,2050,target,ARG
GEM-E3_V2021,EN_INDCi2030_1800,2754,17,"BiomassCap, BiomassCap - w/ CCS, BiomassCap - w/o CCS, CoalCap, CoalCap - w/ CCS, CoalCap - w/o CCS, GasCap, GasCap - w/ CCS, GasCap - w/o CCS, GeothermalCap, HydroCap, NuclearCap, OilCap, OilCap - w/ CCS, OilCap - w/o CCS, WindCap - Offshore, WindCap - Onshore",2754,0,100.0,2754,100.0,2754,100.0,1944,70.59,2754,100.0,12,"efficiency_decimal,lifetime_years,capital_cost_usd_per_mw,om_cost_usd_per_mw_per_yr,fuel_price,scenario_price",14,17,82.35,154,2025,2050,target,ARG
GEM-E3_V2021,EN_INDCi2030_1800f,2754,17,"BiomassCap, BiomassCap - w/ CCS, BiomassCap - w/o CCS, CoalCap, CoalCap - w/ CCS, CoalCap - w/o CCS, GasCap, GasCap - w/ CCS, GasCap - w/o CCS, GeothermalCap, HydroCap, NuclearCap, OilCap, OilCap - w/ CCS, OilCap - w/o CCS, WindCap - Offshore, WindCap - Onshore",2754,0,100.0,2754,100.0,2754,100.0,1944,70.59,2754,100.0,12,"efficiency_decimal,lifetime_years,capital_cost_usd_per_mw,om_cost_usd_per_mw_per_yr,fuel_price,scenario_price",14,17,82.35,154,2025,2050,target,ARG
GEM-E3_V2021,EN_INDCi2030_600f,2754,17,"BiomassCap, BiomassCap - w/ CCS, BiomassCap - w/o CCS, CoalCap, CoalCap - w/ CCS, CoalCap - w/o CCS, GasCap, GasCap - w/ CCS, GasCap - w/o CCS, GeothermalCap, HydroCap, NuclearCap, OilCap, OilCap - w/ CCS, OilCap - w/o CCS, WindCap - Offshore, WindCap - Onshore",2754,0,100.0,2754,100.0,2754,100.0,1944,70.59,2754,100.0,12,"efficiency_decimal,lifetime_years,om_cost_usd_per_mw_per_yr,fuel_price,scenario_price",14,17,82.35,154,2025,2050,target,ARG
GEM-E3_V2021,EN_INDCi2030_600f_COV,2754,17,"BiomassCap, BiomassCap - w/ CCS, BiomassCap - w/o CCS, CoalCap, CoalCap - w/ CCS, CoalCap - w/o CCS, GasCap, GasCap - w/ CCS, GasCap - w/o CCS, GeothermalCap, HydroCap, NuclearCap, OilCap, OilCap - w/ CCS, OilCap - w/o CCS, WindCap - Offshore, WindCap - Onshore",2754,0,100.0,2754,100.0,2754,100.0,1944,70.59,2754,100.0,12,"efficiency_decimal,lifetime_years,om_cost_usd_per_mw_per_yr,fuel_price,scenario_price",14,17,82.35,154,2025,2050,target,ARG
GEM-E3_V2021,EN_INDCi2030_600f_COV_NDCp,2754,17,"BiomassCap, BiomassCap - w/ CCS, BiomassCap - w/o CCS, CoalCap, CoalCap - w/ CCS, CoalCap - w/o CCS, GasCap, GasCap - w/ CCS, GasCap - w/o CCS, GeothermalCap, HydroCap, NuclearCap, OilCap, OilCap - w/ CCS, OilCap - w/o CCS, WindCap - Offshore, WindCap - Onshore",2754,0,100.0,2754,100.0,2754,100.0,1944,70.59,2754,100.0,12,"efficiency_decimal,lifetime_years,om_cost_usd_per_mw_per_yr,fuel_price,scenario_price",14,17,82.35,154,2025,2050,target,ARG
GEM-E3_V2021,EN_INDCi2030_600f_NDCp,2754,17,"BiomassCap, BiomassCap - w/ CCS, BiomassCap - w/o CCS, CoalCap, CoalCap - w/ CCS, CoalCap - w/o CCS, GasCap, GasCap - w/ CCS, GasCap - w/o CCS, GeothermalCap, HydroCap, NuclearCap, OilCap, OilCap - w/ CCS, OilCap - w/o CCS, WindCap - Offshore, WindCap - Onshore",2754,0,100.0,2754,100.0,2754,100.0,1944,70.59,2754,100.0,12,"efficiency_decimal,lifetime_years,om_cost_usd_per_mw_per_yr,fuel_price,scenario_price",14,17,82.35,154,2025,2050,target,ARG
GEM-E3_V2021,EN_INDCi2030_800,2754,17,"BiomassCap, BiomassCap - w/ CCS, BiomassCap - w/o CCS, CoalCap, CoalCap - w/ CCS, CoalCap - w/o CCS, GasCap, GasCap - w/ CCS, GasCap - w/o CCS, GeothermalCap, HydroCap, NuclearCap, OilCap, OilCap - w/ CCS, OilCap - w/o CCS, WindCap - Offshore, WindCap - Onshore",2754,0,100.0,2754,100.0,2754,100.0,1944,70.59,2754,100.0,12,"efficiency_decimal,lifetime_years,om_cost_usd_per_mw_per_yr,fuel_price,scenario_price",14,17,82.35,154,2025,2050,target,ARG
GEM-E3_V2021,EN_INDCi2030_800f,2754,17,"BiomassCap, BiomassCap - w/ CCS, BiomassCap - w/o CCS, CoalCap, CoalCap - w/ CCS, CoalCap - w/o CCS, GasCap, GasCap - w/ CCS, GasCap - w/o CCS, GeothermalCap, HydroCap, NuclearCap, OilCap, OilCap - w/ CCS, OilCap - w/o CCS, WindCap - Offshore, WindCap - Onshore",2754,0,100.0,2754,100.0,2754,100.0,1944,70.59,2754,100.0,12,"efficiency_decimal,lifetime_years,om_cost_usd_per_mw_per_yr,fuel_price,scenario_price",14,17,82.35,154,2025,2050,target,ARG
GEM-E3_V2021,EN_INDCi2100,2856,17,"BiomassCap, BiomassCap - w/ CCS, BiomassCap - w/o CCS, CoalCap, CoalCap - w/ CCS, CoalCap - w/o CCS, GasCap, GasCap - w/ CCS, GasCap - w/o CCS, GeothermalCap, HydroCap, NuclearCap, OilCap, OilCap - w/ CCS, OilCap - w/o CCS, WindCap - Offshore, WindCap - Onshore",2856,0,100.0,2856,100.0,2856,100.0,2016,70.59,2856,100.0,12,"efficiency_decimal,lifetime_years,capital_cost_usd_per_mw,om_cost_usd_per_mw_per_yr,fuel_price,scenario_price",14,17,82.35,210,2025,2050,target,ARG
GEM-E3_V2021,EN_INDCi2100_COV,2754,17,"BiomassCap, BiomassCap - w/ CCS, BiomassCap - w/o CCS, CoalCap, CoalCap - w/ CCS, CoalCap - w/o CCS, GasCap, GasCap - w/ CCS, GasCap - w/o CCS, GeothermalCap, HydroCap, NuclearCap, OilCap, OilCap - w/ CCS, OilCap - w/o CCS, WindCap - Offshore, WindCap - Onshore",2754,0,100.0,2754,100.0,2754,100.0,1944,70.59,2754,100.0,12,"efficiency_decimal,lifetime_years,capital_cost_usd_per_mw,om_cost_usd_per_mw_per_yr,fuel_price,scenario_price",14,17,82.35,154,2025,2050,target,ARG
GEM-E3_V2021,EN_INDCi2100_COV_NDCp,2754,17,"BiomassCap, BiomassCap - w/ CCS, BiomassCap - w/o CCS, CoalCap, CoalCap - w/ CCS, CoalCap - w/o CCS, GasCap, GasCap - w/ CCS, GasCap - w/o CCS, GeothermalCap, HydroCap, NuclearCap, OilCap, OilCap - w/ CCS, OilCap - w/o CCS, WindCap - Offshore, WindCap - Onshore",2754,0,100.0,2754,100.0,2754,100.0,1944,70.59,2754,100.0,12,"efficiency_decimal,lifetime_years,capital_cost_usd_per_mw,om_cost_usd_per_mw_per_yr,fuel_price,scenario_price",14,17,82.35,154,2025,2050,target,ARG
GEM-E3_V2021,EN_INDCi2100_NDCp,2754,17,"BiomassCap, BiomassCap - w/ CCS, BiomassCap - w/o CCS, CoalCap, CoalCap - w/ CCS, CoalCap - w/o CCS, GasCap, GasCap - w/ CCS, GasCap - w/o CCS, GeothermalCap, HydroCap, NuclearCap, OilCap, OilCap - w/ CCS, OilCap - w/o CCS, WindCap - Offshore, WindCap - Onshore",2754,0,100.0,2754,100.0,2754,100.0,1944,70.59,2754,100.0,12,"efficiency_decimal,lifetime_years,capital_cost_usd_per_mw,om_cost_usd_per_mw_per_yr,fuel_price,scenario_price",14,17,82.35,154,2025,2050,target,ARG
GEM-E3_V2021,EN_NPi2020_1000,2754,17,"BiomassCap, BiomassCap - w/ CCS, BiomassCap - w/o CCS, CoalCap, CoalCap - w/ CCS, CoalCap - w/o CCS, GasCap, GasCap - w/ CCS, GasCap - w/o CCS, GeothermalCap, HydroCap, NuclearCap, OilCap, OilCap - w/ CCS, OilCap - w/o CCS, WindCap - Offshore, WindCap - Onshore",2754,0,100.0,2754,100.0,2754,100.0,1944,70.59,2754,100.0,12,"efficiency_decimal,lifetime_years,capital_cost_usd_per_mw,om_cost_usd_per_mw_per_yr,fuel_price,scenario_price",14,17,82.35,154,2025,2050,target,ARG
GEM-E3_V2021,EN_NPi2020_1000_COV,2754,17,"BiomassCap, BiomassCap - w/ CCS, BiomassCap - w/o CCS, CoalCap, CoalCap - w/ CCS, CoalCap - w/o CCS, GasCap, GasCap - w/ CCS, GasCap - w/o CCS, GeothermalCap, HydroCap, NuclearCap, OilCap, OilCap - w/ CCS, OilCap - w/o CCS, WindCap - Offshore, WindCap - Onshore",2754,0,100.0,2754,100.0,2754,100.0,1944,70.59,2754,100.0,12,"efficiency_decimal,lifetime_years,capital_cost_usd_per_mw,om_cost_usd_per_mw_per_yr,fuel_price,scenario_price",14,17,82.35,154,2025,2050,target,ARG
GEM-E3_V2021,EN_NPi2020_1000f,2754,17,"BiomassCap, BiomassCap - w/ CCS, BiomassCap - w/o CCS, CoalCap, CoalCap - w/ CCS, CoalCap - w/o CCS, GasCap, GasCap - w/ CCS, GasCap - w/o CCS, GeothermalCap, HydroCap, NuclearCap, OilCap, OilCap - w/ CCS, OilCap - w/o CCS, WindCap - Offshore, WindCap - Onshore",2754,0,100.0,2754,100.0,2754,100.0,1944,70.59,2754,100.0,12,"efficiency_decimal,lifetime_years,capital_cost_usd_per_mw,om_cost_usd_per_mw_per_yr,fuel_price,scenario_price",14,17,82.35,154,2025,2050,target,ARG
GEM-E3_V2021,EN_NPi2020_1000f_COV,2754,17,"BiomassCap, BiomassCap - w/ CCS, BiomassCap - w/o CCS, CoalCap, CoalCap - w/ CCS, CoalCap - w/o CCS, GasCap, GasCap - w/ CCS, GasCap - w/o CCS, GeothermalCap, HydroCap, NuclearCap, OilCap, OilCap - w/ CCS, OilCap - w/o CCS, WindCap - Offshore, WindCap - Onshore",2754,0,100.0,2754,100.0,2754,100.0,1944,70.59,2754,100.0,12,"efficiency_decimal,lifetime_years,capital_cost_usd_per_mw,om_cost_usd_per_mw_per_yr,fuel_price,scenario_price",14,17,82.35,154,2025,2050,target,ARG
GEM-E3_V2021,EN_NPi2020_1400,2754,17,"BiomassCap, BiomassCap - w/ CCS, BiomassCap - w/o CCS, CoalCap, CoalCap - w/ CCS, CoalCap - w/o CCS, GasCap, GasCap - w/ CCS, GasCap - w/o CCS, GeothermalCap, HydroCap, NuclearCap, OilCap, OilCap - w/ CCS, OilCap - w/o CCS, WindCap - Offshore, WindCap - Onshore",2754,0,100.0,2754,100.0,2754,100.0,1944,70.59,2754,100.0,12,"efficiency_decimal,lifetime_years,capital_cost_usd_per_mw,om_cost_usd_per_mw_per_yr,fuel_price,scenario_price",14,17,82.35,154,2025,2050,target,ARG
GEM-E3_V2021,EN_NPi2020_1400f,2754,17,"BiomassCap, BiomassCap - w/ CCS, BiomassCap - w/o CCS, CoalCap, CoalCap - w/ CCS, CoalCap - w/o CCS, GasCap, GasCap - w/ CCS, GasCap - w/o CCS, GeothermalCap, HydroCap, NuclearCap, OilCap, OilCap - w/ CCS, OilCap - w/o CCS, WindCap - Offshore, WindCap - Onshore",2754,0,100.0,2754,100.0,2754,100.0,1944,70.59,2754,100.0,12,"efficiency_decimal,lifetime_years,capital_cost_usd_per_mw,om_cost_usd_per_mw_per_yr,fuel_price,scenario_price",14,17,82.35,154,2025,2050,target,ARG
GEM-E3_V2021,EN_NPi2020_1800,2754,17,"BiomassCap, BiomassCap - w/ CCS, BiomassCap - w/o CCS, CoalCap, CoalCap - w/ CCS, CoalCap - w/o CCS, GasCap, GasCap - w/ CCS, GasCap - w/o CCS, GeothermalCap, HydroCap, NuclearCap, OilCap, OilCap - w/ CCS, OilCap - w/o CCS, WindCap - Offshore, WindCap - Onshore",2754,0,100.0,2754,100.0,2754,100.0,1944,70.59,2754,100.0,12,"efficiency_decimal,lifetime_years,capital_cost_usd_per_mw,om_cost_usd_per_mw_per_yr,fuel_price,scenario_price",14,17,82.35,154,2025,2050,target,ARG
GEM-E3_V2021,EN_NPi2020_1800f,2754,17,"BiomassCap, BiomassCap - w/ CCS, BiomassCap - w/o CCS, CoalCap, CoalCap - w/ CCS, CoalCap - w/o CCS, GasCap, GasCap - w/ CCS, GasCap - w/o CCS, GeothermalCap, HydroCap, NuclearCap, OilCap, OilCap - w/ CCS, OilCap - w/o CCS, WindCap - Offshore, WindCap - Onshore",2754,0,100.0,2754,100.0,2754,100.0,1944,70.59,2754,100.0,12,"efficiency_decimal,lifetime_years,capital_cost_usd_per_mw,om_cost_usd_per_mw_per_yr,fuel_price,scenario_price",14,17,82.35,154,2025,2050,target,ARG
GEM-E3_V2021,EN_NPi2020_400f,2754,17,"BiomassCap, BiomassCap - w/ CCS, BiomassCap - w/o CCS, CoalCap, CoalCap - w/ CCS, CoalCap - w/o CCS, GasCap, GasCap - w/ CCS, GasCap - w/o CCS, GeothermalCap, HydroCap, NuclearCap, OilCap, OilCap - w/ CCS, OilCap - w/o CCS, WindCap - Offshore, WindCap - Onshore",2754,0,100.0,2754,100.0,2754,100.0,1944,70.59,2754,100.0,12,"efficiency_decimal,lifetime_years,om_cost_usd_per_mw_per_yr,fuel_price,scenario_price",14,17,82.35,154,2025,2050,target,ARG
GEM-E3_V2021,EN_NPi2020_500,2754,17,"BiomassCap, BiomassCap - w/ CCS, BiomassCap - w/o CCS, CoalCap, CoalCap - w/ CCS, CoalCap - w/o CCS, GasCap, GasCap - w/ CCS, GasCap - w/o CCS, GeothermalCap, HydroCap, NuclearCap, OilCap, OilCap - w/ CCS, OilCap - w/o CCS, WindCap - Offshore, WindCap - Onshore",2754,0,100.0,2754,100.0,2754,100.0,1944,70.59,2754,100.0,12,"lifetime_years,om_cost_usd_per_mw_per_yr,scenario_price",14,17,82.35,154,2025,2050,target,ARG
GEM-E3_V2021,EN_NPi2020_500f,2754,17,"BiomassCap, BiomassCap - w/ CCS, BiomassCap - w/o CCS, CoalCap, CoalCap - w/ CCS, CoalCap - w/o CCS, GasCap, GasCap - w/ CCS, GasCap - w/o CCS, GeothermalCap, HydroCap, NuclearCap, OilCap, OilCap - w/ CCS, OilCap - w/o CCS, WindCap - Offshore, WindCap - Onshore",2754,0,100.0,2754,100.0,2754,100.0,1944,70.59,2754,100.0,12,"efficiency_decimal,lifetime_years,om_cost_usd_per_mw_per_yr,fuel_price,scenario_price",14,17,82.35,154,2025,2050,target,ARG
GEM-E3_V2021,EN_NPi2020_600,2754,17,"BiomassCap, BiomassCap - w/ CCS, BiomassCap - w/o CCS, CoalCap, CoalCap - w/ CCS, CoalCap - w/o CCS, GasCap, GasCap - w/ CCS, GasCap - w/o CCS, GeothermalCap, HydroCap, NuclearCap, OilCap, OilCap - w/ CCS, OilCap - w/o CCS, WindCap - Offshore, WindCap - Onshore",2754,0,100.0,2754,100.0,2754,100.0,1944,70.59,2754,100.0,12,"efficiency_decimal,lifetime_years,om_cost_usd_per_mw_per_yr,fuel_price,scenario_price",14,17,82.35,154,2025,2050,target,ARG
GEM-E3_V2021,EN_NPi2020_600_COV,2754,17,"BiomassCap, BiomassCap - w/ CCS, BiomassCap - w/o CCS, CoalCap, CoalCap - w/ CCS, CoalCap - w/o CCS, GasCap, GasCap - w/ CCS, GasCap - w/o CCS, GeothermalCap, HydroCap, NuclearCap, OilCap, OilCap - w/ CCS, OilCap - w/o CCS, WindCap - Offshore, WindCap - Onshore",2754,0,100.0,2754,100.0,2754,100.0,1944,70.59,2754,100.0,12,"efficiency_decimal,lifetime_years,om_cost_usd_per_mw_per_yr,fuel_price,scenario_price",14,17,82.35,154,2025,2050,target,ARG
GEM-E3_V2021,EN_NPi2020_600f,2754,17,"BiomassCap, BiomassCap - w/ CCS, BiomassCap - w/o CCS, CoalCap, CoalCap - w/ CCS, CoalCap - w/o CCS, GasCap, GasCap - w/ CCS, GasCap - w/o CCS, GeothermalCap, HydroCap, NuclearCap, OilCap, OilCap - w/ CCS, OilCap - w/o CCS, WindCap - Offshore, WindCap - Onshore",2754,0,100.0,2754,100.0,2754,100.0,1944,70.59,2754,100.0,12,"efficiency_decimal,lifetime_years,capital_cost_usd_per_mw,om_cost_usd_per_mw_per_yr,fuel_price,scenario_price",14,17,82.35,154,2025,2050,target,ARG
GEM-E3_V2021,EN_NPi2020_600f_COV,2754,17,"BiomassCap, BiomassCap - w/ CCS, BiomassCap - w/o CCS, CoalCap, CoalCap - w/ CCS, CoalCap - w/o CCS, GasCap, GasCap - w/ CCS, GasCap - w/o CCS, GeothermalCap, HydroCap, NuclearCap, OilCap, OilCap - w/ CCS, OilCap - w/o CCS, WindCap - Offshore, WindCap - Onshore",2754,0,100.0,2754,100.0,2754,100.0,1944,70.59,2754,100.0,12,"efficiency_decimal,lifetime_years,om_cost_usd_per_mw_per_yr,fuel_price,scenario_price",14,17,82.35,154,2025,2050,target,ARG
GEM-E3_V2021,EN_NPi2020_800,2754,17,"BiomassCap, BiomassCap - w/ CCS, BiomassCap - w/o CCS, CoalCap, CoalCap - w/ CCS, CoalCap - w/o CCS, GasCap, GasCap - w/ CCS, GasCap - w/o CCS, GeothermalCap, HydroCap, NuclearCap, OilCap, OilCap - w/ CCS, OilCap - w/o CCS, WindCap - Offshore, WindCap - Onshore",2754,0,100.0,2754,100.0,2754,100.0,1944,70.59,2754,100.0,12,"efficiency_decimal,lifetime_years,om_cost_usd_per_mw_per_yr,fuel_price,scenario_price",14,17,82.35,154,2025,2050,target,ARG
GEM-E3_V2021,EN_NPi2020_800f,2754,17,"BiomassCap, BiomassCap - w/ CCS, BiomassCap - w/o CCS, CoalCap, CoalCap - w/ CCS, CoalCap - w/o CCS, GasCap, GasCap - w/ CCS, GasCap - w/o CCS, GeothermalCap, HydroCap, NuclearCap, OilCap, OilCap - w/ CCS, OilCap - w/o CCS, WindCap - Offshore, WindCap - Onshore",2754,0,100.0,2754,100.0,2754,100.0,1944,70.59,2754,100.0,12,"efficiency_decimal,lifetime_years,capital_cost_usd_per_mw,om_cost_usd_per_mw_per_yr,fuel_price,scenario_price",14,17,82.35,154,2025,2050,target,ARG
GEM-E3_V2021,EN_NPi2100,2754,17,"BiomassCap, BiomassCap - w/ CCS, BiomassCap - w/o CCS, CoalCap, CoalCap - w/ CCS, CoalCap - w/o CCS, GasCap, GasCap - w/ CCS, GasCap - w/o CCS, GeothermalCap, HydroCap, NuclearCap, OilCap, OilCap - w/ CCS, OilCap - w/o CCS, WindCap - Offshore, WindCap - Onshore",2754,0,100.0,2754,100.0,2754,100.0,1944,70.59,2754,100.0,12,"efficiency_decimal,lifetime_years,capital_cost_usd_per_mw,om_cost_usd_per_mw_per_yr,fuel_price,scenario_price",14,17,82.35,154,2025,2050,target,ARG
GEM-E3_V2021,EN_NPi2100_COV,2754,17,"BiomassCap, BiomassCap - w/ CCS, BiomassCap - w/o CCS, CoalCap, CoalCap - w/ CCS, CoalCap - w/o CCS, GasCap, GasCap - w/ CCS, GasCap - w/o CCS, GeothermalCap, HydroCap, NuclearCap, OilCap, OilCap - w/ CCS, OilCap - w/o CCS, WindCap - Offshore, WindCap - Onshore",2754,0,100.0,2754,100.0,2754,100.0,1944,70.59,2754,100.0,12,"efficiency_decimal,lifetime_years,capital_cost_usd_per_mw,om_cost_usd_per_mw_per_yr,fuel_price,scenario_price",14,17,82.35,154,2025,2050,target,ARG
GEMINI-E3 7.0,CSH,220,14,"BiomassCap, BiomassCap - w/ CCS, BiomassCap - w/o CCS, CoalCap, CoalCap - w/ CCS, CoalCap - w/o CCS, GasCap, GasCap - w/ CCS, GasCap - w/o CCS, HydroCap, NuclearCap, OilCap, OilCap - w/ CCS, OilCap - w/o CCS",220,0,100.0,220,100.0,220,100.0,152,69.09,220,100.0,9,"efficiency_decimal,lifetime_years,capital_cost_usd_per_mw,om_cost_usd_per_mw_per_yr,fuel_price,scenario_price",0,14,0.0,207,2025,2030,target,BRA
GEMINI-E3 7.0,PCSH,220,14,"BiomassCap, BiomassCap - w/ CCS, BiomassCap - w/o CCS, CoalCap, CoalCap - w/ CCS, CoalCap - w/o CCS, GasCap, GasCap - w/ CCS, GasCap - w/o CCS, HydroCap, NuclearCap, OilCap, OilCap - w/ CCS, OilCap - w/o CCS",220,0,100.0,220,100.0,220,100.0,152,69.09,220,100.0,9,"efficiency_decimal,lifetime_years,capital_cost_usd_per_mw,om_cost_usd_per_mw_per_yr,fuel_price,scenario_price",0,14,0.0,207,2025,2030,target,BRA
GEMINI-E3 7.0,PR_Baseline,660,14,"BiomassCap, BiomassCap - w/ CCS, BiomassCap - w/o CCS, CoalCap, CoalCap - w/ CCS, CoalCap - w/o CCS, GasCap, GasCap - w/ CCS, GasCap - w/o CCS, HydroCap, NuclearCap, OilCap, OilCap - w/ CCS, OilCap - w/o CCS",660,0,100.0,660,100.0,660,100.0,456,69.09,660,100.0,9,"efficiency_decimal,lifetime_years,capital_cost_usd_per_mw,om_cost_usd_per_mw_per_yr,fuel_price,scenario_price",0,14,0.0,207,2025,2050,target,BRA
GEMINI-E3 7.0,PR_CP_Intensity,660,14,"BiomassCap, BiomassCap - w/ CCS, BiomassCap - w/o CCS, CoalCap, CoalCap - w/ CCS, CoalCap - w/o CCS, GasCap, GasCap - w/ CCS, GasCap - w/o CCS, HydroCap, NuclearCap, OilCap, OilCap - w/ CCS, OilCap - w/o CCS",660,0,100.0,660,100.0,660,100.0,456,69.09,660,100.0,9,"efficiency_decimal,lifetime_years,capital_cost_usd_per_mw,om_cost_usd_per_mw_per_yr,fuel_price,scenario_price",0,14,0.0,207,2025,2050,target,BRA
GEMINI-E3 7.0,PR_CP_Price,660,14,"BiomassCap, BiomassCap - w/ CCS, BiomassCap - w/o CCS, CoalCap, CoalCap - w/ CCS, CoalCap - w/o CCS, GasCap, GasCap - w/ CCS, GasCap - w/o CCS, HydroCap, NuclearCap, OilCap, OilCap - w/ CCS, OilCap - w/o CCS",660,0,100.0,660,100.0,660,100.0,456,69.09,660,100.0,9,"efficiency_decimal,lifetime_years,capital_cost_usd_per_mw,om_cost_usd_per_mw_per_yr,fuel_price,scenario_price",0,14,0.0,207,2025,2050,target,BRA
GEMINI-E3 7.0,PR_CP_PriceOnly,660,14,"BiomassCap, BiomassCap - w/ CCS, BiomassCap - w/o CCS, CoalCap, CoalCap - w/ CCS, CoalCap - w/o CCS, GasCap, GasCap - w/ CCS, GasCap - w/o CCS, HydroCap, NuclearCap, OilCap, OilCap - w/ CCS, OilCap - w/o CCS",660,0,100.0,660,100.0,660,100.0,456,69.09,660,100.0,9,"efficiency_decimal,lifetime_years,capital_cost_usd_per_mw,om_cost_usd_per_mw_per_yr,fuel_price,scenario_price",0,14,0.0,207,2025,2050,target,BRA
GEMINI-E3 7.0,PR_CurPol_EI,660,14,"BiomassCap, BiomassCap - w/ CCS, BiomassCap - w/o CCS, CoalCap, CoalCap - w/ CCS, CoalCap - w/o CCS, GasCap, GasCap - w/ CCS, GasCap - w/o CCS, HydroCap, NuclearCap, OilCap, OilCap - w/ CCS, OilCap - w/o CCS",660,0,100.0,660,100.0,660,100.0,456,69.09,660,100.0,9,"efficiency_decimal,lifetime_years,capital_cost_usd_per_mw,om_cost_usd_per_mw_per_yr,fuel_price,scenario_price",0,14,0.0,207,2025,2050,target,BRA
GEMINI-E3 7.0,PR_NDC_EI,660,14,"BiomassCap, BiomassCap - w/ CCS, BiomassCap - w/o CCS, CoalCap, CoalCap - w/ CCS, CoalCap - w/o CCS, GasCap, GasCap - w/ CCS, GasCap - w/o CCS, HydroCap, NuclearCap, OilCap, OilCap - w/ CCS, OilCap - w/o CCS",660,0,100.0,660,100.0,660,100.0,456,69.09,660,100.0,9,"efficiency_decimal,lifetime_years,capital_cost_usd_per_mw,om_cost_usd_per_mw_per_yr,fuel_price,scenario_price",0,14,0.0,207,2025,2050,target,BRA
GEMINI-E3 7.0,PR_NDC_Intensity,660,14,"BiomassCap, BiomassCap - w/ CCS, BiomassCap - w/o CCS, CoalCap, CoalCap - w/ CCS, CoalCap - w/o CCS, GasCap, GasCap - w/ CCS, GasCap - w/o CCS, HydroCap, NuclearCap, OilCap, OilCap - w/ CCS, OilCap - w/o CCS",660,0,100.0,660,100.0,660,100.0,456,69.09,660,100.0,9,"efficiency_decimal,lifetime_years,capital_cost_usd_per_mw,om_cost_usd_per_mw_per_yr,fuel_price,scenario_price",0,14,0.0,207,2025,2050,target,BRA
GEMINI-E3 7.0,PR_NDC_Price,660,14,"BiomassCap, BiomassCap - w/ CCS, BiomassCap - w/o CCS, CoalCap, CoalCap - w/ CCS, CoalCap - w/o CCS, GasCap, GasCap - w/ CCS, GasCap - w/o CCS, HydroCap, NuclearCap, OilCap, OilCap - w/ CCS, OilCap - w/o CCS",660,0,100.0,660,100.0,660,100.0,456,69.09,660,100.0,9,"efficiency_decimal,lifetime_years,capital_cost_usd_per_mw,om_cost_usd_per_mw_per_yr,fuel_price,scenario_price",0,14,0.0,207,2025,2050,target,BRA
GEMINI-E3 7.0,R,220,14,"BiomassCap, BiomassCap - w/ CCS, BiomassCap - w/o CCS, CoalCap, CoalCap - w/ CCS, CoalCap - w/o CCS, GasCap, GasCap - w/ CCS, GasCap - w/o CCS, HydroCap, NuclearCap, OilCap, OilCap - w/ CCS, OilCap - w/o CCS",220,0,100.0,220,100.0,220,100.0,152,69.09,220,100.0,9,"efficiency_decimal,lifetime_years,capital_cost_usd_per_mw,om_cost_usd_per_mw_per_yr,fuel_price,scenario_price",0,14,0.0,207,2025,2030,target,BRA
GEMINI-E3 7.0,SH,220,14,"BiomassCap, BiomassCap - w/ CCS, BiomassCap - w/o CCS, CoalCap, CoalCap - w/ CCS, CoalCap - w/o CCS, GasCap, GasCap - w/ CCS, GasCap - w/o CCS, HydroCap, NuclearCap, OilCap, OilCap - w/ CCS, OilCap - w/o CCS",220,0,100.0,220,100.0,220,100.0,152,69.09,220,100.0,9,"efficiency_decimal,lifetime_years,capital_cost_usd_per_mw,om_cost_usd_per_mw_per_yr,fuel_price,scenario_price",0,14,0.0,207,2025,2030,target,BRA
GEMINI-E3 CHE 3.0,10TPC,96,8,"CoalCap, CoalCap - w/ CCS, CoalCap - w/o CCS, GasCap, GasCap - w/ CCS, GasCap - w/o CCS, HydroCap, NuclearCap",96,0,100.0,96,100.0,96,100.0,72,75.0,96,100.0,4,"efficiency_decimal(global),lifetime_years(global),capital_cost_usd_per_mw(global),om_cost_usd_per_mw_per_yr(global),fuel_price(global),scenario_price(global)",0,8,0.0,1,2025,2050,target,CHE
GEMINI-E3 CHE 3.0,10TPC_etsDiff,96,8,"CoalCap, CoalCap - w/ CCS, CoalCap - w/o CCS, GasCap, GasCap - w/ CCS, GasCap - w/o CCS, HydroCap, NuclearCap",96,0,100.0,96,100.0,96,100.0,72,75.0,96,100.0,4,"efficiency_decimal(global),lifetime_years(global),capital_cost_usd_per_mw(global),om_cost_usd_per_mw_per_yr(global),fuel_price(global),scenario_price(global)",0,8,0.0,1,2025,2050,target,CHE
GEMINI-E3 CHE 3.0,10TPC_etsUni,96,8,"CoalCap, CoalCap - w/ CCS, CoalCap - w/o CCS, GasCap, GasCap - w/ CCS, GasCap - w/o CCS, HydroCap, NuclearCap",96,0,100.0,96,100.0,96,100.0,72,75.0,96,100.0,4,"efficiency_decimal(global),lifetime_years(global),capital_cost_usd_per_mw(global),om_cost_usd_per_mw_per_yr(global),fuel_price(global),scenario_price(global)",0,8,0.0,1,2025,2050,target,CHE
GEMINI-E3 CHE 3.0,15TPC,96,8,"CoalCap, CoalCap - w/ CCS, CoalCap - w/o CCS, GasCap, GasCap - w/ CCS, GasCap - w/o CCS, HydroCap, NuclearCap",96,0,100.0,96,100.0,96,100.0,72,75.0,96,100.0,4,"efficiency_decimal(global),lifetime_years(global),capital_cost_usd_per_mw(global),om_cost_usd_per_mw_per_yr(global),fuel_price(global),scenario_price(global)",0,8,0.0,1,2025,2050,target,CHE
GEMINI-E3 CHE 3.0,15TPC_etsDiff,96,8,"CoalCap, CoalCap - w/ CCS, CoalCap - w/o CCS, GasCap, GasCap - w/ CCS, GasCap - w/o CCS, HydroCap, NuclearCap",96,0,100.0,96,100.0,96,100.0,72,75.0,96,100.0,4,"efficiency_decimal(global),lifetime_years(global),capital_cost_usd_per_mw(global),om_cost_usd_per_mw_per_yr(global),fuel_price(global),scenario_price(global)",0,8,0.0,1,2025,2050,target,CHE
GEMINI-E3 CHE 3.0,15TPC_etsUni,96,8,"CoalCap, CoalCap - w/ CCS, CoalCap - w/o CCS, GasCap, GasCap - w/ CCS, GasCap - w/o CCS, HydroCap, NuclearCap",96,0,100.0,96,100.0,96,100.0,72,75.0,96,100.0,4,"efficiency_decimal(global),lifetime_years(global),capital_cost_usd_per_mw(global),om_cost_usd_per_mw_per_yr(global),fuel_price(global),scenario_price(global)",0,8,0.0,1,2025,2050,target,CHE
GEMINI-E3 CHE 3.0,BAU,96,8,"CoalCap, CoalCap - w/ CCS, CoalCap - w/o CCS, GasCap, GasCap - w/ CCS, GasCap - w/o CCS, HydroCap, NuclearCap",96,0,100.0,96,100.0,96,100.0,72,75.0,96,100.0,4,"efficiency_decimal(global),lifetime_years(global),capital_cost_usd_per_mw(global),om_cost_usd_per_mw_per_yr(global),fuel_price(global),scenario_price(global)",0,8,0.0,1,2025,2050,target,CHE
GEMINI-E3+CHE+3.0,15TPC,96,8,"CoalCap, CoalCap - w/ CCS, CoalCap - w/o CCS, GasCap, GasCap - w/ CCS, GasCap - w/o CCS, HydroCap, NuclearCap",96,0,100.0,96,100.0,96,100.0,72,75.0,96,100.0,4,"efficiency_decimal(global),lifetime_years(global),capital_cost_usd_per_mw(global),om_cost_usd_per_mw_per_yr(global),fuel_price(global),scenario_price(global)",0,8,0.0,1,2025,2050,target,CHE
GEMINI-E3+CHE+3.0,15TPC_etsDiff,96,8,"CoalCap, CoalCap - w/ CCS, CoalCap - w/o CCS, GasCap, GasCap - w/ CCS, GasCap - w/o CCS, HydroCap, NuclearCap",96,0,100.0,96,100.0,96,100.0,72,75.0,96,100.0,4,"efficiency_decimal(global),lifetime_years(global),capital_cost_usd_per_mw(global),om_cost_usd_per_mw_per_yr(global),fuel_price(global),scenario_price(global)",0,8,0.0,1,2025,2050,target,CHE
GEMINI-E3+CHE+3.0,15TPC_etsUni,96,8,"CoalCap, CoalCap - w/ CCS, CoalCap - w/o CCS, GasCap, GasCap - w/ CCS, GasCap - w/o CCS, HydroCap, NuclearCap",96,0,100.0,96,100.0,96,100.0,72,75.0,96,100.0,4,"efficiency_decimal(global),lifetime_years(global),capital_cost_usd_per_mw(global),om_cost_usd_per_mw_per_yr(global),fuel_price(global),scenario_price(global)",0,8,0.0,1,2025,2050,target,CHE
GEMINI-E3+CHE+3.0,BAU,96,8,"CoalCap, CoalCap - w/ CCS, CoalCap - w/o CCS, GasCap, GasCap - w/ CCS, GasCap - w/o CCS, HydroCap, NuclearCap",96,0,100.0,96,100.0,96,100.0,72,75.0,96,100.0,4,"efficiency_decimal(global),lifetime_years(global),capital_cost_usd_per_mw(global),om_cost_usd_per_mw_per_yr(global),fuel_price(global),scenario_price(global)",0,8,0.0,1,2025,2050,target,CHE
GENeSYS-MOD 2.9,Directed Transition 1.0,1937,15,"BiomassCap, BiomassCap - w/ CCS, BiomassCap - w/o CCS, CoalCap, CoalCap - w/o CCS, GasCap, GasCap - w/ CCS, GasCap - w/o CCS, GeothermalCap, HydroCap, NuclearCap, OilCap, OilCap - w/o CCS, WindCap - Offshore, WindCap - Onshore",1937,0,100.0,1937,100.0,1937,100.0,1365,70.47,1937,100.0,6,"efficiency_decimal(global),lifetime_years(global),capital_cost_usd_per_mw(global),om_cost_usd_per_mw_per_yr(global),fuel_price(global),scenario_price(global)",13,15,86.67,38,2025,2050,target,AUT
GENeSYS-MOD 2.9,Gradual Development 1.0,1869,13,"BiomassCap, BiomassCap - w/o CCS, CoalCap, CoalCap - w/o CCS, GasCap, GasCap - w/o CCS, GeothermalCap, HydroCap, NuclearCap, OilCap, OilCap - w/o CCS, WindCap - Offshore, WindCap - Onshore",1869,0,100.0,1869,100.0,1869,100.0,1302,69.66,1869,100.0,6,"efficiency_decimal(global),lifetime_years(global),capital_cost_usd_per_mw(global),om_cost_usd_per_mw_per_yr(global),fuel_price(global),scenario_price(global)",13,13,100.0,38,2025,2050,target,AUT
GENeSYS-MOD 2.9,Societal Commitment 1.0,1797,13,"BiomassCap, BiomassCap - w/o CCS, CoalCap, CoalCap - w/o CCS, GasCap, GasCap - w/o CCS, GeothermalCap, HydroCap, NuclearCap, OilCap, OilCap - w/o CCS, WindCap - Offshore, WindCap - Onshore",1797,0,100.0,1797,100.0,1797,100.0,1246,69.34,1797,100.0,6,"efficiency_decimal(global),lifetime_years(global),capital_cost_usd_per_mw(global),om_cost_usd_per_mw_per_yr(global),fuel_price(global),scenario_price(global)",13,13,100.0,38,2025,2050,target,AUT
GENeSYS-MOD 2.9,Techno-Friendly 1.0,1875,15,"BiomassCap, BiomassCap - w/ CCS, BiomassCap - w/o CCS, CoalCap, CoalCap - w/o CCS, GasCap, GasCap - w/ CCS, GasCap - w/o CCS, GeothermalCap, HydroCap, NuclearCap, OilCap, OilCap - w/o CCS, WindCap - Offshore, WindCap - Onshore",1875,0,100.0,1875,100.0,1875,100.0,1310,69.87,1875,100.0,6,"efficiency_decimal(global),lifetime_years(global),capital_cost_usd_per_mw(global),om_cost_usd_per_mw_per_yr(global),fuel_price(global),scenario_price(global)",13,15,86.67,38,2025,2050,target,AUT
GENeSYS-MOD-CHN 2.3,Ambitious 1.0,152,14,"BiomassCap, BiomassCap - w/o CCS, CoalCap, CoalCap - w/ CCS, CoalCap - w/o CCS, GasCap, GasCap - w/o CCS, GeothermalCap, HydroCap, NuclearCap, OilCap, OilCap - w/o CCS, WindCap - Offshore, WindCap - Onshore",152,0,100.0,152,100.0,152,100.0,96,63.16,152,100.0,4,"efficiency_decimal,lifetime_years,capital_cost_usd_per_mw,om_cost_usd_per_mw_per_yr,fuel_price,scenario_price",8,14,57.14,1,2025,2050,target,CHN
GENeSYS-MOD-CHN 2.3,Limited Effort 1.0,114,12,"BiomassCap, BiomassCap - w/o CCS, CoalCap, CoalCap - w/o CCS, GasCap, GasCap - w/o CCS, GeothermalCap, HydroCap, NuclearCap, OilCap, OilCap - w/o CCS, WindCap - Onshore",114,0,100.0,114,100.0,114,100.0,76,66.67,114,100.0,3,"efficiency_decimal,lifetime_years,capital_cost_usd_per_mw,om_cost_usd_per_mw_per_yr,fuel_price,scenario_price",5,12,41.67,1,2025,2050,target,CHN
GENeSYS-MOD-CHN 2.3,Paris Agreement 1.0,132,13,"BiomassCap, BiomassCap - w/o CCS, CoalCap, CoalCap - w/o CCS, GasCap, GasCap - w/o CCS, GeothermalCap, HydroCap, NuclearCap, OilCap, OilCap - w/o CCS, WindCap - Offshore, WindCap - Onshore",132,0,100.0,132,100.0,132,100.0,84,63.64,132,100.0,4,"efficiency_decimal,lifetime_years,capital_cost_usd_per_mw,om_cost_usd_per_mw_per_yr,fuel_price,scenario_price",8,13,61.54,1,2025,2050,target,CHN
GENeSYS-MOD-MEX 2.1,100% Renewable 1.0,132,12,"BiomassCap, BiomassCap - w/o CCS, CoalCap, CoalCap - w/o CCS, GasCap, GasCap - w/o CCS, GeothermalCap, HydroCap, NuclearCap, OilCap, OilCap - w/o CCS, WindCap - Onshore",132,0,100.0,132,100.0,132,100.0,84,63.64,132,100.0,6,"efficiency_decimal(global),lifetime_years(global),capital_cost_usd_per_mw(global),om_cost_usd_per_mw_per_yr(global),fuel_price(global),scenario_price(global)",8,12,66.67,1,2025,2050,target,MEX
GENeSYS-MOD-MEX 2.1,BAU 1.0,144,12,"BiomassCap, BiomassCap - w/o CCS, CoalCap, CoalCap - w/o CCS, GasCap, GasCap - w/o CCS, GeothermalCap, HydroCap, NuclearCap, OilCap, OilCap - w/o CCS, WindCap - Onshore",144,0,100.0,144,100.0,144,100.0,96,66.67,144,100.0,6,"efficiency_decimal(global),lifetime_years(global),capital_cost_usd_per_mw(global),om_cost_usd_per_mw_per_yr(global),fuel_price(global),scenario_price(global)",10,12,83.33,1,2025,2050,target,MEX
GENeSYS-MOD-MEX 2.1,Climate Goals 1.0,144,12,"BiomassCap, BiomassCap - w/o CCS, CoalCap, CoalCap - w/o CCS, GasCap, GasCap - w/o CCS, GeothermalCap, HydroCap, NuclearCap, OilCap, OilCap - w/o CCS, WindCap - Onshore",144,0,100.0,144,100.0,144,100.0,96,66.67,144,100.0,6,"efficiency_decimal(global),lifetime_years(global),capital_cost_usd_per_mw(global),om_cost_usd_per_mw_per_yr(global),fuel_price(global),scenario_price(global)",10,12,83.33,1,2025,2050,target,MEX
GENeSYS-MOD-MEX 2.1,National Targets 1.0,144,12,"BiomassCap, BiomassCap - w/o CCS, CoalCap, CoalCap - w/o CCS, GasCap, GasCap - w/o CCS, GeothermalCap, HydroCap, NuclearCap, OilCap, OilCap - w/o CCS, WindCap - Onshore",144,0,100.0,144,100.0,144,100.0,96,66.67,144,100.0,6,"efficiency_decimal(global),lifetime_years(global),capital_cost_usd_per_mw(global),om_cost_usd_per_mw_per_yr(global),fuel_price(global),scenario_price(global)",10,12,83.33,1,2025,2050,target,MEX
GMM-17,Hard_Rock,510,17,"BiomassCap, BiomassCap - w/ CCS, BiomassCap - w/o CCS, CoalCap, CoalCap - w/ CCS, CoalCap - w/o CCS, GasCap, GasCap - w/ CCS, GasCap - w/o CCS, GeothermalCap, HydroCap, NuclearCap, OilCap, OilCap - w/ CCS, OilCap - w/o CCS, WindCap - Offshore, WindCap - Onshore",510,0,100.0,510,100.0,510,100.0,360,70.59,510,100.0,9,"efficiency_decimal,lifetime_years,capital_cost_usd_per_mw,om_cost_usd_per_mw_per_yr,fuel_price,scenario_price",13,17,76.47,206,2030,2050,target,R10AFRICA
GMM-17,Modern_Jazz,510,17,"BiomassCap, BiomassCap - w/ CCS, BiomassCap - w/o CCS, CoalCap, CoalCap - w/ CCS, CoalCap - w/o CCS, GasCap, GasCap - w/ CCS, GasCap - w/o CCS, GeothermalCap, HydroCap, NuclearCap, OilCap, OilCap - w/ CCS, OilCap - w/o CCS, WindCap - Offshore, WindCap - Onshore",510,0,100.0,510,100.0,510,100.0,360,70.59,510,100.0,9,"efficiency_decimal,lifetime_years,capital_cost_usd_per_mw,om_cost_usd_per_mw_per_yr,fuel_price,scenario_price",15,17,88.24,206,2030,2050,target,R10AFRICA
GMM-17,Symphony_1.5C,450,15,"BiomassCap, BiomassCap - w/ CCS, BiomassCap - w/o CCS, CoalCap, CoalCap - w/ CCS, CoalCap - w/o CCS, GasCap, GasCap - w/ CCS, GasCap - w/o CCS, GeothermalCap, HydroCap, NuclearCap, OilCap, OilCap - w/ CCS, OilCap - w/o CCS",450,0,100.0,450,100.0,450,100.0,360,80.0,450,100.0,7,"efficiency_decimal,lifetime_years,capital_cost_usd_per_mw,om_cost_usd_per_mw_per_yr,fuel_price,scenario_price",14,15,93.33,206,2030,2050,target,R10AFRICA
GMM-17,Unfinished_Symphony,510,17,"BiomassCap, BiomassCap - w/ CCS, BiomassCap - w/o CCS, CoalCap, CoalCap - w/ CCS, CoalCap - w/o CCS, GasCap, GasCap - w/ CCS, GasCap - w/o CCS, GeothermalCap, HydroCap, NuclearCap, OilCap, OilCap - w/ CCS, OilCap - w/o CCS, WindCap - Offshore, WindCap - Onshore",510,0,100.0,510,100.0,510,100.0,360,70.59,510,100.0,9,"efficiency_decimal,lifetime_years,capital_cost_usd_per_mw,om_cost_usd_per_mw_per_yr,fuel_price,scenario_price",16,17,94.12,206,2030,2050,target,R10AFRICA
ICES-XPS 1.0,CSH,200,2,"HydroCap, NuclearCap",200,0,100.0,200,100.0,200,100.0,0,0.0,200,100.0,3,"lifetime_years(global),capital_cost_usd_per_mw(global),om_cost_usd_per_mw_per_yr(global),scenario_price(global)",0,2,0.0,210,2025,2030,target,ARG
ICES-XPS 1.0,PCSH,200,2,"HydroCap, NuclearCap",200,0,100.0,200,100.0,200,100.0,0,0.0,200,100.0,3,"lifetime_years(global),capital_cost_usd_per_mw(global),om_cost_usd_per_mw_per_yr(global),scenario_price(global)",0,2,0.0,210,2025,2030,target,ARG
ICES-XPS 1.0,PR_Baseline,600,2,"HydroCap, NuclearCap",600,0,100.0,600,100.0,600,100.0,0,0.0,600,100.0,3,"lifetime_years(global),capital_cost_usd_per_mw(global),om_cost_usd_per_mw_per_yr(global),scenario_price(global)",0,2,0.0,210,2025,2050,target,ARG
ICES-XPS 1.0,PR_CP_Intensity,600,2,"HydroCap, NuclearCap",600,0,100.0,600,100.0,600,100.0,0,0.0,600,100.0,3,"lifetime_years(global),capital_cost_usd_per_mw(global),om_cost_usd_per_mw_per_yr(global),scenario_price(global)",0,2,0.0,210,2025,2050,target,ARG
ICES-XPS 1.0,PR_CP_Price,600,2,"HydroCap, NuclearCap",600,0,100.0,600,100.0,600,100.0,0,0.0,600,100.0,3,"lifetime_years(global),capital_cost_usd_per_mw(global),om_cost_usd_per_mw_per_yr(global),scenario_price(global)",0,2,0.0,210,2025,2050,target,ARG
ICES-XPS 1.0,PR_CP_PriceOnly,600,2,"HydroCap, NuclearCap",600,0,100.0,600,100.0,600,100.0,0,0.0,600,100.0,3,"lifetime_years(global),capital_cost_usd_per_mw(global),om_cost_usd_per_mw_per_yr(global),scenario_price(global)",0,2,0.0,210,2025,2050,target,ARG
ICES-XPS 1.0,PR_CurPol_EI,600,2,"HydroCap, NuclearCap",600,0,100.0,600,100.0,600,100.0,0,0.0,600,100.0,3,"lifetime_years(global),capital_cost_usd_per_mw(global),om_cost_usd_per_mw_per_yr(global),scenario_price(global)",0,2,0.0,210,2025,2050,target,ARG
ICES-XPS 1.0,PR_NDC_EI,600,2,"HydroCap, NuclearCap",600,0,100.0,600,100.0,600,100.0,0,0.0,600,100.0,3,"lifetime_years(global),capital_cost_usd_per_mw(global),om_cost_usd_per_mw_per_yr(global),scenario_price(global)",0,2,0.0,210,2025,2050,target,ARG
ICES-XPS 1.0,PR_NDC_Intensity,600,2,"HydroCap, NuclearCap",600,0,100.0,600,100.0,600,100.0,0,0.0,600,100.0,3,"lifetime_years(global),capital_cost_usd_per_mw(global),om_cost_usd_per_mw_per_yr(global),scenario_price(global)",0,2,0.0,210,2025,2050,target,ARG
ICES-XPS 1.0,PR_NDC_Price,600,2,"HydroCap, NuclearCap",600,0,100.0,600,100.0,600,100.0,0,0.0,600,100.0,3,"lifetime_years(global),capital_cost_usd_per_mw(global),om_cost_usd_per_mw_per_yr(global),scenario_price(global)",0,2,0.0,210,2025,2050,target,ARG
ICES-XPS 1.0,PR_NDC_PriceOnly,600,2,"HydroCap, NuclearCap",600,0,100.0,600,100.0,600,100.0,0,0.0,600,100.0,3,"lifetime_years(global),capital_cost_usd_per_mw(global),om_cost_usd_per_mw_per_yr(global),scenario_price(global)",0,2,0.0,210,2025,2050,target,ARG
ICES-XPS 1.0,R,200,2,"HydroCap, NuclearCap",200,0,100.0,200,100.0,200,100.0,0,0.0,200,100.0,3,"lifetime_years(global),capital_cost_usd_per_mw(global),om_cost_usd_per_mw_per_yr(global),scenario_price(global)",0,2,0.0,210,2025,2030,target,ARG
ICES-XPS 1.0,SH,200,2,"HydroCap, NuclearCap",200,0,100.0,200,100.0,200,100.0,0,0.0,200,100.0,3,"lifetime_years(global),capital_cost_usd_per_mw(global),om_cost_usd_per_mw_per_yr(global),scenario_price(global)",0,2,0.0,210,2025,2030,target,ARG
IEEJ-Japan 2.0,EMF35JMIP_16by30+80by50_Def,156,13,"BiomassCap, BiomassCap - w/ CCS, BiomassCap - w/o CCS, CoalCap, CoalCap - w/ CCS, CoalCap - w/o CCS, GasCap, GasCap - w/ CCS, GasCap - w/o CCS, GeothermalCap, HydroCap, NuclearCap, OilCap",156,0,100.0,156,100.0,156,100.0,120,76.92,156,100.0,6,"efficiency_decimal,lifetime_years,capital_cost_usd_per_mw,om_cost_usd_per_mw_per_yr,fuel_price,scenario_price(global)",0,13,0.0,1,2025,2050,target,JPN
IEEJ-Japan 2.0,EMF35JMIP_26by30+70by50_Def,156,13,"BiomassCap, BiomassCap - w/ CCS, BiomassCap - w/o CCS, CoalCap, CoalCap - w/ CCS, CoalCap - w/o CCS, GasCap, GasCap - w/ CCS, GasCap - w/o CCS, GeothermalCap, HydroCap, NuclearCap, OilCap",156,0,100.0,156,100.0,156,100.0,120,76.92,156,100.0,6,"efficiency_decimal,lifetime_years,capital_cost_usd_per_mw,om_cost_usd_per_mw_per_yr,fuel_price,scenario_price(global)",0,13,0.0,1,2025,2050,target,JPN
IEEJ-Japan 2.0,EMF35JMIP_26by30+80by50_Def,156,13,"BiomassCap, BiomassCap - w/ CCS, BiomassCap - w/o CCS, CoalCap, CoalCap - w/ CCS, CoalCap - w/o CCS, GasCap, GasCap - w/ CCS, GasCap - w/o CCS, GeothermalCap, HydroCap, NuclearCap, OilCap",156,0,100.0,156,100.0,156,100.0,120,76.92,156,100.0,6,"efficiency_decimal,lifetime_years,capital_cost_usd_per_mw,om_cost_usd_per_mw_per_yr,fuel_price,scenario_price(global)",0,13,0.0,1,2025,2050,target,JPN
IEEJ-Japan 2.0,EMF35JMIP_26by30+80by50_HiImportCost,156,13,"BiomassCap, BiomassCap - w/ CCS, BiomassCap - w/o CCS, CoalCap, CoalCap - w/ CCS, CoalCap - w/o CCS, GasCap, GasCap - w/ CCS, GasCap - w/o CCS, GeothermalCap, HydroCap, NuclearCap, OilCap",156,0,100.0,156,100.0,156,100.0,120,76.92,156,100.0,6,"efficiency_decimal,lifetime_years,capital_cost_usd_per_mw,om_cost_usd_per_mw_per_yr,fuel_price,scenario_price(global)",0,13,0.0,1,2025,2050,target,JPN
IEEJ-Japan 2.0,EMF35JMIP_26by30+80by50_HiVREcost,156,13,"BiomassCap, BiomassCap - w/ CCS, BiomassCap - w/o CCS, CoalCap, CoalCap - w/ CCS, CoalCap - w/o CCS, GasCap, GasCap - w/ CCS, GasCap - w/o CCS, GeothermalCap, HydroCap, NuclearCap, OilCap",156,0,100.0,156,100.0,156,100.0,120,76.92,156,100.0,6,"efficiency_decimal,lifetime_years,capital_cost_usd_per_mw,om_cost_usd_per_mw_per_yr,fuel_price,scenario_price(global)",0,13,0.0,1,2025,2050,target,JPN
IEEJ-Japan 2.0,EMF35JMIP_26by30+80by50_HiVREpot,156,13,"BiomassCap, BiomassCap - w/ CCS, BiomassCap - w/o CCS, CoalCap, CoalCap - w/ CCS, CoalCap - w/o CCS, GasCap, GasCap - w/ CCS, GasCap - w/o CCS, GeothermalCap, HydroCap, NuclearCap, OilCap",156,0,100.0,156,100.0,156,100.0,120,76.92,156,100.0,6,"efficiency_decimal,lifetime_years,capital_cost_usd_per_mw,om_cost_usd_per_mw_per_yr,fuel_price,scenario_price(global)",0,13,0.0,1,2025,2050,target,JPN
IEEJ-Japan 2.0,EMF35JMIP_26by30+80by50_HighInt,156,13,"BiomassCap, BiomassCap - w/ CCS, BiomassCap - w/o CCS, CoalCap, CoalCap - w/ CCS, CoalCap - w/o CCS, GasCap, GasCap - w/ CCS, GasCap - w/o CCS, GeothermalCap, HydroCap, NuclearCap, OilCap",156,0,100.0,156,100.0,156,100.0,120,76.92,156,100.0,6,"efficiency_decimal,lifetime_years,capital_cost_usd_per_mw,om_cost_usd_per_mw_per_yr,fuel_price,scenario_price(global)",0,13,0.0,1,2025,2050,target,JPN
IEEJ-Japan 2.0,EMF35JMIP_26by30+80by50_LimNuc,156,13,"BiomassCap, BiomassCap - w/ CCS, BiomassCap - w/o CCS, CoalCap, CoalCap - w/ CCS, CoalCap - w/o CCS, GasCap, GasCap - w/ CCS, GasCap - w/o CCS, GeothermalCap, HydroCap, NuclearCap, OilCap",156,0,100.0,156,100.0,156,100.0,120,76.92,156,100.0,6,"efficiency_decimal,lifetime_years,capital_cost_usd_per_mw,om_cost_usd_per_mw_per_yr,fuel_price,scenario_price(global)",0,13,0.0,1,2025,2050,target,JPN
IEEJ-Japan 2.0,EMF35JMIP_26by30+80by50_LoDem,156,13,"BiomassCap, BiomassCap - w/ CCS, BiomassCap - w/o CCS, CoalCap, CoalCap - w/ CCS, CoalCap - w/o CCS, GasCap, GasCap - w/ CCS, GasCap - w/o CCS, GeothermalCap, HydroCap, NuclearCap, OilCap",156,0,100.0,156,100.0,156,100.0,120,76.92,156,100.0,6,"efficiency_decimal,lifetime_years,capital_cost_usd_per_mw,om_cost_usd_per_mw_per_yr,fuel_price,scenario_price(global)",0,13,0.0,1,2025,2050,target,JPN
IEEJ-Japan 2.0,EMF35JMIP_26by30+80by50_LoDemBld,156,13,"BiomassCap, BiomassCap - w/ CCS, BiomassCap - w/o CCS, CoalCap, CoalCap - w/ CCS, CoalCap - w/o CCS, GasCap, GasCap - w/ CCS, GasCap - w/o CCS, GeothermalCap, HydroCap, NuclearCap, OilCap",156,0,100.0,156,100.0,156,100.0,120,76.92,156,100.0,6,"efficiency_decimal,lifetime_years,capital_cost_usd_per_mw,om_cost_usd_per_mw_per_yr,fuel_price,scenario_price(global)",0,13,0.0,1,2025,2050,target,JPN
IEEJ-Japan 2.0,EMF35JMIP_26by30+80by50_LoDemInd,156,13,"BiomassCap, BiomassCap - w/ CCS, BiomassCap - w/o CCS, CoalCap, CoalCap - w/ CCS, CoalCap - w/o CCS, GasCap, GasCap - w/ CCS, GasCap - w/o CCS, GeothermalCap, HydroCap, NuclearCap, OilCap",156,0,100.0,156,100.0,156,100.0,120,76.92,156,100.0,6,"efficiency_decimal,lifetime_years,capital_cost_usd_per_mw,om_cost_usd_per_mw_per_yr,fuel_price,scenario_price(global)",0,13,0.0,1,2025,2050,target,JPN
IEEJ-Japan 2.0,EMF35JMIP_26by30+80by50_LoDemTra,156,13,"BiomassCap, BiomassCap - w/ CCS, BiomassCap - w/o CCS, CoalCap, CoalCap - w/ CCS, CoalCap - w/o CCS, GasCap, GasCap - w/ CCS, GasCap - w/o CCS, GeothermalCap, HydroCap, NuclearCap, OilCap",156,0,100.0,156,100.0,156,100.0,120,76.92,156,100.0,6,"efficiency_decimal,lifetime_years,capital_cost_usd_per_mw,om_cost_usd_per_mw_per_yr,fuel_price,scenario_price(global)",0,13,0.0,1,2025,2050,target,JPN
IEEJ-Japan 2.0,EMF35JMIP_26by30+80by50_LoInt,156,13,"BiomassCap, BiomassCap - w/ CCS, BiomassCap - w/o CCS, CoalCap, CoalCap - w/ CCS, CoalCap - w/o CCS, GasCap, GasCap - w/ CCS, GasCap - w/o CCS, GeothermalCap, HydroCap, NuclearCap, OilCap",156,0,100.0,156,100.0,156,100.0,120,76.92,156,100.0,6,"efficiency_decimal,lifetime_years,capital_cost_usd_per_mw,om_cost_usd_per_mw_per_yr,fuel_price,scenario_price(global)",0,13,0.0,1,2025,2050,target,JPN
IEEJ-Japan 2.0,EMF35JMIP_26by30+80by50_LoStorageCost,156,13,"BiomassCap, BiomassCap - w/ CCS, BiomassCap - w/o CCS, CoalCap, CoalCap - w/ CCS, CoalCap - w/o CCS, GasCap, GasCap - w/ CCS, GasCap - w/o CCS, GeothermalCap, HydroCap, NuclearCap, OilCap",156,0,100.0,156,100.0,156,100.0,120,76.92,156,100.0,6,"efficiency_decimal,lifetime_years,capital_cost_usd_per_mw,om_cost_usd_per_mw_per_yr,fuel_price,scenario_price(global)",0,13,0.0,1,2025,2050,target,JPN
IEEJ-Japan 2.0,EMF35JMIP_26by30+80by50_LoVREcost,156,13,"BiomassCap, BiomassCap - w/ CCS, BiomassCap - w/o CCS, CoalCap, CoalCap - w/ CCS, CoalCap - w/o CCS, GasCap, GasCap - w/ CCS, GasCap - w/o CCS, GeothermalCap, HydroCap, NuclearCap, OilCap",156,0,100.0,156,100.0,156,100.0,120,76.92,156,100.0,6,"efficiency_decimal,lifetime_years,capital_cost_usd_per_mw,om_cost_usd_per_mw_per_yr,fuel_price,scenario_price(global)",0,13,0.0,1,2025,2050,target,JPN
IEEJ-Japan 2.0,EMF35JMIP_26by30+80by50_LoVREpot,156,13,"BiomassCap, BiomassCap - w/ CCS, BiomassCap - w/o CCS, CoalCap, CoalCap - w/ CCS, CoalCap - w/o CCS, GasCap, GasCap - w/ CCS, GasCap - w/o CCS, GeothermalCap, HydroCap, NuclearCap, OilCap",156,0,100.0,156,100.0,156,100.0,120,76.92,156,100.0,6,"efficiency_decimal,lifetime_years,capital_cost_usd_per_mw,om_cost_usd_per_mw_per_yr,fuel_price,scenario_price(global)",0,13,0.0,1,2025,2050,target,JPN
IEEJ-Japan 2.0,EMF35JMIP_26by30+80by50_NoCCS,156,13,"BiomassCap, BiomassCap - w/ CCS, BiomassCap - w/o CCS, CoalCap, CoalCap - w/ CCS, CoalCap - w/o CCS, GasCap, GasCap - w/ CCS, GasCap - w/o CCS, GeothermalCap, HydroCap, NuclearCap, OilCap",156,0,100.0,156,100.0,156,100.0,120,76.92,156,100.0,6,"efficiency_decimal,lifetime_years,capital_cost_usd_per_mw,om_cost_usd_per_mw_per_yr,fuel_price,scenario_price(global)",0,13,0.0,1,2025,2050,target,JPN
IEEJ-Japan 2.0,EMF35JMIP_26by30+80by50_NoNuc,156,13,"BiomassCap, BiomassCap - w/ CCS, BiomassCap - w/o CCS, CoalCap, CoalCap - w/ CCS, CoalCap - w/o CCS, GasCap, GasCap - w/ CCS, GasCap - w/o CCS, GeothermalCap, HydroCap, NuclearCap, OilCap",156,0,100.0,156,100.0,156,100.0,120,76.92,156,100.0,6,"efficiency_decimal,lifetime_years,capital_cost_usd_per_mw,om_cost_usd_per_mw_per_yr,fuel_price,scenario_price(global)",0,13,0.0,1,2025,2050,target,JPN
IEEJ-Japan 2.0,EMF35JMIP_36by30+80by50_Def,156,13,"BiomassCap, BiomassCap - w/ CCS, BiomassCap - w/o CCS, CoalCap, CoalCap - w/ CCS, CoalCap - w/o CCS, GasCap, GasCap - w/ CCS, GasCap - w/o CCS, GeothermalCap, HydroCap, NuclearCap, OilCap",156,0,100.0,156,100.0,156,100.0,120,76.92,156,100.0,6,"efficiency_decimal,lifetime_years,capital_cost_usd_per_mw,om_cost_usd_per_mw_per_yr,fuel_price,scenario_price(global)",0,13,0.0,1,2025,2050,target,JPN
IEEJ-Japan 2.0,EMF35JMIP_Baseline_Def,156,13,"BiomassCap, BiomassCap - w/ CCS, BiomassCap - w/o CCS, CoalCap, CoalCap - w/ CCS, CoalCap - w/o CCS, GasCap, GasCap - w/ CCS, GasCap - w/o CCS, GeothermalCap, HydroCap, NuclearCap, OilCap",156,0,100.0,156,100.0,156,100.0,120,76.92,156,100.0,6,"efficiency_decimal,lifetime_years,capital_cost_usd_per_mw,om_cost_usd_per_mw_per_yr,fuel_price,scenario_price(global)",0,13,0.0,1,2025,2050,target,JPN
IEEJ-Japan 2.0,EMF35JMIP_Baseline_HiImportCost,156,13,"BiomassCap, BiomassCap - w/ CCS, BiomassCap - w/o CCS, CoalCap, CoalCap - w/ CCS, CoalCap - w/o CCS, GasCap, GasCap - w/ CCS, GasCap - w/o CCS, GeothermalCap, HydroCap, NuclearCap, OilCap",156,0,100.0,156,100.0,156,100.0,120,76.92,156,100.0,6,"efficiency_decimal,lifetime_years,capital_cost_usd_per_mw,om_cost_usd_per_mw_per_yr,fuel_price,scenario_price(global)",0,13,0.0,1,2025,2050,target,JPN
IEEJ-Japan 2.0,EMF35JMIP_Baseline_HiVREcost,156,13,"BiomassCap, BiomassCap - w/ CCS, BiomassCap - w/o CCS, CoalCap, CoalCap - w/ CCS, CoalCap - w/o CCS, GasCap, GasCap - w/ CCS, GasCap - w/o CCS, GeothermalCap, HydroCap, NuclearCap, OilCap",156,0,100.0,156,100.0,156,100.0,120,76.92,156,100.0,6,"efficiency_decimal,lifetime_years,capital_cost_usd_per_mw,om_cost_usd_per_mw_per_yr,fuel_price,scenario_price(global)",0,13,0.0,1,2025,2050,target,JPN
IEEJ-Japan 2.0,EMF35JMIP_Baseline_HiVREpot,156,13,"BiomassCap, BiomassCap - w/ CCS, BiomassCap - w/o CCS, CoalCap, CoalCap - w/ CCS, CoalCap - w/o CCS, GasCap, GasCap - w/ CCS, GasCap - w/o CCS, GeothermalCap, HydroCap, NuclearCap, OilCap",156,0,100.0,156,100.0,156,100.0,120,76.92,156,100.0,6,"efficiency_decimal,lifetime_years,capital_cost_usd_per_mw,om_cost_usd_per_mw_per_yr,fuel_price,scenario_price(global)",0,13,0.0,1,2025,2050,target,JPN
IEEJ-Japan 2.0,EMF35JMIP_Baseline_HighInt,156,13,"BiomassCap, BiomassCap - w/ CCS, BiomassCap - w/o CCS, CoalCap, CoalCap - w/ CCS, CoalCap - w/o CCS, GasCap, GasCap - w/ CCS, GasCap - w/o CCS, GeothermalCap, HydroCap, NuclearCap, OilCap",156,0,100.0,156,100.0,156,100.0,120,76.92,156,100.0,6,"efficiency_decimal,lifetime_years,capital_cost_usd_per_mw,om_cost_usd_per_mw_per_yr,fuel_price,scenario_price(global)",0,13,0.0,1,2025,2050,target,JPN
IEEJ-Japan 2.0,EMF35JMIP_Baseline_LimNuc,156,13,"BiomassCap, BiomassCap - w/ CCS, BiomassCap - w/o CCS, CoalCap, CoalCap - w/ CCS, CoalCap - w/o CCS, GasCap, GasCap - w/ CCS, GasCap - w/o CCS, GeothermalCap, HydroCap, NuclearCap, OilCap",156,0,100.0,156,100.0,156,100.0,120,76.92,156,100.0,6,"efficiency_decimal,lifetime_years,capital_cost_usd_per_mw,om_cost_usd_per_mw_per_yr,fuel_price,scenario_price(global)",0,13,0.0,1,2025,2050,target,JPN
IEEJ-Japan 2.0,EMF35JMIP_Baseline_LoDem,156,13,"BiomassCap, BiomassCap - w/ CCS, BiomassCap - w/o CCS, CoalCap, CoalCap - w/ CCS, CoalCap - w/o CCS, GasCap, GasCap - w/ CCS, GasCap - w/o CCS, GeothermalCap, HydroCap, NuclearCap, OilCap",156,0,100.0,156,100.0,156,100.0,120,76.92,156,100.0,6,"efficiency_decimal,lifetime_years,capital_cost_usd_per_mw,om_cost_usd_per_mw_per_yr,fuel_price,scenario_price(global)",0,13,0.0,1,2025,2050,target,JPN
IEEJ-Japan 2.0,EMF35JMIP_Baseline_LoDemBld,156,13,"BiomassCap, BiomassCap - w/ CCS, BiomassCap - w/o CCS, CoalCap, CoalCap - w/ CCS, CoalCap - w/o CCS, GasCap, GasCap - w/ CCS, GasCap - w/o CCS, GeothermalCap, HydroCap, NuclearCap, OilCap",156,0,100.0,156,100.0,156,100.0,120,76.92,156,100.0,6,"efficiency_decimal,lifetime_years,capital_cost_usd_per_mw,om_cost_usd_per_mw_per_yr,fuel_price,scenario_price(global)",0,13,0.0,1,2025,2050,target,JPN
IEEJ-Japan 2.0,EMF35JMIP_Baseline_LoDemInd,156,13,"BiomassCap, BiomassCap - w/ CCS, BiomassCap - w/o CCS, CoalCap, CoalCap - w/ CCS, CoalCap - w/o CCS, GasCap, GasCap - w/ CCS, GasCap - w/o CCS, GeothermalCap, HydroCap, NuclearCap, OilCap",156,0,100.0,156,100.0,156,100.0,120,76.92,156,100.0,6,"efficiency_decimal,lifetime_years,capital_cost_usd_per_mw,om_cost_usd_per_mw_per_yr,fuel_price,scenario_price(global)",0,13,0.0,1,2025,2050,target,JPN
IEEJ-Japan 2.0,EMF35JMIP_Baseline_LoDemTra,156,13,"BiomassCap, BiomassCap - w/ CCS, BiomassCap - w/o CCS, CoalCap, CoalCap - w/ CCS, CoalCap - w/o CCS, GasCap, GasCap - w/ CCS, GasCap - w/o CCS, GeothermalCap, HydroCap, NuclearCap, OilCap",156,0,100.0,156,100.0,156,100.0,120,76.92,156,100.0,6,"efficiency_decimal,lifetime_years,capital_cost_usd_per_mw,om_cost_usd_per_mw_per_yr,fuel_price,scenario_price(global)",0,13,0.0,1,2025,2050,target,JPN
IEEJ-Japan 2.0,EMF35JMIP_Baseline_LoInt,156,13,"BiomassCap, BiomassCap - w/ CCS, BiomassCap - w/o CCS, CoalCap, CoalCap - w/ CCS, CoalCap - w/o CCS, GasCap, GasCap - w/ CCS, GasCap - w/o CCS, GeothermalCap, HydroCap, NuclearCap, OilCap",156,0,100.0,156,100.0,156,100.0,120,76.92,156,100.0,6,"efficiency_decimal,lifetime_years,capital_cost_usd_per_mw,om_cost_usd_per_mw_per_yr,fuel_price,scenario_price(global)",0,13,0.0,1,2025,2050,target,JPN
IEEJ-Japan 2.0,EMF35JMIP_Baseline_LoStorageCost,156,13,"BiomassCap, BiomassCap - w/ CCS, BiomassCap - w/o CCS, CoalCap, CoalCap - w/ CCS, CoalCap - w/o CCS, GasCap, GasCap - w/ CCS, GasCap - w/o CCS, GeothermalCap, HydroCap, NuclearCap, OilCap",156,0,100.0,156,100.0,156,100.0,120,76.92,156,100.0,6,"efficiency_decimal,lifetime_years,capital_cost_usd_per_mw,om_cost_usd_per_mw_per_yr,fuel_price,scenario_price(global)",0,13,0.0,1,2025,2050,target,JPN
IEEJ-Japan 2.0,EMF35JMIP_Baseline_LoVREcost,156,13,"BiomassCap, BiomassCap - w/ CCS, BiomassCap - w/o CCS, CoalCap, CoalCap - w/ CCS, CoalCap - w/o CCS, GasCap, GasCap - w/ CCS, GasCap - w/o CCS, GeothermalCap, HydroCap, NuclearCap, OilCap",156,0,100.0,156,100.0,156,100.0,120,76.92,156,100.0,6,"efficiency_decimal,lifetime_years,capital_cost_usd_per_mw,om_cost_usd_per_mw_per_yr,fuel_price,scenario_price(global)",0,13,0.0,1,2025,2050,target,JPN
IEEJ-Japan 2.0,EMF35JMIP_Baseline_LoVREpot,156,13,"BiomassCap, BiomassCap - w/ CCS, BiomassCap - w/o CCS, CoalCap, CoalCap - w/ CCS, CoalCap - w/o CCS, GasCap, GasCap - w/ CCS, GasCap - w/o CCS, GeothermalCap, HydroCap, NuclearCap, OilCap",156,0,100.0,156,100.0,156,100.0,120,76.92,156,100.0,6,"efficiency_decimal,lifetime_years,capital_cost_usd_per_mw,om_cost_usd_per_mw_per_yr,fuel_price,scenario_price(global)",0,13,0.0,1,2025,2050,target,JPN
IEEJ-Japan 2.0,EMF35JMIP_Baseline_NoCCS,156,13,"BiomassCap, BiomassCap - w/ CCS, BiomassCap - w/o CCS, CoalCap, CoalCap - w/ CCS, CoalCap - w/o CCS, GasCap, GasCap - w/ CCS, GasCap - w/o CCS, GeothermalCap, HydroCap, NuclearCap, OilCap",156,0,100.0,156,100.0,156,100.0,120,76.92,156,100.0,6,"efficiency_decimal,lifetime_years,capital_cost_usd_per_mw,om_cost_usd_per_mw_per_yr,fuel_price,scenario_price(global)",0,13,0.0,1,2025,2050,target,JPN
IEEJ-Japan 2.0,EMF35JMIP_Baseline_NoNuc,156,13,"BiomassCap, BiomassCap - w/ CCS, BiomassCap - w/o CCS, CoalCap, CoalCap - w/ CCS, CoalCap - w/o CCS, GasCap, GasCap - w/ CCS, GasCap - w/o CCS, GeothermalCap, HydroCap, NuclearCap, OilCap",156,0,100.0,156,100.0,156,100.0,120,76.92,156,100.0,6,"efficiency_decimal,lifetime_years,capital_cost_usd_per_mw,om_cost_usd_per_mw_per_yr,fuel_price,scenario_price(global)",0,13,0.0,1,2025,2050,target,JPN
IMACLIM 1.1,ADVANCE_2020_1.5C-2100_WP6,1428,14,"BiomassCap, BiomassCap - w/ CCS, BiomassCap - w/o CCS, CoalCap, CoalCap - w/ CCS, CoalCap - w/o CCS, GasCap, GasCap - w/ CCS, GasCap - w/o CCS, HydroCap, NuclearCap, OilCap, OilCap - w/ CCS, OilCap - w/o CCS",1428,0,100.0,618,43.28,1428,100.0,1224,85.71,238,16.67,26,"lifetime_years,fuel_price",12,14,85.71,209,2025,2050,target,BRA
IMACLIM 1.1,ADVANCE_2020_Med2C_WP6,1428,14,"BiomassCap, BiomassCap - w/ CCS, BiomassCap - w/o CCS, CoalCap, CoalCap - w/ CCS, CoalCap - w/o CCS, GasCap, GasCap - w/ CCS, GasCap - w/o CCS, HydroCap, NuclearCap, OilCap, OilCap - w/ CCS, OilCap - w/o CCS",1428,0,100.0,612,42.86,1428,100.0,1224,85.71,140,9.8,15,"lifetime_years,fuel_price",12,14,85.71,209,2025,2050,target,BRA
IMACLIM 1.1,ADVANCE_2020_WB2C_WP6,1428,14,"BiomassCap, BiomassCap - w/ CCS, BiomassCap - w/o CCS, CoalCap, CoalCap - w/ CCS, CoalCap - w/o CCS, GasCap, GasCap - w/ CCS, GasCap - w/o CCS, HydroCap, NuclearCap, OilCap, OilCap - w/ CCS, OilCap - w/o CCS",1428,0,100.0,620,43.42,1428,100.0,1224,85.71,126,8.82,21,"lifetime_years,fuel_price",12,14,85.71,209,2025,2050,target,BRA
IMACLIM 1.1,ADVANCE_2030_Med2C_WP6,1428,14,"BiomassCap, BiomassCap - w/ CCS, BiomassCap - w/o CCS, CoalCap, CoalCap - w/ CCS, CoalCap - w/o CCS, GasCap, GasCap - w/ CCS, GasCap - w/o CCS, HydroCap, NuclearCap, OilCap, OilCap - w/ CCS, OilCap - w/o CCS",1428,0,100.0,612,42.86,1428,100.0,1224,85.71,210,14.71,18,"lifetime_years,fuel_price",12,14,85.71,209,2025,2050,target,BRA
IMACLIM 1.1,ADVANCE_2030_Price1.5C_WP6,1428,14,"BiomassCap, BiomassCap - w/ CCS, BiomassCap - w/o CCS, CoalCap, CoalCap - w/ CCS, CoalCap - w/o CCS, GasCap, GasCap - w/ CCS, GasCap - w/o CCS, HydroCap, NuclearCap, OilCap, OilCap - w/ CCS, OilCap - w/o CCS",1428,0,100.0,612,42.86,1428,100.0,1224,85.71,238,16.67,18,"lifetime_years,fuel_price",12,14,85.71,209,2025,2050,target,BRA
IMACLIM 1.1,ADVANCE_2030_WB2C_WP6,1428,14,"BiomassCap, BiomassCap - w/ CCS, BiomassCap - w/o CCS, CoalCap, CoalCap - w/ CCS, CoalCap - w/o CCS, GasCap, GasCap - w/ CCS, GasCap - w/o CCS, HydroCap, NuclearCap, OilCap, OilCap - w/ CCS, OilCap - w/o CCS",1428,0,100.0,612,42.86,1428,100.0,1224,85.71,210,14.71,18,"lifetime_years,fuel_price",12,14,85.71,209,2025,2050,target,BRA
IMACLIM 1.1,ADVANCE_INDC_WP6,1428,14,"BiomassCap, BiomassCap - w/ CCS, BiomassCap - w/o CCS, CoalCap, CoalCap - w/ CCS, CoalCap - w/o CCS, GasCap, GasCap - w/ CCS, GasCap - w/o CCS, HydroCap, NuclearCap, OilCap, OilCap - w/ CCS, OilCap - w/o CCS",1428,0,100.0,612,42.86,1428,100.0,1224,85.71,266,18.63,22,"lifetime_years,fuel_price",12,14,85.71,209,2025,2050,target,BRA
IMACLIM 1.1,ADVANCE_NoPolicy_WP6,1428,14,"BiomassCap, BiomassCap - w/ CCS, BiomassCap - w/o CCS, CoalCap, CoalCap - w/ CCS, CoalCap - w/o CCS, GasCap, GasCap - w/ CCS, GasCap - w/o CCS, HydroCap, NuclearCap, OilCap, OilCap - w/ CCS, OilCap - w/o CCS",1428,0,100.0,612,42.86,1428,100.0,1224,85.71,364,25.49,22,"lifetime_years,fuel_price",12,14,85.71,209,2025,2050,target,BRA
IMACLIM 1.1,ADVANCE_Reference_WP6,1428,14,"BiomassCap, BiomassCap - w/ CCS, BiomassCap - w/o CCS, CoalCap, CoalCap - w/ CCS, CoalCap - w/o CCS, GasCap, GasCap - w/ CCS, GasCap - w/o CCS, HydroCap, NuclearCap, OilCap, OilCap - w/ CCS, OilCap - w/o CCS",1428,0,100.0,612,42.86,1428,100.0,1224,85.71,364,25.49,22,"lifetime_years,fuel_price",12,14,85.71,209,2025,2050,target,BRA
IMACLIM 1.1,SSP1_NoPolicy_TranspBase,1428,14,"BiomassCap, BiomassCap - w/ CCS, BiomassCap - w/o CCS, CoalCap, CoalCap - w/ CCS, CoalCap - w/o CCS, GasCap, GasCap - w/ CCS, GasCap - w/o CCS, HydroCap, NuclearCap, OilCap, OilCap - w/ CCS, OilCap - w/o CCS",1428,0,100.0,612,42.86,1428,100.0,1224,85.71,742,51.96,20,"lifetime_years,fuel_price,scenario_price",12,14,85.71,209,2025,2050,target,BRA
IMACLIM 1.1,SSP1_NoPolicy_TranspOpt,1428,14,"BiomassCap, BiomassCap - w/ CCS, BiomassCap - w/o CCS, CoalCap, CoalCap - w/ CCS, CoalCap - w/o CCS, GasCap, GasCap - w/ CCS, GasCap - w/o CCS, HydroCap, NuclearCap, OilCap, OilCap - w/ CCS, OilCap - w/o CCS",1428,0,100.0,620,43.42,1428,100.0,1224,85.71,364,25.49,21,"lifetime_years,fuel_price",12,14,85.71,209,2025,2050,target,BRA
IMACLIM 1.1,SSP1_RCP34_TranspBase,1428,14,"BiomassCap, BiomassCap - w/ CCS, BiomassCap - w/o CCS, CoalCap, CoalCap - w/ CCS, CoalCap - w/o CCS, GasCap, GasCap - w/ CCS, GasCap - w/o CCS, HydroCap, NuclearCap, OilCap, OilCap - w/ CCS, OilCap - w/o CCS",1428,0,100.0,612,42.86,1428,100.0,1224,85.71,686,48.04,19,"lifetime_years,fuel_price",12,14,85.71,209,2025,2050,target,BRA
IMACLIM 1.1,SSP1_RCP34_TranspOpt,1428,14,"BiomassCap, BiomassCap - w/ CCS, BiomassCap - w/o CCS, CoalCap, CoalCap - w/ CCS, CoalCap - w/o CCS, GasCap, GasCap - w/ CCS, GasCap - w/o CCS, HydroCap, NuclearCap, OilCap, OilCap - w/ CCS, OilCap - w/o CCS",1428,0,100.0,620,43.42,1428,100.0,1224,85.71,504,35.29,20,"lifetime_years,fuel_price",12,14,85.71,209,2025,2050,target,BRA
IMACLIM 1.1,SSP1_RCP45_TranspBase,1428,14,"BiomassCap, BiomassCap - w/ CCS, BiomassCap - w/o CCS, CoalCap, CoalCap - w/ CCS, CoalCap - w/o CCS, GasCap, GasCap - w/ CCS, GasCap - w/o CCS, HydroCap, NuclearCap, OilCap, OilCap - w/ CCS, OilCap - w/o CCS",1428,0,100.0,612,42.86,1428,100.0,1224,85.71,854,59.8,20,"lifetime_years,fuel_price,scenario_price",12,14,85.71,209,2025,2050,target,BRA
IMACLIM 1.1,SSP1_RCP45_TranspOpt,1428,14,"BiomassCap, BiomassCap - w/ CCS, BiomassCap - w/o CCS, CoalCap, CoalCap - w/ CCS, CoalCap - w/o CCS, GasCap, GasCap - w/ CCS, GasCap - w/o CCS, HydroCap, NuclearCap, OilCap, OilCap - w/ CCS, OilCap - w/o CCS",1428,0,100.0,621,43.49,1428,100.0,1224,85.71,476,33.33,20,"lifetime_years,fuel_price",12,14,85.71,209,2025,2050,target,BRA
IMACLIM 1.1,SSP3_NoPolicy_TranspBase,1428,14,"BiomassCap, BiomassCap - w/ CCS, BiomassCap - w/o CCS, CoalCap, CoalCap - w/ CCS, CoalCap - w/o CCS, GasCap, GasCap - w/ CCS, GasCap - w/o CCS, HydroCap, NuclearCap, OilCap, OilCap - w/ CCS, OilCap - w/o CCS",1428,0,100.0,612,42.86,1428,100.0,1224,85.71,280,19.61,18,"lifetime_years,fuel_price",11,14,78.57,209,2025,2050,target,BRA
IMACLIM 1.1,SSP3_NoPolicy_TranspOpt,1428,14,"BiomassCap, BiomassCap - w/ CCS, BiomassCap - w/o CCS, CoalCap, CoalCap - w/ CCS, CoalCap - w/o CCS, GasCap, GasCap - w/ CCS, GasCap - w/o CCS, HydroCap, NuclearCap, OilCap, OilCap - w/ CCS, OilCap - w/o CCS",1428,0,100.0,612,42.86,1428,100.0,1224,85.71,266,18.63,18,"lifetime_years,fuel_price",11,14,78.57,209,2025,2050,target,BRA
IMACLIM 1.1,SSP3_NoPolicy_Transp_111,1428,14,"BiomassCap, BiomassCap - w/ CCS, BiomassCap - w/o CCS, CoalCap, CoalCap - w/ CCS, CoalCap - w/o CCS, GasCap, GasCap - w/ CCS, GasCap - w/o CCS, HydroCap, NuclearCap, OilCap, OilCap - w/ CCS, OilCap - w/o CCS",1428,0,100.0,639,44.75,1428,100.0,1224,85.71,266,18.63,18,"lifetime_years,fuel_price",12,14,85.71,209,2025,2050,target,BRA
IMACLIM 1.1,SSP3_NoPolicy_Transp_112,1428,14,"BiomassCap, BiomassCap - w/ CCS, BiomassCap - w/o CCS, CoalCap, CoalCap - w/ CCS, CoalCap - w/o CCS, GasCap, GasCap - w/ CCS, GasCap - w/o CCS, HydroCap, NuclearCap, OilCap, OilCap - w/ CCS, OilCap - w/o CCS",1428,0,100.0,632,44.26,1428,100.0,1224,85.71,252,17.65,16,"lifetime_years,fuel_price",12,14,85.71,209,2025,2050,target,BRA
IMACLIM 1.1,SSP3_NoPolicy_Transp_121,1428,14,"BiomassCap, BiomassCap - w/ CCS, BiomassCap - w/o CCS, CoalCap, CoalCap - w/ CCS, CoalCap - w/o CCS, GasCap, GasCap - w/ CCS, GasCap - w/o CCS, HydroCap, NuclearCap, OilCap, OilCap - w/ CCS, OilCap - w/o CCS",1428,0,100.0,636,44.54,1428,100.0,1224,85.71,224,15.69,18,"lifetime_years,fuel_price",12,14,85.71,209,2025,2050,target,BRA
IMACLIM 1.1,SSP3_NoPolicy_Transp_211,1428,14,"BiomassCap, BiomassCap - w/ CCS, BiomassCap - w/o CCS, CoalCap, CoalCap - w/ CCS, CoalCap - w/o CCS, GasCap, GasCap - w/ CCS, GasCap - w/o CCS, HydroCap, NuclearCap, OilCap, OilCap - w/ CCS, OilCap - w/o CCS",1428,0,100.0,638,44.68,1428,100.0,1224,85.71,224,15.69,16,"lifetime_years,fuel_price",12,14,85.71,209,2025,2050,target,BRA
IMACLIM 1.1,SSP3_NoPolicy_Transp_222,1428,14,"BiomassCap, BiomassCap - w/ CCS, BiomassCap - w/o CCS, CoalCap, CoalCap - w/ CCS, CoalCap - w/o CCS, GasCap, GasCap - w/ CCS, GasCap - w/o CCS, HydroCap, NuclearCap, OilCap, OilCap - w/ CCS, OilCap - w/o CCS",1428,0,100.0,640,44.82,1428,100.0,1224,85.71,224,15.69,19,"lifetime_years,fuel_price",12,14,85.71,209,2025,2050,target,BRA
IMACLIM 1.1,SSP3_RCP26_Transp_111,1428,14,"BiomassCap, BiomassCap - w/ CCS, BiomassCap - w/o CCS, CoalCap, CoalCap - w/ CCS, CoalCap - w/o CCS, GasCap, GasCap - w/ CCS, GasCap - w/o CCS, HydroCap, NuclearCap, OilCap, OilCap - w/ CCS, OilCap - w/o CCS",1428,0,100.0,634,44.4,1428,100.0,1224,85.71,672,47.06,20,"lifetime_years,fuel_price",12,14,85.71,209,2025,2050,target,BRA
IMACLIM 1.1,SSP3_RCP26_Transp_112,1428,14,"BiomassCap, BiomassCap - w/ CCS, BiomassCap - w/o CCS, CoalCap, CoalCap - w/ CCS, CoalCap - w/o CCS, GasCap, GasCap - w/ CCS, GasCap - w/o CCS, HydroCap, NuclearCap, OilCap, OilCap - w/ CCS, OilCap - w/o CCS",1428,0,100.0,634,44.4,1428,100.0,1224,85.71,616,43.14,19,"lifetime_years,fuel_price",12,14,85.71,209,2025,2050,target,BRA
IMACLIM 1.1,SSP3_RCP26_Transp_121,1428,14,"BiomassCap, BiomassCap - w/ CCS, BiomassCap - w/o CCS, CoalCap, CoalCap - w/ CCS, CoalCap - w/o CCS, GasCap, GasCap - w/ CCS, GasCap - w/o CCS, HydroCap, NuclearCap, OilCap, OilCap - w/ CCS, OilCap - w/o CCS",1428,0,100.0,624,43.7,1428,100.0,1224,85.71,630,44.12,18,"lifetime_years,fuel_price",12,14,85.71,209,2025,2050,target,BRA
IMACLIM 1.1,SSP3_RCP26_Transp_211,1428,14,"BiomassCap, BiomassCap - w/ CCS, BiomassCap - w/o CCS, CoalCap, CoalCap - w/ CCS, CoalCap - w/o CCS, GasCap, GasCap - w/ CCS, GasCap - w/o CCS, HydroCap, NuclearCap, OilCap, OilCap - w/ CCS, OilCap - w/o CCS",1428,0,100.0,647,45.31,1428,100.0,1224,85.71,602,42.16,20,"lifetime_years,fuel_price",12,14,85.71,209,2025,2050,target,BRA
IMACLIM 1.1,SSP3_RCP26_Transp_222,1428,14,"BiomassCap, BiomassCap - w/ CCS, BiomassCap - w/o CCS, CoalCap, CoalCap - w/ CCS, CoalCap - w/o CCS, GasCap, GasCap - w/ CCS, GasCap - w/o CCS, HydroCap, NuclearCap, OilCap, OilCap - w/ CCS, OilCap - w/o CCS",1428,0,100.0,641,44.89,1428,100.0,1224,85.71,574,40.2,21,"lifetime_years,fuel_price",12,14,85.71,209,2025,2050,target,BRA
IMACLIM 1.1,SSP3_RCP34_TranspBase,1428,14,"BiomassCap, BiomassCap - w/ CCS, BiomassCap - w/o CCS, CoalCap, CoalCap - w/ CCS, CoalCap - w/o CCS, GasCap, GasCap - w/ CCS, GasCap - w/o CCS, HydroCap, NuclearCap, OilCap, OilCap - w/ CCS, OilCap - w/o CCS",1428,0,100.0,612,42.86,1428,100.0,1224,85.71,476,33.33,18,"lifetime_years,fuel_price",12,14,85.71,209,2025,2050,target,BRA
IMACLIM 1.1,SSP3_RCP34_TranspOpt,1428,14,"BiomassCap, BiomassCap - w/ CCS, BiomassCap - w/o CCS, CoalCap, CoalCap - w/ CCS, CoalCap - w/o CCS, GasCap, GasCap - w/ CCS, GasCap - w/o CCS, HydroCap, NuclearCap, OilCap, OilCap - w/ CCS, OilCap - w/o CCS",1428,0,100.0,612,42.86,1428,100.0,1224,85.71,378,26.47,18,"lifetime_years,fuel_price",12,14,85.71,209,2025,2050,target,BRA
IMACLIM 1.1,SSP3_RCP34_Transp_111,1428,14,"BiomassCap, BiomassCap - w/ CCS, BiomassCap - w/o CCS, CoalCap, CoalCap - w/ CCS, CoalCap - w/o CCS, GasCap, GasCap - w/ CCS, GasCap - w/o CCS, HydroCap, NuclearCap, OilCap, OilCap - w/ CCS, OilCap - w/o CCS",1428,0,100.0,624,43.7,1428,100.0,1224,85.71,448,31.37,17,"lifetime_years,fuel_price",12,14,85.71,209,2025,2050,target,BRA
IMACLIM 1.1,SSP3_RCP34_Transp_112,1428,14,"BiomassCap, BiomassCap - w/ CCS, BiomassCap - w/o CCS, CoalCap, CoalCap - w/ CCS, CoalCap - w/o CCS, GasCap, GasCap - w/ CCS, GasCap - w/o CCS, HydroCap, NuclearCap, OilCap, OilCap - w/ CCS, OilCap - w/o CCS",1428,0,100.0,624,43.7,1428,100.0,1224,85.71,420,29.41,16,"lifetime_years,fuel_price",12,14,85.71,209,2025,2050,target,BRA
IMACLIM 1.1,SSP3_RCP34_Transp_121,1428,14,"BiomassCap, BiomassCap - w/ CCS, BiomassCap - w/o CCS, CoalCap, CoalCap - w/ CCS, CoalCap - w/o CCS, GasCap, GasCap - w/ CCS, GasCap - w/o CCS, HydroCap, NuclearCap, OilCap, OilCap - w/ CCS, OilCap - w/o CCS",1428,0,100.0,624,43.7,1428,100.0,1224,85.71,378,26.47,16,"lifetime_years,fuel_price",12,14,85.71,209,2025,2050,target,BRA
IMACLIM 1.1,SSP3_RCP34_Transp_211,1428,14,"BiomassCap, BiomassCap - w/ CCS, BiomassCap - w/o CCS, CoalCap, CoalCap - w/ CCS, CoalCap - w/o CCS, GasCap, GasCap - w/ CCS, GasCap - w/o CCS, HydroCap, NuclearCap, OilCap, OilCap - w/ CCS, OilCap - w/o CCS",1428,0,100.0,630,44.12,1428,100.0,1224,85.71,392,27.45,17,"lifetime_years,fuel_price",12,14,85.71,209,2025,2050,target,BRA
IMACLIM 1.1,SSP3_RCP34_Transp_222,1428,14,"BiomassCap, BiomassCap - w/ CCS, BiomassCap - w/o CCS, CoalCap, CoalCap - w/ CCS, CoalCap - w/o CCS, GasCap, GasCap - w/ CCS, GasCap - w/o CCS, HydroCap, NuclearCap, OilCap, OilCap - w/ CCS, OilCap - w/o CCS",1428,0,100.0,624,43.7,1428,100.0,1224,85.71,266,18.63,16,"lifetime_years,fuel_price",12,14,85.71,209,2025,2050,target,BRA
IMACLIM 1.1,SSP3_RCP45_TranspBase,1428,14,"BiomassCap, BiomassCap - w/ CCS, BiomassCap - w/o CCS, CoalCap, CoalCap - w/ CCS, CoalCap - w/o CCS, GasCap, GasCap - w/ CCS, GasCap - w/o CCS, HydroCap, NuclearCap, OilCap, OilCap - w/ CCS, OilCap - w/o CCS",1428,0,100.0,612,42.86,1428,100.0,1224,85.71,602,42.16,20,"lifetime_years,fuel_price",12,14,85.71,209,2025,2050,target,BRA
IMACLIM 1.1,SSP3_RCP45_TranspOpt,1428,14,"BiomassCap, BiomassCap - w/ CCS, BiomassCap - w/o CCS, CoalCap, CoalCap - w/ CCS, CoalCap - w/o CCS, GasCap, GasCap - w/ CCS, GasCap - w/o CCS, HydroCap, NuclearCap, OilCap, OilCap - w/ CCS, OilCap - w/o CCS",1428,0,100.0,612,42.86,1428,100.0,1224,85.71,378,26.47,20,"lifetime_years,fuel_price",12,14,85.71,209,2025,2050,target,BRA
IMACLIM 1.1,SSP3_RCP45_Transp_111,1428,14,"BiomassCap, BiomassCap - w/ CCS, BiomassCap - w/o CCS, CoalCap, CoalCap - w/ CCS, CoalCap - w/o CCS, GasCap, GasCap - w/ CCS, GasCap - w/o CCS, HydroCap, NuclearCap, OilCap, OilCap - w/ CCS, OilCap - w/o CCS",1428,0,100.0,631,44.19,1428,100.0,1224,85.71,322,22.55,16,"lifetime_years,fuel_price",12,14,85.71,209,2025,2050,target,BRA
IMACLIM 1.1,SSP3_RCP45_Transp_112,1428,14,"BiomassCap, BiomassCap - w/ CCS, BiomassCap - w/o CCS, CoalCap, CoalCap - w/ CCS, CoalCap - w/o CCS, GasCap, GasCap - w/ CCS, GasCap - w/o CCS, HydroCap, NuclearCap, OilCap, OilCap - w/ CCS, OilCap - w/o CCS",1428,0,100.0,632,44.26,1428,100.0,1224,85.71,322,22.55,18,"lifetime_years,fuel_price",12,14,85.71,209,2025,2050,target,BRA
IMACLIM 1.1,SSP3_RCP45_Transp_121,1428,14,"BiomassCap, BiomassCap - w/ CCS, BiomassCap - w/o CCS, CoalCap, CoalCap - w/ CCS, CoalCap - w/o CCS, GasCap, GasCap - w/ CCS, GasCap - w/o CCS, HydroCap, NuclearCap, OilCap, OilCap - w/ CCS, OilCap - w/o CCS",1428,0,100.0,632,44.26,1428,100.0,1224,85.71,280,19.61,16,"lifetime_years,fuel_price",12,14,85.71,209,2025,2050,target,BRA
IMACLIM 1.1,SSP3_RCP45_Transp_211,1428,14,"BiomassCap, BiomassCap - w/ CCS, BiomassCap - w/o CCS, CoalCap, CoalCap - w/ CCS, CoalCap - w/o CCS, GasCap, GasCap - w/ CCS, GasCap - w/o CCS, HydroCap, NuclearCap, OilCap, OilCap - w/ CCS, OilCap - w/o CCS",1428,0,100.0,637,44.61,1428,100.0,1224,85.71,308,21.57,17,"lifetime_years,fuel_price",12,14,85.71,209,2025,2050,target,BRA
IMACLIM 1.1,SSP3_RCP45_Transp_222,1428,14,"BiomassCap, BiomassCap - w/ CCS, BiomassCap - w/o CCS, CoalCap, CoalCap - w/ CCS, CoalCap - w/o CCS, GasCap, GasCap - w/ CCS, GasCap - w/o CCS, HydroCap, NuclearCap, OilCap, OilCap - w/ CCS, OilCap - w/o CCS",1428,0,100.0,644,45.1,1428,100.0,1224,85.71,266,18.63,20,"lifetime_years,fuel_price",12,14,85.71,209,2025,2050,target,BRA
IMACLIM 1.1,base_DemandHigh_FossilHigh_TechHigh,1428,14,"BiomassCap, BiomassCap - w/ CCS, BiomassCap - w/o CCS, CoalCap, CoalCap - w/ CCS, CoalCap - w/o CCS, GasCap, GasCap - w/ CCS, GasCap - w/o CCS, HydroCap, NuclearCap, OilCap, OilCap - w/ CCS, OilCap - w/o CCS",1428,0,100.0,612,42.86,1428,100.0,1224,85.71,1064,74.51,24,"lifetime_years,fuel_price,scenario_price",11,14,78.57,209,2025,2050,target,BRA
IMACLIM 1.1,base_DemandHigh_FossilLow_TechHigh,1428,14,"BiomassCap, BiomassCap - w/ CCS, BiomassCap - w/o CCS, CoalCap, CoalCap - w/ CCS, CoalCap - w/o CCS, GasCap, GasCap - w/ CCS, GasCap - w/o CCS, HydroCap, NuclearCap, OilCap, OilCap - w/ CCS, OilCap - w/o CCS",1428,0,100.0,612,42.86,1428,100.0,1224,85.71,392,27.45,19,"lifetime_years,fuel_price",12,14,85.71,209,2025,2050,target,BRA
IMACLIM 1.1,base_DemandHigh_FossilLow_TechLow,1428,14,"BiomassCap, BiomassCap - w/ CCS, BiomassCap - w/o CCS, CoalCap, CoalCap - w/ CCS, CoalCap - w/o CCS, GasCap, GasCap - w/ CCS, GasCap - w/o CCS, HydroCap, NuclearCap, OilCap, OilCap - w/ CCS, OilCap - w/o CCS",1428,0,100.0,612,42.86,1428,100.0,1224,85.71,1246,87.25,26,"lifetime_years,fuel_price,scenario_price",11,14,78.57,209,2025,2050,target,BRA
IMACLIM 1.1,base_DemandLow_FossilHigh_TechHigh,1428,14,"BiomassCap, BiomassCap - w/ CCS, BiomassCap - w/o CCS, CoalCap, CoalCap - w/ CCS, CoalCap - w/o CCS, GasCap, GasCap - w/ CCS, GasCap - w/o CCS, HydroCap, NuclearCap, OilCap, OilCap - w/ CCS, OilCap - w/o CCS",1428,0,100.0,612,42.86,1428,100.0,1224,85.71,252,17.65,18,"lifetime_years,fuel_price",12,14,85.71,209,2025,2050,target,BRA
IMACLIM 1.1,base_DemandLow_FossilHigh_TechLow,1428,14,"BiomassCap, BiomassCap - w/ CCS, BiomassCap - w/o CCS, CoalCap, CoalCap - w/ CCS, CoalCap - w/o CCS, GasCap, GasCap - w/ CCS, GasCap - w/o CCS, HydroCap, NuclearCap, OilCap, OilCap - w/ CCS, OilCap - w/o CCS",1428,0,100.0,612,42.86,1428,100.0,1224,85.71,784,54.9,21,"lifetime_years,fuel_price,scenario_price",11,14,78.57,209,2025,2050,target,BRA
IMACLIM 1.1,base_DemandLow_FossilLow_TechHigh,1428,14,"BiomassCap, BiomassCap - w/ CCS, BiomassCap - w/o CCS, CoalCap, CoalCap - w/ CCS, CoalCap - w/o CCS, GasCap, GasCap - w/ CCS, GasCap - w/o CCS, HydroCap, NuclearCap, OilCap, OilCap - w/ CCS, OilCap - w/o CCS",1428,0,100.0,612,42.86,1428,100.0,1224,85.71,252,17.65,19,"lifetime_years,fuel_price",12,14,85.71,209,2025,2050,target,BRA
IMACLIM 1.1,base_DemandLow_FossilLow_TechLow,1428,14,"BiomassCap, BiomassCap - w/ CCS, BiomassCap - w/o CCS, CoalCap, CoalCap - w/ CCS, CoalCap - w/o CCS, GasCap, GasCap - w/ CCS, GasCap - w/o CCS, HydroCap, NuclearCap, OilCap, OilCap - w/ CCS, OilCap - w/o CCS",1428,0,100.0,612,42.86,1428,100.0,1224,85.71,1064,74.51,25,"lifetime_years,fuel_price,scenario_price",11,14,78.57,209,2025,2050,target,BRA
IMACLIM 1.1,peak2016_DemandHigh_FossilHigh_TechHigh,1428,14,"BiomassCap, BiomassCap - w/ CCS, BiomassCap - w/o CCS, CoalCap, CoalCap - w/ CCS, CoalCap - w/o CCS, GasCap, GasCap - w/ CCS, GasCap - w/o CCS, HydroCap, NuclearCap, OilCap, OilCap - w/ CCS, OilCap - w/o CCS",1428,0,100.0,622,43.56,1428,100.0,1224,85.71,966,67.65,26,"lifetime_years,fuel_price,scenario_price",12,14,85.71,209,2025,2050,target,BRA
IMACLIM 1.1,peak2016_DemandHigh_FossilLow_TechHigh,1428,14,"BiomassCap, BiomassCap - w/ CCS, BiomassCap - w/o CCS, CoalCap, CoalCap - w/ CCS, CoalCap - w/o CCS, GasCap, GasCap - w/ CCS, GasCap - w/o CCS, HydroCap, NuclearCap, OilCap, OilCap - w/ CCS, OilCap - w/o CCS",1428,0,100.0,618,43.28,1428,100.0,1224,85.71,1008,70.59,27,"lifetime_years,fuel_price,scenario_price",12,14,85.71,209,2025,2050,target,BRA
IMACLIM 1.1,peak2016_DemandHigh_FossilLow_TechLow,1428,14,"BiomassCap, BiomassCap - w/ CCS, BiomassCap - w/o CCS, CoalCap, CoalCap - w/ CCS, CoalCap - w/o CCS, GasCap, GasCap - w/ CCS, GasCap - w/o CCS, HydroCap, NuclearCap, OilCap, OilCap - w/ CCS, OilCap - w/o CCS",1428,0,100.0,616,43.14,1428,100.0,1224,85.71,756,52.94,22,"lifetime_years,fuel_price,scenario_price",12,14,85.71,209,2025,2050,target,BRA
IMACLIM 1.1,peak2016_DemandLow_FossilHigh_TechHigh,1428,14,"BiomassCap, BiomassCap - w/ CCS, BiomassCap - w/o CCS, CoalCap, CoalCap - w/ CCS, CoalCap - w/o CCS, GasCap, GasCap - w/ CCS, GasCap - w/o CCS, HydroCap, NuclearCap, OilCap, OilCap - w/ CCS, OilCap - w/o CCS",1428,0,100.0,615,43.07,1428,100.0,1224,85.71,756,52.94,21,"lifetime_years,fuel_price",12,14,85.71,209,2025,2050,target,BRA
IMACLIM 1.1,peak2016_DemandLow_FossilHigh_TechLow,1428,14,"BiomassCap, BiomassCap - w/ CCS, BiomassCap - w/o CCS, CoalCap, CoalCap - w/ CCS, CoalCap - w/o CCS, GasCap, GasCap - w/ CCS, GasCap - w/o CCS, HydroCap, NuclearCap, OilCap, OilCap - w/ CCS, OilCap - w/o CCS",1428,0,100.0,620,43.42,1428,100.0,1224,85.71,966,67.65,22,"lifetime_years,fuel_price,scenario_price",12,14,85.71,209,2025,2050,target,BRA
IMACLIM 1.1,peak2016_DemandLow_FossilLow_TechHigh,1428,14,"BiomassCap, BiomassCap - w/ CCS, BiomassCap - w/o CCS, CoalCap, CoalCap - w/ CCS, CoalCap - w/o CCS, GasCap, GasCap - w/ CCS, GasCap - w/o CCS, HydroCap, NuclearCap, OilCap, OilCap - w/ CCS, OilCap - w/o CCS",1428,0,100.0,617,43.21,1428,100.0,1224,85.71,770,53.92,22,"lifetime_years,fuel_price,scenario_price",12,14,85.71,209,2025,2050,target,BRA
IMACLIM 1.1,peak2016_DemandLow_FossilLow_TechLow,1428,14,"BiomassCap, BiomassCap - w/ CCS, BiomassCap - w/o CCS, CoalCap, CoalCap - w/ CCS, CoalCap - w/o CCS, GasCap, GasCap - w/ CCS, GasCap - w/o CCS, HydroCap, NuclearCap, OilCap, OilCap - w/ CCS, OilCap - w/o CCS",1428,0,100.0,616,43.14,1428,100.0,1224,85.71,980,68.63,23,"lifetime_years,fuel_price,scenario_price",12,14,85.71,209,2025,2050,target,BRA
IMACLIM 1.1,peak2020_DemandHigh_FossilHigh_TechHigh,1428,14,"BiomassCap, BiomassCap - w/ CCS, BiomassCap - w/o CCS, CoalCap, CoalCap - w/ CCS, CoalCap - w/o CCS, GasCap, GasCap - w/ CCS, GasCap - w/o CCS, HydroCap, NuclearCap, OilCap, OilCap - w/ CCS, OilCap - w/o CCS",1428,0,100.0,612,42.86,1428,100.0,1224,85.71,924,64.71,25,"lifetime_years,fuel_price,scenario_price",12,14,85.71,209,2025,2050,target,BRA
IMACLIM 1.1,peak2020_DemandHigh_FossilLow_TechHigh,1428,14,"BiomassCap, BiomassCap - w/ CCS, BiomassCap - w/o CCS, CoalCap, CoalCap - w/ CCS, CoalCap - w/o CCS, GasCap, GasCap - w/ CCS, GasCap - w/o CCS, HydroCap, NuclearCap, OilCap, OilCap - w/ CCS, OilCap - w/o CCS",1428,0,100.0,612,42.86,1428,100.0,1224,85.71,672,47.06,21,"lifetime_years,fuel_price",12,14,85.71,209,2025,2050,target,BRA
IMACLIM 1.1,peak2020_DemandHigh_FossilLow_TechLow,1428,14,"BiomassCap, BiomassCap - w/ CCS, BiomassCap - w/o CCS, CoalCap, CoalCap - w/ CCS, CoalCap - w/o CCS, GasCap, GasCap - w/ CCS, GasCap - w/o CCS, HydroCap, NuclearCap, OilCap, OilCap - w/ CCS, OilCap - w/o CCS",1428,0,100.0,622,43.56,1428,100.0,1224,85.71,966,67.65,27,"lifetime_years,fuel_price,scenario_price",12,14,85.71,209,2025,2050,target,BRA
IMACLIM 1.1,peak2020_DemandLow_FossilHigh_TechHigh,1428,14,"BiomassCap, BiomassCap - w/ CCS, BiomassCap - w/o CCS, CoalCap, CoalCap - w/ CCS, CoalCap - w/o CCS, GasCap, GasCap - w/ CCS, GasCap - w/o CCS, HydroCap, NuclearCap, OilCap, OilCap - w/ CCS, OilCap - w/o CCS",1428,0,100.0,612,42.86,1428,100.0,1224,85.71,686,48.04,21,"lifetime_years,fuel_price",12,14,85.71,209,2025,2050,target,BRA
IMACLIM 1.1,peak2020_DemandLow_FossilHigh_TechLow,1428,14,"BiomassCap, BiomassCap - w/ CCS, BiomassCap - w/o CCS, CoalCap, CoalCap - w/ CCS, CoalCap - w/o CCS, GasCap, GasCap - w/ CCS, GasCap - w/o CCS, HydroCap, NuclearCap, OilCap, OilCap - w/ CCS, OilCap - w/o CCS",1428,0,100.0,612,42.86,1428,100.0,1224,85.71,924,64.71,21,"lifetime_years,fuel_price,scenario_price",12,14,85.71,209,2025,2050,target,BRA
IMACLIM 1.1,peak2020_DemandLow_FossilLow_TechHigh,1428,14,"BiomassCap, BiomassCap - w/ CCS, BiomassCap - w/o CCS, CoalCap, CoalCap - w/ CCS, CoalCap - w/o CCS, GasCap, GasCap - w/ CCS, GasCap - w/o CCS, HydroCap, NuclearCap, OilCap, OilCap - w/ CCS, OilCap - w/o CCS",1428,0,100.0,616,43.14,1428,100.0,1224,85.71,700,49.02,21,"lifetime_years,fuel_price",12,14,85.71,209,2025,2050,target,BRA
IMACLIM 1.1,peak2020_DemandLow_FossilLow_TechLow,1428,14,"BiomassCap, BiomassCap - w/ CCS, BiomassCap - w/o CCS, CoalCap, CoalCap - w/ CCS, CoalCap - w/o CCS, GasCap, GasCap - w/ CCS, GasCap - w/o CCS, HydroCap, NuclearCap, OilCap, OilCap - w/ CCS, OilCap - w/o CCS",1428,0,100.0,616,43.14,1428,100.0,1224,85.71,896,62.75,23,"lifetime_years,fuel_price,scenario_price",12,14,85.71,209,2025,2050,target,BRA
IMACLIM 1.1,peak2025_DemandHigh_FossilHigh_TechHigh,1428,14,"BiomassCap, BiomassCap - w/ CCS, BiomassCap - w/o CCS, CoalCap, CoalCap - w/ CCS, CoalCap - w/o CCS, GasCap, GasCap - w/ CCS, GasCap - w/o CCS, HydroCap, NuclearCap, OilCap, OilCap - w/ CCS, OilCap - w/o CCS",1428,0,100.0,612,42.86,1428,100.0,1224,85.71,924,64.71,25,"lifetime_years,fuel_price,scenario_price",12,14,85.71,209,2025,2050,target,BRA
IMACLIM 1.1,peak2025_DemandHigh_FossilLow_TechHigh,1428,14,"BiomassCap, BiomassCap - w/ CCS, BiomassCap - w/o CCS, CoalCap, CoalCap - w/ CCS, CoalCap - w/o CCS, GasCap, GasCap - w/ CCS, GasCap - w/o CCS, HydroCap, NuclearCap, OilCap, OilCap - w/ CCS, OilCap - w/o CCS",1428,0,100.0,612,42.86,1428,100.0,1224,85.71,574,40.2,20,"lifetime_years,fuel_price",12,14,85.71,209,2025,2050,target,BRA
IMACLIM 1.1,peak2025_DemandHigh_FossilLow_TechLow,1428,14,"BiomassCap, BiomassCap - w/ CCS, BiomassCap - w/o CCS, CoalCap, CoalCap - w/ CCS, CoalCap - w/o CCS, GasCap, GasCap - w/ CCS, GasCap - w/o CCS, HydroCap, NuclearCap, OilCap, OilCap - w/ CCS, OilCap - w/o CCS",1428,0,100.0,612,42.86,1428,100.0,1224,85.71,952,66.67,25,"lifetime_years,fuel_price,scenario_price",12,14,85.71,209,2025,2050,target,BRA
IMACLIM 1.1,peak2025_DemandLow_FossilHigh_TechHigh,1428,14,"BiomassCap, BiomassCap - w/ CCS, BiomassCap - w/o CCS, CoalCap, CoalCap - w/ CCS, CoalCap - w/o CCS, GasCap, GasCap - w/ CCS, GasCap - w/o CCS, HydroCap, NuclearCap, OilCap, OilCap - w/ CCS, OilCap - w/o CCS",1428,0,100.0,618,43.28,1428,100.0,1224,85.71,560,39.22,22,"lifetime_years,fuel_price",12,14,85.71,209,2025,2050,target,BRA
IMACLIM 1.1,peak2025_DemandLow_FossilHigh_TechLow,1428,14,"BiomassCap, BiomassCap - w/ CCS, BiomassCap - w/o CCS, CoalCap, CoalCap - w/ CCS, CoalCap - w/o CCS, GasCap, GasCap - w/ CCS, GasCap - w/o CCS, HydroCap, NuclearCap, OilCap, OilCap - w/ CCS, OilCap - w/o CCS",1428,0,100.0,615,43.07,1428,100.0,1224,85.71,896,62.75,22,"lifetime_years,fuel_price,scenario_price",12,14,85.71,209,2025,2050,target,BRA
IMACLIM 1.1,peak2025_DemandLow_FossilLow_TechHigh,1428,14,"BiomassCap, BiomassCap - w/ CCS, BiomassCap - w/o CCS, CoalCap, CoalCap - w/ CCS, CoalCap - w/o CCS, GasCap, GasCap - w/ CCS, GasCap - w/o CCS, HydroCap, NuclearCap, OilCap, OilCap - w/ CCS, OilCap - w/o CCS",1428,0,100.0,635,44.47,1428,100.0,1224,85.71,686,48.04,23,"lifetime_years,fuel_price",12,14,85.71,209,2025,2050,target,BRA
IMACLIM-BRA 1.0,1.5C,4,2,"HydroCap, NuclearCap",4,0,100.0,4,100.0,4,100.0,0,0.0,4,100.0,1,"lifetime_years,capital_cost_usd_per_mw,om_cost_usd_per_mw_per_yr,scenario_price",0,2,0.0,0,2030,2050,target,Global
IMACLIM-BRA 1.0,GPS,2,2,"HydroCap, NuclearCap",2,0,100.0,2,100.0,2,100.0,0,0.0,2,100.0,1,"lifetime_years,capital_cost_usd_per_mw,om_cost_usd_per_mw_per_yr,scenario_price",0,2,0.0,0,2030,2030,target,Global
IMACLIM-BRA 1.0,MA1T,2,2,"HydroCap, NuclearCap",2,0,100.0,2,100.0,2,100.0,0,0.0,2,100.0,1,"lifetime_years,capital_cost_usd_per_mw,om_cost_usd_per_mw_per_yr,scenario_price",0,2,0.0,0,2030,2030,target,Global
IMACLIM-BRA 1.0,MA2T,2,2,"HydroCap, NuclearCap",2,0,100.0,2,100.0,2,100.0,0,0.0,2,100.0,1,"lifetime_years,capital_cost_usd_per_mw,om_cost_usd_per_mw_per_yr,scenario_price",0,2,0.0,0,2030,2030,target,Global
IMACLIM-BRA 1.0,Reference,4,2,"HydroCap, NuclearCap",4,0,100.0,4,100.0,4,100.0,0,0.0,4,100.0,1,"lifetime_years,capital_cost_usd_per_mw,om_cost_usd_per_mw_per_yr,scenario_price",0,2,0.0,0,2030,2050,target,Global
IMACLIM-NLU 1.0,EMF33_Baseline,294,14,"BiomassCap, BiomassCap - w/ CCS, BiomassCap - w/o CCS, CoalCap, CoalCap - w/ CCS, CoalCap - w/o CCS, GasCap, GasCap - w/ CCS, GasCap - w/o CCS, HydroCap, NuclearCap, OilCap, OilCap - w/ CCS, OilCap - w/o CCS",294,0,100.0,294,100.0,294,100.0,252,85.71,294,100.0,10,"efficiency_decimal,lifetime_years,capital_cost_usd_per_mw,om_cost_usd_per_mw_per_yr,fuel_price,scenario_price",0,14,0.0,32,2030,2050,target,BRA
IMACLIM-NLU 1.0,EMF33_tax_hi_none,588,14,"BiomassCap, BiomassCap - w/ CCS, BiomassCap - w/o CCS, CoalCap, CoalCap - w/ CCS, CoalCap - w/o CCS, GasCap, GasCap - w/ CCS, GasCap - w/o CCS, HydroCap, NuclearCap, OilCap, OilCap - w/ CCS, OilCap - w/o CCS",588,0,100.0,278,47.28,588,100.0,504,85.71,168,28.57,18,"efficiency_decimal,lifetime_years,fuel_price",12,14,85.71,32,2025,2050,target,BRA
IMACLIM-NLU 1.0,EMF33_tax_lo_none,588,14,"BiomassCap, BiomassCap - w/ CCS, BiomassCap - w/o CCS, CoalCap, CoalCap - w/ CCS, CoalCap - w/o CCS, GasCap, GasCap - w/ CCS, GasCap - w/o CCS, HydroCap, NuclearCap, OilCap, OilCap - w/ CCS, OilCap - w/o CCS",588,0,100.0,276,46.94,588,100.0,504,85.71,168,28.57,19,"efficiency_decimal,lifetime_years,fuel_price",12,14,85.71,32,2025,2050,target,BRA
IMAGE 3.0,CO_2Deg2020,1842,18,"BiomassCap, BiomassCap - w/ CCS, BiomassCap - w/o CCS, CoalCap, CoalCap - w/ CCS, CoalCap - w/o CCS, GasCap, GasCap - w/ CCS, GasCap - w/o CCS, GeothermalCap, HydroCap, Hydrogen, NuclearCap, OilCap, OilCap - w/ CCS, OilCap - w/o CCS, WindCap - Offshore, WindCap - Onshore",1842,0,100.0,1098,59.61,1842,100.0,648,35.18,0,0.0,18,lifetime_years,17,18,94.44,103,2025,2050,target,BRA
IMAGE 3.0,CO_2Deg2030,1838,18,"BiomassCap, BiomassCap - w/ CCS, BiomassCap - w/o CCS, CoalCap, CoalCap - w/ CCS, CoalCap - w/o CCS, GasCap, GasCap - w/ CCS, GasCap - w/o CCS, GeothermalCap, HydroCap, Hydrogen, NuclearCap, OilCap, OilCap - w/ CCS, OilCap - w/o CCS, WindCap - Offshore, WindCap - Onshore",1838,0,100.0,1096,59.63,1838,100.0,870,47.33,64,3.48,35,lifetime_years,17,18,94.44,103,2025,2050,target,BRA
IMAGE 3.0,CO_BAU,1842,18,"BiomassCap, BiomassCap - w/ CCS, BiomassCap - w/o CCS, CoalCap, CoalCap - w/ CCS, CoalCap - w/o CCS, GasCap, GasCap - w/ CCS, GasCap - w/o CCS, GeothermalCap, HydroCap, Hydrogen, NuclearCap, OilCap, OilCap - w/ CCS, OilCap - w/o CCS, WindCap - Offshore, WindCap - Onshore",1842,0,100.0,1098,59.61,1842,100.0,648,35.18,0,0.0,18,lifetime_years,13,18,72.22,103,2025,2050,target,BRA
IMAGE 3.0,CO_Bridge,1839,18,"BiomassCap, BiomassCap - w/ CCS, BiomassCap - w/o CCS, CoalCap, CoalCap - w/ CCS, CoalCap - w/o CCS, GasCap, GasCap - w/ CCS, GasCap - w/o CCS, GeothermalCap, HydroCap, Hydrogen, NuclearCap, OilCap, OilCap - w/ CCS, OilCap - w/o CCS, WindCap - Offshore, WindCap - Onshore",1839,0,100.0,1095,59.54,1839,100.0,867,47.15,48,2.61,35,lifetime_years,17,18,94.44,103,2025,2050,target,BRA
IMAGE 3.0,CO_CurPol,1842,18,"BiomassCap, BiomassCap - w/ CCS, BiomassCap - w/o CCS, CoalCap, CoalCap - w/ CCS, CoalCap - w/o CCS, GasCap, GasCap - w/ CCS, GasCap - w/o CCS, GeothermalCap, HydroCap, Hydrogen, NuclearCap, OilCap, OilCap - w/ CCS, OilCap - w/o CCS, WindCap - Offshore, WindCap - Onshore",1842,0,100.0,1098,59.61,1842,100.0,648,35.18,0,0.0,18,lifetime_years,13,18,72.22,103,2025,2050,target,BRA
IMAGE 3.0,CO_GPP,1842,18,"BiomassCap, BiomassCap - w/ CCS, BiomassCap - w/o CCS, CoalCap, CoalCap - w/ CCS, CoalCap - w/o CCS, GasCap, GasCap - w/ CCS, GasCap - w/o CCS, GeothermalCap, HydroCap, Hydrogen, NuclearCap, OilCap, OilCap - w/ CCS, OilCap - w/o CCS, WindCap - Offshore, WindCap - Onshore",1842,0,100.0,1098,59.61,1842,100.0,648,35.18,0,0.0,18,lifetime_years,17,18,94.44,103,2025,2050,target,BRA
IMAGE 3.0,CO_NDCplus,1842,18,"BiomassCap, BiomassCap - w/ CCS, BiomassCap - w/o CCS, CoalCap, CoalCap - w/ CCS, CoalCap - w/o CCS, GasCap, GasCap - w/ CCS, GasCap - w/o CCS, GeothermalCap, HydroCap, Hydrogen, NuclearCap, OilCap, OilCap - w/ CCS, OilCap - w/o CCS, WindCap - Offshore, WindCap - Onshore",1842,0,100.0,1098,59.61,1842,100.0,648,35.18,0,0.0,18,lifetime_years,17,18,94.44,103,2025,2050,target,BRA
IMAGE 3.0,EN_INDCi2030_1000,2352,18,"BiomassCap, BiomassCap - w/ CCS, BiomassCap - w/o CCS, CoalCap, CoalCap - w/ CCS, CoalCap - w/o CCS, GasCap, GasCap - w/ CCS, GasCap - w/o CCS, GeothermalCap, HydroCap, Hydrogen, NuclearCap, OilCap, OilCap - w/ CCS, OilCap - w/o CCS, WindCap - Offshore, WindCap - Onshore",2352,0,100.0,1214,51.62,2352,100.0,966,41.07,0,0.0,22,lifetime_years,17,18,94.44,209,2025,2050,target,BRA
IMAGE 3.0,EN_INDCi2030_1000f,2352,18,"BiomassCap, BiomassCap - w/ CCS, BiomassCap - w/o CCS, CoalCap, CoalCap - w/ CCS, CoalCap - w/o CCS, GasCap, GasCap - w/ CCS, GasCap - w/o CCS, GeothermalCap, HydroCap, Hydrogen, NuclearCap, OilCap, OilCap - w/ CCS, OilCap - w/o CCS, WindCap - Offshore, WindCap - Onshore",2352,0,100.0,1231,52.34,2352,100.0,828,35.2,0,0.0,20,lifetime_years,17,18,94.44,209,2025,2050,target,BRA
IMAGE 3.0,EN_INDCi2030_1200,2349,18,"BiomassCap, BiomassCap - w/ CCS, BiomassCap - w/o CCS, CoalCap, CoalCap - w/ CCS, CoalCap - w/o CCS, GasCap, GasCap - w/ CCS, GasCap - w/o CCS, GeothermalCap, HydroCap, Hydrogen, NuclearCap, OilCap, OilCap - w/ CCS, OilCap - w/o CCS, WindCap - Offshore, WindCap - Onshore",2349,0,100.0,1219,51.89,2349,100.0,828,35.25,48,2.04,27,lifetime_years,17,18,94.44,209,2025,2050,target,BRA
IMAGE 3.0,EN_INDCi2030_1200f,2350,18,"BiomassCap, BiomassCap - w/ CCS, BiomassCap - w/o CCS, CoalCap, CoalCap - w/ CCS, CoalCap - w/o CCS, GasCap, GasCap - w/ CCS, GasCap - w/o CCS, GeothermalCap, HydroCap, Hydrogen, NuclearCap, OilCap, OilCap - w/ CCS, OilCap - w/o CCS, WindCap - Offshore, WindCap - Onshore",2350,0,100.0,1210,51.49,2350,100.0,828,35.23,32,1.36,27,lifetime_years,17,18,94.44,209,2025,2050,target,BRA
IMAGE 3.0,EN_INDCi2030_1400,2352,18,"BiomassCap, BiomassCap - w/ CCS, BiomassCap - w/o CCS, CoalCap, CoalCap - w/ CCS, CoalCap - w/o CCS, GasCap, GasCap - w/ CCS, GasCap - w/o CCS, GeothermalCap, HydroCap, Hydrogen, NuclearCap, OilCap, OilCap - w/ CCS, OilCap - w/o CCS, WindCap - Offshore, WindCap - Onshore",2352,0,100.0,1225,52.08,2352,100.0,828,35.2,0,0.0,20,lifetime_years,17,18,94.44,209,2025,2050,target,BRA
IMAGE 3.0,EN_INDCi2030_1400f,2352,18,"BiomassCap, BiomassCap - w/ CCS, BiomassCap - w/o CCS, CoalCap, CoalCap - w/ CCS, CoalCap - w/o CCS, GasCap, GasCap - w/ CCS, GasCap - w/o CCS, GeothermalCap, HydroCap, Hydrogen, NuclearCap, OilCap, OilCap - w/ CCS, OilCap - w/o CCS, WindCap - Offshore, WindCap - Onshore",2352,0,100.0,1211,51.49,2352,100.0,828,35.2,0,0.0,20,lifetime_years,17,18,94.44,209,2025,2050,target,BRA
IMAGE 3.0,EN_INDCi2030_3000,2352,18,"BiomassCap, BiomassCap - w/ CCS, BiomassCap - w/o CCS, CoalCap, CoalCap - w/ CCS, CoalCap - w/o CCS, GasCap, GasCap - w/ CCS, GasCap - w/o CCS, GeothermalCap, HydroCap, Hydrogen, NuclearCap, OilCap, OilCap - w/ CCS, OilCap - w/o CCS, WindCap - Offshore, WindCap - Onshore",2352,0,100.0,1320,56.12,2352,100.0,828,35.2,0,0.0,20,lifetime_years,17,18,94.44,209,2025,2050,target,BRA
IMAGE 3.0,EN_INDCi2030_3000f,2352,18,"BiomassCap, BiomassCap - w/ CCS, BiomassCap - w/o CCS, CoalCap, CoalCap - w/ CCS, CoalCap - w/o CCS, GasCap, GasCap - w/ CCS, GasCap - w/o CCS, GeothermalCap, HydroCap, Hydrogen, NuclearCap, OilCap, OilCap - w/ CCS, OilCap - w/o CCS, WindCap - Offshore, WindCap - Onshore",2352,0,100.0,1320,56.12,2352,100.0,828,35.2,0,0.0,20,lifetime_years,17,18,94.44,209,2025,2050,target,BRA
IMAGE 3.0,EN_INDCi2030_800f,2350,18,"BiomassCap, BiomassCap - w/ CCS, BiomassCap - w/o CCS, CoalCap, CoalCap - w/ CCS, CoalCap - w/o CCS, GasCap, GasCap - w/ CCS, GasCap - w/o CCS, GeothermalCap, HydroCap, Hydrogen, NuclearCap, OilCap, OilCap - w/ CCS, OilCap - w/o CCS, WindCap - Offshore, WindCap - Onshore",2350,0,100.0,1223,52.04,2350,100.0,1068,45.45,32,1.36,37,lifetime_years,17,18,94.44,209,2025,2050,target,BRA
IMAGE 3.0,EN_INDCi2100,2352,18,"BiomassCap, BiomassCap - w/ CCS, BiomassCap - w/o CCS, CoalCap, CoalCap - w/ CCS, CoalCap - w/o CCS, GasCap, GasCap - w/ CCS, GasCap - w/o CCS, GeothermalCap, HydroCap, Hydrogen, NuclearCap, OilCap, OilCap - w/ CCS, OilCap - w/o CCS, WindCap - Offshore, WindCap - Onshore",2352,0,100.0,1308,55.61,2352,100.0,828,35.2,0,0.0,20,lifetime_years,17,18,94.44,209,2025,2050,target,BRA
IMAGE 3.0,EN_NPi2020_1000,2352,18,"BiomassCap, BiomassCap - w/ CCS, BiomassCap - w/o CCS, CoalCap, CoalCap - w/ CCS, CoalCap - w/o CCS, GasCap, GasCap - w/ CCS, GasCap - w/o CCS, GeothermalCap, HydroCap, Hydrogen, NuclearCap, OilCap, OilCap - w/ CCS, OilCap - w/o CCS, WindCap - Offshore, WindCap - Onshore",2352,0,100.0,1156,49.15,2352,100.0,828,35.2,0,0.0,20,lifetime_years,17,18,94.44,209,2025,2050,target,BRA
IMAGE 3.0,EN_NPi2020_1000f,2352,18,"BiomassCap, BiomassCap - w/ CCS, BiomassCap - w/o CCS, CoalCap, CoalCap - w/ CCS, CoalCap - w/o CCS, GasCap, GasCap - w/ CCS, GasCap - w/o CCS, GeothermalCap, HydroCap, Hydrogen, NuclearCap, OilCap, OilCap - w/ CCS, OilCap - w/o CCS, WindCap - Offshore, WindCap - Onshore",2352,0,100.0,1147,48.77,2352,100.0,828,35.2,0,0.0,20,lifetime_years,17,18,94.44,209,2025,2050,target,BRA
IMAGE 3.0,EN_NPi2020_1200,2351,18,"BiomassCap, BiomassCap - w/ CCS, BiomassCap - w/o CCS, CoalCap, CoalCap - w/ CCS, CoalCap - w/o CCS, GasCap, GasCap - w/ CCS, GasCap - w/o CCS, GeothermalCap, HydroCap, Hydrogen, NuclearCap, OilCap, OilCap - w/ CCS, OilCap - w/o CCS, WindCap - Offshore, WindCap - Onshore",2351,0,100.0,1159,49.3,2351,100.0,828,35.22,16,0.68,27,lifetime_years,17,18,94.44,209,2025,2050,target,BRA
IMAGE 3.0,EN_NPi2020_1200f,2352,18,"BiomassCap, BiomassCap - w/ CCS, BiomassCap - w/o CCS, CoalCap, CoalCap - w/ CCS, CoalCap - w/o CCS, GasCap, GasCap - w/ CCS, GasCap - w/o CCS, GeothermalCap, HydroCap, Hydrogen, NuclearCap, OilCap, OilCap - w/ CCS, OilCap - w/o CCS, WindCap - Offshore, WindCap - Onshore",2352,0,100.0,1152,48.98,2352,100.0,828,35.2,0,0.0,20,lifetime_years,17,18,94.44,209,2025,2050,target,BRA
IMAGE 3.0,EN_NPi2020_1400,2352,18,"BiomassCap, BiomassCap - w/ CCS, BiomassCap - w/o CCS, CoalCap, CoalCap - w/ CCS, CoalCap - w/o CCS, GasCap, GasCap - w/ CCS, GasCap - w/o CCS, GeothermalCap, HydroCap, Hydrogen, NuclearCap, OilCap, OilCap - w/ CCS, OilCap - w/o CCS, WindCap - Offshore, WindCap - Onshore",2352,0,100.0,1175,49.96,2352,100.0,828,35.2,0,0.0,20,lifetime_years,17,18,94.44,209,2025,2050,target,BRA
IMAGE 3.0,EN_NPi2020_1400f,2352,18,"BiomassCap, BiomassCap - w/ CCS, BiomassCap - w/o CCS, CoalCap, CoalCap - w/ CCS, CoalCap - w/o CCS, GasCap, GasCap - w/ CCS, GasCap - w/o CCS, GeothermalCap, HydroCap, Hydrogen, NuclearCap, OilCap, OilCap - w/ CCS, OilCap - w/o CCS, WindCap - Offshore, WindCap - Onshore",2352,0,100.0,1159,49.28,2352,100.0,828,35.2,0,0.0,20,lifetime_years,17,18,94.44,209,2025,2050,target,BRA
IMAGE 3.0,EN_NPi2020_3000,2352,18,"BiomassCap, BiomassCap - w/ CCS, BiomassCap - w/o CCS, CoalCap, CoalCap - w/ CCS, CoalCap - w/o CCS, GasCap, GasCap - w/ CCS, GasCap - w/o CCS, GeothermalCap, HydroCap, Hydrogen, NuclearCap, OilCap, OilCap - w/ CCS, OilCap - w/o CCS, WindCap - Offshore, WindCap - Onshore",2352,0,100.0,1413,60.08,2352,100.0,828,35.2,0,0.0,20,lifetime_years,16,18,88.89,209,2025,2050,target,BRA
IMAGE 3.0,EN_NPi2020_3000f,2352,18,"BiomassCap, BiomassCap - w/ CCS, BiomassCap - w/o CCS, CoalCap, CoalCap - w/ CCS, CoalCap - w/o CCS, GasCap, GasCap - w/ CCS, GasCap - w/o CCS, GeothermalCap, HydroCap, Hydrogen, NuclearCap, OilCap, OilCap - w/ CCS, OilCap - w/o CCS, WindCap - Offshore, WindCap - Onshore",2352,0,100.0,1413,60.08,2352,100.0,828,35.2,0,0.0,20,lifetime_years,16,18,88.89,209,2025,2050,target,BRA
IMAGE 3.0,EN_NPi2020_600f,2350,18,"BiomassCap, BiomassCap - w/ CCS, BiomassCap - w/o CCS, CoalCap, CoalCap - w/ CCS, CoalCap - w/o CCS, GasCap, GasCap - w/ CCS, GasCap - w/o CCS, GeothermalCap, HydroCap, Hydrogen, NuclearCap, OilCap, OilCap - w/ CCS, OilCap - w/o CCS, WindCap - Offshore, WindCap - Onshore",2350,0,100.0,1161,49.4,2350,100.0,1101,46.85,32,1.36,29,lifetime_years,17,18,94.44,209,2025,2050,target,BRA
IMAGE 3.0,EN_NPi2020_800,2345,18,"BiomassCap, BiomassCap - w/ CCS, BiomassCap - w/o CCS, CoalCap, CoalCap - w/ CCS, CoalCap - w/o CCS, GasCap, GasCap - w/ CCS, GasCap - w/o CCS, GeothermalCap, HydroCap, Hydrogen, NuclearCap, OilCap, OilCap - w/ CCS, OilCap - w/o CCS, WindCap - Offshore, WindCap - Onshore",2345,0,100.0,1147,48.91,2345,100.0,1119,47.72,112,4.78,36,lifetime_years,17,18,94.44,209,2025,2050,target,BRA
IMAGE 3.0,EN_NPi2020_800f,2352,18,"BiomassCap, BiomassCap - w/ CCS, BiomassCap - w/o CCS, CoalCap, CoalCap - w/ CCS, CoalCap - w/o CCS, GasCap, GasCap - w/ CCS, GasCap - w/o CCS, GeothermalCap, HydroCap, Hydrogen, NuclearCap, OilCap, OilCap - w/ CCS, OilCap - w/o CCS, WindCap - Offshore, WindCap - Onshore",2352,0,100.0,1148,48.81,2352,100.0,828,35.2,0,0.0,20,lifetime_years,17,18,94.44,209,2025,2050,target,BRA
IMAGE 3.0,EN_NPi2100,2352,18,"BiomassCap, BiomassCap - w/ CCS, BiomassCap - w/o CCS, CoalCap, CoalCap - w/ CCS, CoalCap - w/o CCS, GasCap, GasCap - w/ CCS, GasCap - w/o CCS, GeothermalCap, HydroCap, Hydrogen, NuclearCap, OilCap, OilCap - w/ CCS, OilCap - w/o CCS, WindCap - Offshore, WindCap - Onshore",2352,0,100.0,1426,60.63,2352,100.0,828,35.2,0,0.0,20,lifetime_years,16,18,88.89,209,2025,2050,target,BRA
IMAGE 3.0,EN_NoPolicy,2352,18,"BiomassCap, BiomassCap - w/ CCS, BiomassCap - w/o CCS, CoalCap, CoalCap - w/ CCS, CoalCap - w/o CCS, GasCap, GasCap - w/ CCS, GasCap - w/o CCS, GeothermalCap, HydroCap, Hydrogen, NuclearCap, OilCap, OilCap - w/ CCS, OilCap - w/o CCS, WindCap - Offshore, WindCap - Onshore",2352,0,100.0,1431,60.84,2352,100.0,828,35.2,0,0.0,20,lifetime_years,13,18,72.22,209,2025,2050,target,BRA
IMAGE 3.2,SSP1-baseline,2346,17,"BiomassCap, BiomassCap - w/ CCS, BiomassCap - w/o CCS, CoalCap, CoalCap - w/ CCS, CoalCap - w/o CCS, GasCap, GasCap - w/ CCS, GasCap - w/o CCS, HydroCap, Hydrogen, NuclearCap, OilCap, OilCap - w/ CCS, OilCap - w/o CCS, WindCap - Offshore, WindCap - Onshore",2346,0,100.0,1675,71.4,2346,100.0,828,35.29,0,0.0,20,"efficiency_decimal,lifetime_years,capital_cost_usd_per_mw,om_cost_usd_per_mw_per_yr",13,17,76.47,209,2025,2050,baseline,BRA
IMAGE 3.2,SSP1_SPA1_19I_D,2346,17,"BiomassCap, BiomassCap - w/ CCS, BiomassCap - w/o CCS, CoalCap, CoalCap - w/ CCS, CoalCap - w/o CCS, GasCap, GasCap - w/ CCS, GasCap - w/o CCS, HydroCap, Hydrogen, NuclearCap, OilCap, OilCap - w/ CCS, OilCap - w/o CCS, WindCap - Offshore, WindCap - Onshore",2346,0,100.0,1318,56.18,2346,100.0,828,35.29,0,0.0,22,lifetime_years,17,17,100.0,209,2025,2050,target,BRA
IMAGE 3.2,SSP1_SPA1_19I_D_LB,2343,17,"BiomassCap, BiomassCap - w/ CCS, BiomassCap - w/o CCS, CoalCap, CoalCap - w/ CCS, CoalCap - w/o CCS, GasCap, GasCap - w/ CCS, GasCap - w/o CCS, HydroCap, Hydrogen, NuclearCap, OilCap, OilCap - w/ CCS, OilCap - w/o CCS, WindCap - Offshore, WindCap - Onshore",2343,0,100.0,1341,57.23,2343,100.0,1167,49.81,48,2.05,39,lifetime_years,17,17,100.0,209,2025,2050,target,BRA
IMAGE 3.2,SSP1_SPA1_19I_LI,2346,17,"BiomassCap, BiomassCap - w/ CCS, BiomassCap - w/o CCS, CoalCap, CoalCap - w/ CCS, CoalCap - w/o CCS, GasCap, GasCap - w/ CCS, GasCap - w/o CCS, HydroCap, Hydrogen, NuclearCap, OilCap, OilCap - w/ CCS, OilCap - w/o CCS, WindCap - Offshore, WindCap - Onshore",2346,0,100.0,1320,56.27,2346,100.0,828,35.29,0,0.0,22,lifetime_years,17,17,100.0,209,2025,2050,target,BRA
IMAGE 3.2,SSP1_SPA1_19I_LIRE,2346,17,"BiomassCap, BiomassCap - w/ CCS, BiomassCap - w/o CCS, CoalCap, CoalCap - w/ CCS, CoalCap - w/o CCS, GasCap, GasCap - w/ CCS, GasCap - w/o CCS, HydroCap, Hydrogen, NuclearCap, OilCap, OilCap - w/ CCS, OilCap - w/o CCS, WindCap - Offshore, WindCap - Onshore",2346,0,100.0,1312,55.92,2346,100.0,828,35.29,0,0.0,22,lifetime_years,17,17,100.0,209,2025,2050,target,BRA
IMAGE 3.2,SSP1_SPA1_19I_LIRE_LB,2343,17,"BiomassCap, BiomassCap - w/ CCS, BiomassCap - w/o CCS, CoalCap, CoalCap - w/ CCS, CoalCap - w/o CCS, GasCap, GasCap - w/ CCS, GasCap - w/o CCS, HydroCap, Hydrogen, NuclearCap, OilCap, OilCap - w/ CCS, OilCap - w/o CCS, WindCap - Offshore, WindCap - Onshore",2343,0,100.0,1325,56.55,2343,100.0,1167,49.81,48,2.05,40,lifetime_years,17,17,100.0,209,2025,2050,target,BRA
IMAGE 3.2,SSP1_SPA1_19I_RE,2346,17,"BiomassCap, BiomassCap - w/ CCS, BiomassCap - w/o CCS, CoalCap, CoalCap - w/ CCS, CoalCap - w/o CCS, GasCap, GasCap - w/ CCS, GasCap - w/o CCS, HydroCap, Hydrogen, NuclearCap, OilCap, OilCap - w/ CCS, OilCap - w/o CCS, WindCap - Offshore, WindCap - Onshore",2346,0,100.0,1320,56.27,2346,100.0,828,35.29,0,0.0,22,lifetime_years,17,17,100.0,209,2025,2050,target,BRA
IMAGE 3.2,SSP1_SPA1_19I_RE_LB,2343,17,"BiomassCap, BiomassCap - w/ CCS, BiomassCap - w/o CCS, CoalCap, CoalCap - w/ CCS, CoalCap - w/o CCS, GasCap, GasCap - w/ CCS, GasCap - w/o CCS, HydroCap, Hydrogen, NuclearCap, OilCap, OilCap - w/ CCS, OilCap - w/o CCS, WindCap - Offshore, WindCap - Onshore",2343,0,100.0,1335,56.98,2343,100.0,1167,49.81,48,2.05,39,lifetime_years,17,17,100.0,209,2025,2050,target,BRA
IMAGE 3.2,SSP1_SPA1_26I_D,2346,17,"BiomassCap, BiomassCap - w/ CCS, BiomassCap - w/o CCS, CoalCap, CoalCap - w/ CCS, CoalCap - w/o CCS, GasCap, GasCap - w/ CCS, GasCap - w/o CCS, HydroCap, Hydrogen, NuclearCap, OilCap, OilCap - w/ CCS, OilCap - w/o CCS, WindCap - Offshore, WindCap - Onshore",2346,0,100.0,1359,57.93,2346,100.0,828,35.29,0,0.0,22,lifetime_years,17,17,100.0,209,2025,2050,target,BRA
IMAGE 3.2,SSP1_SPA1_26I_LI,2346,17,"BiomassCap, BiomassCap - w/ CCS, BiomassCap - w/o CCS, CoalCap, CoalCap - w/ CCS, CoalCap - w/o CCS, GasCap, GasCap - w/ CCS, GasCap - w/o CCS, HydroCap, Hydrogen, NuclearCap, OilCap, OilCap - w/ CCS, OilCap - w/o CCS, WindCap - Offshore, WindCap - Onshore",2346,0,100.0,1415,60.32,2346,100.0,828,35.29,0,0.0,22,lifetime_years,17,17,100.0,209,2025,2050,target,BRA
IMAGE 3.2,SSP1_SPA1_26I_LIRE,2346,17,"BiomassCap, BiomassCap - w/ CCS, BiomassCap - w/o CCS, CoalCap, CoalCap - w/ CCS, CoalCap - w/o CCS, GasCap, GasCap - w/ CCS, GasCap - w/o CCS, HydroCap, Hydrogen, NuclearCap, OilCap, OilCap - w/ CCS, OilCap - w/o CCS, WindCap - Offshore, WindCap - Onshore",2346,0,100.0,1420,60.53,2346,100.0,828,35.29,0,0.0,22,lifetime_years,17,17,100.0,209,2025,2050,target,BRA
IMAGE 3.2,SSP1_SPA1_26I_RE,2346,17,"BiomassCap, BiomassCap - w/ CCS, BiomassCap - w/o CCS, CoalCap, CoalCap - w/ CCS, CoalCap - w/o CCS, GasCap, GasCap - w/ CCS, GasCap - w/o CCS, HydroCap, Hydrogen, NuclearCap, OilCap, OilCap - w/ CCS, OilCap - w/o CCS, WindCap - Offshore, WindCap - Onshore",2346,0,100.0,1388,59.16,2346,100.0,828,35.29,0,0.0,22,lifetime_years,17,17,100.0,209,2025,2050,target,BRA
IMAGE 3.2,SSP1_SPA1_34I_D,2346,17,"BiomassCap, BiomassCap - w/ CCS, BiomassCap - w/o CCS, CoalCap, CoalCap - w/ CCS, CoalCap - w/o CCS, GasCap, GasCap - w/ CCS, GasCap - w/o CCS, HydroCap, Hydrogen, NuclearCap, OilCap, OilCap - w/ CCS, OilCap - w/o CCS, WindCap - Offshore, WindCap - Onshore",2346,0,100.0,1478,63.0,2346,100.0,828,35.29,0,0.0,21,lifetime_years,17,17,100.0,209,2025,2050,target,BRA
IMAGE 3.2,SSP1_SPA1_34I_LI,2346,17,"BiomassCap, BiomassCap - w/ CCS, BiomassCap - w/o CCS, CoalCap, CoalCap - w/ CCS, CoalCap - w/o CCS, GasCap, GasCap - w/ CCS, GasCap - w/o CCS, HydroCap, Hydrogen, NuclearCap, OilCap, OilCap - w/ CCS, OilCap - w/o CCS, WindCap - Offshore, WindCap - Onshore",2346,0,100.0,1540,65.64,2346,100.0,828,35.29,0,0.0,20,lifetime_years,16,17,94.12,209,2025,2050,target,BRA
IMAGE 3.2,SSP1_SPA1_34I_LIRE,2346,17,"BiomassCap, BiomassCap - w/ CCS, BiomassCap - w/o CCS, CoalCap, CoalCap - w/ CCS, CoalCap - w/o CCS, GasCap, GasCap - w/ CCS, GasCap - w/o CCS, HydroCap, Hydrogen, NuclearCap, OilCap, OilCap - w/ CCS, OilCap - w/o CCS, WindCap - Offshore, WindCap - Onshore",2346,0,100.0,1554,66.24,2346,100.0,828,35.29,0,0.0,20,lifetime_years,16,17,94.12,209,2025,2050,target,BRA
IMAGE 3.2,SSP1_SPA1_34I_RE,2346,17,"BiomassCap, BiomassCap - w/ CCS, BiomassCap - w/o CCS, CoalCap, CoalCap - w/ CCS, CoalCap - w/o CCS, GasCap, GasCap - w/ CCS, GasCap - w/o CCS, HydroCap, Hydrogen, NuclearCap, OilCap, OilCap - w/ CCS, OilCap - w/o CCS, WindCap - Offshore, WindCap - Onshore",2346,0,100.0,1498,63.85,2346,100.0,828,35.29,0,0.0,20,lifetime_years,16,17,94.12,209,2025,2050,target,BRA
IMAGE 3.2,SSP2-baseline,2346,17,"BiomassCap, BiomassCap - w/ CCS, BiomassCap - w/o CCS, CoalCap, CoalCap - w/ CCS, CoalCap - w/o CCS, GasCap, GasCap - w/ CCS, GasCap - w/o CCS, HydroCap, Hydrogen, NuclearCap, OilCap, OilCap - w/ CCS, OilCap - w/o CCS, WindCap - Offshore, WindCap - Onshore",2346,0,100.0,1677,71.48,2346,100.0,828,35.29,0,0.0,20,"efficiency_decimal,lifetime_years,capital_cost_usd_per_mw,om_cost_usd_per_mw_per_yr",13,17,76.47,209,2025,2050,baseline,BRA
IMAGE 3.2,SSP2_SPA0_26I_D,2352,18,"BiomassCap, BiomassCap - w/ CCS, BiomassCap - w/o CCS, CoalCap, CoalCap - w/ CCS, CoalCap - w/o CCS, GasCap, GasCap - w/ CCS, GasCap - w/o CCS, GeothermalCap, HydroCap, Hydrogen, NuclearCap, OilCap, OilCap - w/ CCS, OilCap - w/o CCS, WindCap - Offshore, WindCap - Onshore",2352,0,100.0,1507,64.07,2352,100.0,828,35.2,0,0.0,18,lifetime_years,16,18,88.89,209,2025,2050,target,BRA
IMAGE 3.2,SSP2_SPA1_19I_D_LB,2345,17,"BiomassCap, BiomassCap - w/ CCS, BiomassCap - w/o CCS, CoalCap, CoalCap - w/ CCS, CoalCap - w/o CCS, GasCap, GasCap - w/ CCS, GasCap - w/o CCS, HydroCap, Hydrogen, NuclearCap, OilCap, OilCap - w/ CCS, OilCap - w/o CCS, WindCap - Offshore, WindCap - Onshore",2345,0,100.0,1322,56.38,2345,100.0,1167,49.77,16,0.68,31,lifetime_years,17,17,100.0,209,2025,2050,target,BRA
IMAGE 3.2,SSP2_SPA1_19I_LIRE_LB,2343,17,"BiomassCap, BiomassCap - w/ CCS, BiomassCap - w/o CCS, CoalCap, CoalCap - w/ CCS, CoalCap - w/o CCS, GasCap, GasCap - w/ CCS, GasCap - w/o CCS, HydroCap, Hydrogen, NuclearCap, OilCap, OilCap - w/ CCS, OilCap - w/o CCS, WindCap - Offshore, WindCap - Onshore",2343,0,100.0,1326,56.59,2343,100.0,1167,49.81,48,2.05,42,lifetime_years,17,17,100.0,209,2025,2050,target,BRA
IMAGE 3.2,SSP2_SPA1_19I_RE_LB,2344,17,"BiomassCap, BiomassCap - w/ CCS, BiomassCap - w/o CCS, CoalCap, CoalCap - w/ CCS, CoalCap - w/o CCS, GasCap, GasCap - w/ CCS, GasCap - w/o CCS, HydroCap, Hydrogen, NuclearCap, OilCap, OilCap - w/ CCS, OilCap - w/o CCS, WindCap - Offshore, WindCap - Onshore",2344,0,100.0,1323,56.44,2344,100.0,1167,49.79,32,1.37,32,lifetime_years,17,17,100.0,209,2025,2050,target,BRA
IMAGE 3.2,SSP2_SPA2_19I_D,2346,17,"BiomassCap, BiomassCap - w/ CCS, BiomassCap - w/o CCS, CoalCap, CoalCap - w/ CCS, CoalCap - w/o CCS, GasCap, GasCap - w/ CCS, GasCap - w/o CCS, HydroCap, Hydrogen, NuclearCap, OilCap, OilCap - w/ CCS, OilCap - w/o CCS, WindCap - Offshore, WindCap - Onshore",2346,0,100.0,1320,56.27,2346,100.0,849,36.19,0,0.0,23,lifetime_years,17,17,100.0,209,2025,2050,target,BRA
IMAGE 3.2,SSP2_SPA2_19I_LI,2344,17,"BiomassCap, BiomassCap - w/ CCS, BiomassCap - w/o CCS, CoalCap, CoalCap - w/ CCS, CoalCap - w/o CCS, GasCap, GasCap - w/ CCS, GasCap - w/o CCS, HydroCap, Hydrogen, NuclearCap, OilCap, OilCap - w/ CCS, OilCap - w/o CCS, WindCap - Offshore, WindCap - Onshore",2344,0,100.0,1359,57.98,2344,100.0,1167,49.79,32,1.37,41,lifetime_years,17,17,100.0,209,2025,2050,target,BRA
IMAGE 3.2,SSP2_SPA2_19I_LIRE,2343,17,"BiomassCap, BiomassCap - w/ CCS, BiomassCap - w/o CCS, CoalCap, CoalCap - w/ CCS, CoalCap - w/o CCS, GasCap, GasCap - w/ CCS, GasCap - w/o CCS, HydroCap, Hydrogen, NuclearCap, OilCap, OilCap - w/ CCS, OilCap - w/o CCS, WindCap - Offshore, WindCap - Onshore",2343,0,100.0,1336,57.02,2343,100.0,837,35.72,48,2.05,41,lifetime_years,17,17,100.0,209,2025,2050,target,BRA
IMAGE 3.2,SSP2_SPA2_19I_RE,2342,17,"BiomassCap, BiomassCap - w/ CCS, BiomassCap - w/o CCS, CoalCap, CoalCap - w/ CCS, CoalCap - w/o CCS, GasCap, GasCap - w/ CCS, GasCap - w/o CCS, HydroCap, Hydrogen, NuclearCap, OilCap, OilCap - w/ CCS, OilCap - w/o CCS, WindCap - Offshore, WindCap - Onshore",2342,0,100.0,1350,57.64,2342,100.0,1149,49.06,64,2.73,40,lifetime_years,17,17,100.0,209,2025,2050,target,BRA
IMAGE 3.2,SSP2_SPA2_26I_D,2346,17,"BiomassCap, BiomassCap - w/ CCS, BiomassCap - w/o CCS, CoalCap, CoalCap - w/ CCS, CoalCap - w/o CCS, GasCap, GasCap - w/ CCS, GasCap - w/o CCS, HydroCap, Hydrogen, NuclearCap, OilCap, OilCap - w/ CCS, OilCap - w/o CCS, WindCap - Offshore, WindCap - Onshore",2346,0,100.0,1349,57.5,2346,100.0,828,35.29,0,0.0,22,lifetime_years,17,17,100.0,209,2025,2050,target,BRA
IMAGE 3.2,SSP2_SPA2_26I_LI,2344,17,"BiomassCap, BiomassCap - w/ CCS, BiomassCap - w/o CCS, CoalCap, CoalCap - w/ CCS, CoalCap - w/o CCS, GasCap, GasCap - w/ CCS, GasCap - w/o CCS, HydroCap, Hydrogen, NuclearCap, OilCap, OilCap - w/ CCS, OilCap - w/o CCS, WindCap - Offshore, WindCap - Onshore",2344,0,100.0,1398,59.64,2344,100.0,828,35.32,32,1.37,37,lifetime_years,17,17,100.0,209,2025,2050,target,BRA
IMAGE 3.2,SSP2_SPA2_26I_LIRE,2343,17,"BiomassCap, BiomassCap - w/ CCS, BiomassCap - w/o CCS, CoalCap, CoalCap - w/ CCS, CoalCap - w/o CCS, GasCap, GasCap - w/ CCS, GasCap - w/o CCS, HydroCap, Hydrogen, NuclearCap, OilCap, OilCap - w/ CCS, OilCap - w/o CCS, WindCap - Offshore, WindCap - Onshore",2343,0,100.0,1384,59.07,2343,100.0,828,35.34,48,2.05,40,lifetime_years,17,17,100.0,209,2025,2050,target,BRA
IMAGE 3.2,SSP2_SPA2_26I_RE,2345,17,"BiomassCap, BiomassCap - w/ CCS, BiomassCap - w/o CCS, CoalCap, CoalCap - w/ CCS, CoalCap - w/o CCS, GasCap, GasCap - w/ CCS, GasCap - w/o CCS, HydroCap, Hydrogen, NuclearCap, OilCap, OilCap - w/ CCS, OilCap - w/o CCS, WindCap - Offshore, WindCap - Onshore",2345,0,100.0,1339,57.1,2345,100.0,828,35.31,16,0.68,30,lifetime_years,17,17,100.0,209,2025,2050,target,BRA
IMAGE 3.2,SSP2_SPA2_34I_D,2346,17,"BiomassCap, BiomassCap - w/ CCS, BiomassCap - w/o CCS, CoalCap, CoalCap - w/ CCS, CoalCap - w/o CCS, GasCap, GasCap - w/ CCS, GasCap - w/o CCS, HydroCap, Hydrogen, NuclearCap, OilCap, OilCap - w/ CCS, OilCap - w/o CCS, WindCap - Offshore, WindCap - Onshore",2346,0,100.0,1405,59.89,2346,100.0,828,35.29,0,0.0,22,lifetime_years,17,17,100.0,209,2025,2050,target,BRA
IMAGE 3.2,SSP2_SPA2_34I_LI,2344,17,"BiomassCap, BiomassCap - w/ CCS, BiomassCap - w/o CCS, CoalCap, CoalCap - w/ CCS, CoalCap - w/o CCS, GasCap, GasCap - w/ CCS, GasCap - w/o CCS, HydroCap, Hydrogen, NuclearCap, OilCap, OilCap - w/ CCS, OilCap - w/o CCS, WindCap - Offshore, WindCap - Onshore",2344,0,100.0,1468,62.63,2344,100.0,828,35.32,32,1.37,36,lifetime_years,17,17,100.0,209,2025,2050,target,BRA
IMAGE 3.2,SSP2_SPA2_34I_LIRE,2343,17,"BiomassCap, BiomassCap - w/ CCS, BiomassCap - w/o CCS, CoalCap, CoalCap - w/ CCS, CoalCap - w/o CCS, GasCap, GasCap - w/ CCS, GasCap - w/o CCS, HydroCap, Hydrogen, NuclearCap, OilCap, OilCap - w/ CCS, OilCap - w/o CCS, WindCap - Offshore, WindCap - Onshore",2343,0,100.0,1472,62.83,2343,100.0,828,35.34,48,2.05,37,lifetime_years,17,17,100.0,209,2025,2050,target,BRA
IMAGE 3.2,SSP2_SPA2_34I_RE,2344,17,"BiomassCap, BiomassCap - w/ CCS, BiomassCap - w/o CCS, CoalCap, CoalCap - w/ CCS, CoalCap - w/o CCS, GasCap, GasCap - w/ CCS, GasCap - w/o CCS, HydroCap, Hydrogen, NuclearCap, OilCap, OilCap - w/ CCS, OilCap - w/o CCS, WindCap - Offshore, WindCap - Onshore",2344,0,100.0,1386,59.13,2344,100.0,828,35.32,32,1.37,30,lifetime_years,17,17,100.0,209,2025,2050,target,BRA
IMAGE 3.2,SSP2_SPA2_45I_D,2346,17,"BiomassCap, BiomassCap - w/ CCS, BiomassCap - w/o CCS, CoalCap, CoalCap - w/ CCS, CoalCap - w/o CCS, GasCap, GasCap - w/ CCS, GasCap - w/o CCS, HydroCap, Hydrogen, NuclearCap, OilCap, OilCap - w/ CCS, OilCap - w/o CCS, WindCap - Offshore, WindCap - Onshore",2346,0,100.0,1460,62.23,2346,100.0,828,35.29,0,0.0,21,lifetime_years,17,17,100.0,209,2025,2050,target,BRA
IMAGE 3.2,SSP2_SPA2_45I_LI,2344,17,"BiomassCap, BiomassCap - w/ CCS, BiomassCap - w/o CCS, CoalCap, CoalCap - w/ CCS, CoalCap - w/o CCS, GasCap, GasCap - w/ CCS, GasCap - w/o CCS, HydroCap, Hydrogen, NuclearCap, OilCap, OilCap - w/ CCS, OilCap - w/o CCS, WindCap - Offshore, WindCap - Onshore",2344,0,100.0,1514,64.59,2344,100.0,828,35.32,32,1.37,36,lifetime_years,17,17,100.0,209,2025,2050,target,BRA
IMAGE 3.2,SSP2_SPA2_45I_LIRE,2343,17,"BiomassCap, BiomassCap - w/ CCS, BiomassCap - w/o CCS, CoalCap, CoalCap - w/ CCS, CoalCap - w/o CCS, GasCap, GasCap - w/ CCS, GasCap - w/o CCS, HydroCap, Hydrogen, NuclearCap, OilCap, OilCap - w/ CCS, OilCap - w/o CCS, WindCap - Offshore, WindCap - Onshore",2343,0,100.0,1505,64.23,2343,100.0,828,35.34,48,2.05,39,lifetime_years,17,17,100.0,209,2025,2050,target,BRA
IMAGE 3.2,SSP2_SPA2_45I_RE,2344,17,"BiomassCap, BiomassCap - w/ CCS, BiomassCap - w/o CCS, CoalCap, CoalCap - w/ CCS, CoalCap - w/o CCS, GasCap, GasCap - w/ CCS, GasCap - w/o CCS, HydroCap, Hydrogen, NuclearCap, OilCap, OilCap - w/ CCS, OilCap - w/o CCS, WindCap - Offshore, WindCap - Onshore",2344,0,100.0,1442,61.52,2344,100.0,828,35.32,32,1.37,29,lifetime_years,17,17,100.0,209,2025,2050,target,BRA
IMAGE 3.2,SSP3-baseline,2346,17,"BiomassCap, BiomassCap - w/ CCS, BiomassCap - w/o CCS, CoalCap, CoalCap - w/ CCS, CoalCap - w/o CCS, GasCap, GasCap - w/ CCS, GasCap - w/o CCS, HydroCap, Hydrogen, NuclearCap, OilCap, OilCap - w/ CCS, OilCap - w/o CCS, WindCap - Offshore, WindCap - Onshore",2346,0,100.0,1687,71.91,2346,100.0,828,35.29,0,0.0,20,"efficiency_decimal,lifetime_years,capital_cost_usd_per_mw,om_cost_usd_per_mw_per_yr",13,17,76.47,209,2025,2050,target,BRA
IMAGE 3.2,SSP4-baseline,2346,17,"BiomassCap, BiomassCap - w/ CCS, BiomassCap - w/o CCS, CoalCap, CoalCap - w/ CCS, CoalCap - w/o CCS, GasCap, GasCap - w/ CCS, GasCap - w/o CCS, HydroCap, Hydrogen, NuclearCap, OilCap, OilCap - w/ CCS, OilCap - w/o CCS, WindCap - Offshore, WindCap - Onshore",2346,0,100.0,1671,71.23,2346,100.0,828,35.29,0,0.0,20,"efficiency_decimal,lifetime_years,capital_cost_usd_per_mw,om_cost_usd_per_mw_per_yr",13,17,76.47,209,2025,2050,target,BRA
IMAGE 3.2,SSP5-baseline,2346,17,"BiomassCap, BiomassCap - w/ CCS, BiomassCap - w/o CCS, CoalCap, CoalCap - w/ CCS, CoalCap - w/o CCS, GasCap, GasCap - w/ CCS, GasCap - w/o CCS, HydroCap, Hydrogen, NuclearCap, OilCap, OilCap - w/ CCS, OilCap - w/o CCS, WindCap - Offshore, WindCap - Onshore",2346,0,100.0,1682,71.7,2346,100.0,828,35.29,0,0.0,22,"efficiency_decimal,lifetime_years,capital_cost_usd_per_mw,om_cost_usd_per_mw_per_yr",13,17,76.47,209,2025,2050,target,BRA
IPAC-AIM/technology V1.0,CD-LINKS_INDC,156,13,"BiomassCap, BiomassCap - w/ CCS, BiomassCap - w/o CCS, CoalCap, CoalCap - w/ CCS, CoalCap - w/o CCS, GasCap, GasCap - w/ CCS, GasCap - w/o CCS, GeothermalCap, HydroCap, NuclearCap, OilCap",156,0,100.0,156,100.0,156,100.0,120,76.92,156,100.0,3,"efficiency_decimal,lifetime_years,capital_cost_usd_per_mw,om_cost_usd_per_mw_per_yr,fuel_price,scenario_price",0,13,0.0,1,2025,2050,target,CHN
IPAC-AIM/technology V1.0,CD-LINKS_INDC2030_high,156,13,"BiomassCap, BiomassCap - w/ CCS, BiomassCap - w/o CCS, CoalCap, CoalCap - w/ CCS, CoalCap - w/o CCS, GasCap, GasCap - w/ CCS, GasCap - w/o CCS, GeothermalCap, HydroCap, NuclearCap, OilCap",156,0,100.0,156,100.0,156,100.0,120,76.92,156,100.0,3,"efficiency_decimal,lifetime_years,capital_cost_usd_per_mw,om_cost_usd_per_mw_per_yr,fuel_price,scenario_price",0,13,0.0,1,2025,2050,target,CHN
IPAC-AIM/technology V1.0,CD-LINKS_INDC2030_low,156,13,"BiomassCap, BiomassCap - w/ CCS, BiomassCap - w/o CCS, CoalCap, CoalCap - w/ CCS, CoalCap - w/o CCS, GasCap, GasCap - w/ CCS, GasCap - w/o CCS, GeothermalCap, HydroCap, NuclearCap, OilCap",156,0,100.0,156,100.0,156,100.0,120,76.92,156,100.0,3,"efficiency_decimal,lifetime_years,capital_cost_usd_per_mw,om_cost_usd_per_mw_per_yr,fuel_price,scenario_price",0,13,0.0,1,2025,2050,target,CHN
IPAC-AIM/technology V1.0,CD-LINKS_NPi,156,13,"BiomassCap, BiomassCap - w/ CCS, BiomassCap - w/o CCS, CoalCap, CoalCap - w/ CCS, CoalCap - w/o CCS, GasCap, GasCap - w/ CCS, GasCap - w/o CCS, GeothermalCap, HydroCap, NuclearCap, OilCap",156,0,100.0,156,100.0,156,100.0,120,76.92,156,100.0,3,"efficiency_decimal,lifetime_years,capital_cost_usd_per_mw,om_cost_usd_per_mw_per_yr,fuel_price,scenario_price",0,13,0.0,1,2025,2050,target,CHN
IPAC-AIM/technology V1.0,CD-LINKS_NPi2020_high,156,13,"BiomassCap, BiomassCap - w/ CCS, BiomassCap - w/o CCS, CoalCap, CoalCap - w/ CCS, CoalCap - w/o CCS, GasCap, GasCap - w/ CCS, GasCap - w/o CCS, GeothermalCap, HydroCap, NuclearCap, OilCap",156,0,100.0,156,100.0,156,100.0,120,76.92,156,100.0,3,"efficiency_decimal,lifetime_years,capital_cost_usd_per_mw,om_cost_usd_per_mw_per_yr,fuel_price,scenario_price",0,13,0.0,1,2025,2050,target,CHN
IPAC-AIM/technology V1.0,CD-LINKS_NPi2020_low,156,13,"BiomassCap, BiomassCap - w/ CCS, BiomassCap - w/o CCS, CoalCap, CoalCap - w/ CCS, CoalCap - w/o CCS, GasCap, GasCap - w/ CCS, GasCap - w/o CCS, GeothermalCap, HydroCap, NuclearCap, OilCap",156,0,100.0,156,100.0,156,100.0,120,76.92,156,100.0,3,"efficiency_decimal,lifetime_years,capital_cost_usd_per_mw,om_cost_usd_per_mw_per_yr,fuel_price,scenario_price",0,13,0.0,1,2025,2050,target,CHN
IPAC-AIM/technology V1.0,CD-LINKS_NoPOL,156,13,"BiomassCap, BiomassCap - w/ CCS, BiomassCap - w/o CCS, CoalCap, CoalCap - w/ CCS, CoalCap - w/o CCS, GasCap, GasCap - w/ CCS, GasCap - w/o CCS, GeothermalCap, HydroCap, NuclearCap, OilCap",156,0,100.0,156,100.0,156,100.0,120,76.92,156,100.0,3,"efficiency_decimal,lifetime_years,capital_cost_usd_per_mw,om_cost_usd_per_mw_per_yr,fuel_price,scenario_price",0,13,0.0,1,2025,2050,target,CHN
IPAC-AIM/technology-China 1.0,CO_1.5Deg2020,140,14,"BiomassCap, BiomassCap - w/ CCS, BiomassCap - w/o CCS, CoalCap, CoalCap - w/ CCS, CoalCap - w/o CCS, GasCap, GasCap - w/ CCS, GasCap - w/o CCS, HydroCap, NuclearCap, OilCap, OilCap - w/ CCS, OilCap - w/o CCS",140,0,100.0,140,100.0,140,100.0,120,85.71,140,100.0,3,"efficiency_decimal,lifetime_years,capital_cost_usd_per_mw,om_cost_usd_per_mw_per_yr,fuel_price,scenario_price",6,14,42.86,1,2025,2050,target,CHN
IPAC-AIM/technology-China 1.0,CO_1.5Deg2030,140,14,"BiomassCap, BiomassCap - w/ CCS, BiomassCap - w/o CCS, CoalCap, CoalCap - w/ CCS, CoalCap - w/o CCS, GasCap, GasCap - w/ CCS, GasCap - w/o CCS, HydroCap, NuclearCap, OilCap, OilCap - w/ CCS, OilCap - w/o CCS",140,0,100.0,140,100.0,140,100.0,120,85.71,140,100.0,3,"efficiency_decimal,lifetime_years,capital_cost_usd_per_mw,om_cost_usd_per_mw_per_yr,fuel_price,scenario_price",6,14,42.86,1,2025,2050,target,CHN
IPAC-AIM/technology-China 1.0,CO_2Deg2020,140,14,"BiomassCap, BiomassCap - w/ CCS, BiomassCap - w/o CCS, CoalCap, CoalCap - w/ CCS, CoalCap - w/o CCS, GasCap, GasCap - w/ CCS, GasCap - w/o CCS, HydroCap, NuclearCap, OilCap, OilCap - w/ CCS, OilCap - w/o CCS",140,0,100.0,140,100.0,140,100.0,120,85.71,140,100.0,3,"efficiency_decimal,lifetime_years,capital_cost_usd_per_mw,om_cost_usd_per_mw_per_yr,fuel_price,scenario_price",6,14,42.86,1,2025,2050,target,CHN
IPAC-AIM/technology-China 1.0,CO_BAU,140,14,"BiomassCap, BiomassCap - w/ CCS, BiomassCap - w/o CCS, CoalCap, CoalCap - w/ CCS, CoalCap - w/o CCS, GasCap, GasCap - w/ CCS, GasCap - w/o CCS, HydroCap, NuclearCap, OilCap, OilCap - w/ CCS, OilCap - w/o CCS",140,0,100.0,140,100.0,140,100.0,120,85.71,140,100.0,3,"efficiency_decimal,lifetime_years,capital_cost_usd_per_mw,om_cost_usd_per_mw_per_yr,fuel_price,scenario_price",6,14,42.86,1,2025,2050,target,CHN
IPAC-AIM/technology-China 1.0,CO_Bridge,140,14,"BiomassCap, BiomassCap - w/ CCS, BiomassCap - w/o CCS, CoalCap, CoalCap - w/ CCS, CoalCap - w/o CCS, GasCap, GasCap - w/ CCS, GasCap - w/o CCS, HydroCap, NuclearCap, OilCap, OilCap - w/ CCS, OilCap - w/o CCS",140,0,100.0,140,100.0,140,100.0,120,85.71,140,100.0,3,"efficiency_decimal,lifetime_years,capital_cost_usd_per_mw,om_cost_usd_per_mw_per_yr,fuel_price,scenario_price",6,14,42.86,1,2025,2050,target,CHN
IPAC-AIM/technology-China 1.0,CO_GPP,140,14,"BiomassCap, BiomassCap - w/ CCS, BiomassCap - w/o CCS, CoalCap, CoalCap - w/ CCS, CoalCap - w/o CCS, GasCap, GasCap - w/ CCS, GasCap - w/o CCS, HydroCap, NuclearCap, OilCap, OilCap - w/ CCS, OilCap - w/o CCS",140,0,100.0,140,100.0,140,100.0,120,85.71,140,100.0,3,"efficiency_decimal,lifetime_years,capital_cost_usd_per_mw,om_cost_usd_per_mw_per_yr,fuel_price,scenario_price",6,14,42.86,1,2025,2050,target,CHN
IPAC-AIM/technology-China 1.0,EN_NP_2025_-1002050,140,14,"BiomassCap, BiomassCap - w/ CCS, BiomassCap - w/o CCS, CoalCap, CoalCap - w/ CCS, CoalCap - w/o CCS, GasCap, GasCap - w/ CCS, GasCap - w/o CCS, HydroCap, NuclearCap, OilCap, OilCap - w/ CCS, OilCap - w/o CCS",140,0,100.0,140,100.0,140,100.0,120,85.71,140,100.0,3,"efficiency_decimal,lifetime_years,capital_cost_usd_per_mw,om_cost_usd_per_mw_per_yr,fuel_price,scenario_price",6,14,42.86,1,2025,2050,target,CHN
IPAC-AIM/technology-China 1.0,EN_NP_2025_-652050,122,13,"BiomassCap, BiomassCap - w/ CCS, BiomassCap - w/o CCS, CoalCap, CoalCap - w/ CCS, CoalCap - w/o CCS, GasCap, GasCap - w/ CCS, GasCap - w/o CCS, HydroCap, NuclearCap, OilCap, OilCap - w/ CCS",122,0,100.0,122,100.0,122,100.0,102,83.61,122,100.0,3,"efficiency_decimal,lifetime_years,capital_cost_usd_per_mw,om_cost_usd_per_mw_per_yr,fuel_price,scenario_price",6,13,46.15,1,2025,2050,target,CHN
IPAC-AIM/technology-China 1.0,EN_NP_BL,140,14,"BiomassCap, BiomassCap - w/ CCS, BiomassCap - w/o CCS, CoalCap, CoalCap - w/ CCS, CoalCap - w/o CCS, GasCap, GasCap - w/ CCS, GasCap - w/o CCS, HydroCap, NuclearCap, OilCap, OilCap - w/ CCS, OilCap - w/o CCS",140,0,100.0,140,100.0,140,100.0,120,85.71,140,100.0,3,"efficiency_decimal,lifetime_years,capital_cost_usd_per_mw,om_cost_usd_per_mw_per_yr,fuel_price,scenario_price",6,14,42.86,1,2025,2050,target,CHN
IPAC-AIM/technology-China 1.0,EN_NP_CurPol,140,14,"BiomassCap, BiomassCap - w/ CCS, BiomassCap - w/o CCS, CoalCap, CoalCap - w/ CCS, CoalCap - w/o CCS, GasCap, GasCap - w/ CCS, GasCap - w/o CCS, HydroCap, NuclearCap, OilCap, OilCap - w/ CCS, OilCap - w/o CCS",140,0,100.0,140,100.0,140,100.0,120,85.71,140,100.0,3,"efficiency_decimal,lifetime_years,capital_cost_usd_per_mw,om_cost_usd_per_mw_per_yr,fuel_price,scenario_price",6,14,42.86,1,2025,2050,target,CHN
India MARKAL,CD-LINKS_INDC,144,12,"BiomassCap, BiomassCap - w/ CCS, BiomassCap - w/o CCS, CoalCap, CoalCap - w/o CCS, GasCap, GasCap - w/o CCS, GeothermalCap, HydroCap, NuclearCap, OilCap, OilCap - w/o CCS",144,0,100.0,144,100.0,144,100.0,108,75.0,144,100.0,6,"efficiency_decimal,lifetime_years,capital_cost_usd_per_mw,om_cost_usd_per_mw_per_yr,fuel_price,scenario_price",0,12,0.0,1,2025,2050,target,IND
India MARKAL,CD-LINKS_INDC2030_high,144,12,"BiomassCap, BiomassCap - w/ CCS, BiomassCap - w/o CCS, CoalCap, CoalCap - w/o CCS, GasCap, GasCap - w/o CCS, GeothermalCap, HydroCap, NuclearCap, OilCap, OilCap - w/o CCS",144,0,100.0,144,100.0,144,100.0,108,75.0,144,100.0,6,"efficiency_decimal,lifetime_years,capital_cost_usd_per_mw,om_cost_usd_per_mw_per_yr,fuel_price,scenario_price",0,12,0.0,1,2025,2050,target,IND
India MARKAL,CD-LINKS_INDC2030_low,144,12,"BiomassCap, BiomassCap - w/ CCS, BiomassCap - w/o CCS, CoalCap, CoalCap - w/o CCS, GasCap, GasCap - w/o CCS, GeothermalCap, HydroCap, NuclearCap, OilCap, OilCap - w/o CCS",144,0,100.0,144,100.0,144,100.0,108,75.0,144,100.0,6,"efficiency_decimal,lifetime_years,capital_cost_usd_per_mw,om_cost_usd_per_mw_per_yr,fuel_price,scenario_price",0,12,0.0,1,2025,2050,target,IND
India MARKAL,CD-LINKS_NPi,144,12,"BiomassCap, BiomassCap - w/ CCS, BiomassCap - w/o CCS, CoalCap, CoalCap - w/o CCS, GasCap, GasCap - w/o CCS, GeothermalCap, HydroCap, NuclearCap, OilCap, OilCap - w/o CCS",144,0,100.0,144,100.0,144,100.0,108,75.0,144,100.0,6,"efficiency_decimal,lifetime_years,capital_cost_usd_per_mw,om_cost_usd_per_mw_per_yr,fuel_price,scenario_price",0,12,0.0,1,2025,2050,target,IND
India MARKAL,CD-LINKS_NPi2020_high,144,12,"BiomassCap, BiomassCap - w/ CCS, BiomassCap - w/o CCS, CoalCap, CoalCap - w/o CCS, GasCap, GasCap - w/o CCS, GeothermalCap, HydroCap, NuclearCap, OilCap, OilCap - w/o CCS",144,0,100.0,144,100.0,144,100.0,108,75.0,144,100.0,6,"efficiency_decimal,lifetime_years,capital_cost_usd_per_mw,om_cost_usd_per_mw_per_yr,fuel_price,scenario_price",0,12,0.0,1,2025,2050,target,IND
India MARKAL,CD-LINKS_NPi2020_low,144,12,"BiomassCap, BiomassCap - w/ CCS, BiomassCap - w/o CCS, CoalCap, CoalCap - w/o CCS, GasCap, GasCap - w/o CCS, GeothermalCap, HydroCap, NuclearCap, OilCap, OilCap - w/o CCS",144,0,100.0,144,100.0,144,100.0,108,75.0,144,100.0,6,"efficiency_decimal,lifetime_years,capital_cost_usd_per_mw,om_cost_usd_per_mw_per_yr,fuel_price,scenario_price",0,12,0.0,1,2025,2050,target,IND
India MARKAL,CD-LINKS_NoPOL,144,12,"BiomassCap, BiomassCap - w/ CCS, BiomassCap - w/o CCS, CoalCap, CoalCap - w/o CCS, GasCap, GasCap - w/o CCS, GeothermalCap, HydroCap, NuclearCap, OilCap, OilCap - w/o CCS",144,0,100.0,144,100.0,144,100.0,108,75.0,144,100.0,6,"efficiency_decimal,lifetime_years,capital_cost_usd_per_mw,om_cost_usd_per_mw_per_yr,fuel_price,scenario_price",0,12,0.0,1,2025,2050,target,IND
JRC-EU-TIMES 1.1.1,Hydrogen_Economy_T95,1122,17,"BiomassCap, BiomassCap - w/ CCS, BiomassCap - w/o CCS, CoalCap, CoalCap - w/ CCS, CoalCap - w/o CCS, GasCap, GasCap - w/ CCS, GasCap - w/o CCS, GeothermalCap, HydroCap, NuclearCap, OilCap, OilCap - w/ CCS, OilCap - w/o CCS, WindCap - Offshore, WindCap - Onshore",1122,0,100.0,1122,100.0,1122,100.0,792,70.59,1122,100.0,6,"efficiency_decimal(global),lifetime_years(global),capital_cost_usd_per_mw(global),om_cost_usd_per_mw_per_yr(global),fuel_price(global),scenario_price(global)",0,17,0.0,31,2040,2050,target,AUT
JRC-EU-TIMES 1.1.1,LCEO Baseline,1683,17,"BiomassCap, BiomassCap - w/ CCS, BiomassCap - w/o CCS, CoalCap, CoalCap - w/ CCS, CoalCap - w/o CCS, GasCap, GasCap - w/ CCS, GasCap - w/o CCS, GeothermalCap, HydroCap, NuclearCap, OilCap, OilCap - w/ CCS, OilCap - w/o CCS, WindCap - Offshore, WindCap - Onshore",1683,0,100.0,1683,100.0,1683,100.0,1188,70.59,1683,100.0,6,"efficiency_decimal(global),lifetime_years(global),capital_cost_usd_per_mw(global),om_cost_usd_per_mw_per_yr(global),fuel_price(global),scenario_price(global)",0,17,0.0,31,2030,2050,target,AUT
JRC-EU-TIMES 1.1.1,LCEO Diversified,1683,17,"BiomassCap, BiomassCap - w/ CCS, BiomassCap - w/o CCS, CoalCap, CoalCap - w/ CCS, CoalCap - w/o CCS, GasCap, GasCap - w/ CCS, GasCap - w/o CCS, GeothermalCap, HydroCap, NuclearCap, OilCap, OilCap - w/ CCS, OilCap - w/o CCS, WindCap - Offshore, WindCap - Onshore",1683,0,100.0,1683,100.0,1683,100.0,1188,70.59,1683,100.0,6,"efficiency_decimal(global),lifetime_years(global),capital_cost_usd_per_mw(global),om_cost_usd_per_mw_per_yr(global),fuel_price(global),scenario_price(global)",0,17,0.0,31,2030,2050,target,AUT
JRC-EU-TIMES 1.1.1,LCEO ProRES SET Plan,1683,17,"BiomassCap, BiomassCap - w/ CCS, BiomassCap - w/o CCS, CoalCap, CoalCap - w/ CCS, CoalCap - w/o CCS, GasCap, GasCap - w/ CCS, GasCap - w/o CCS, GeothermalCap, HydroCap, NuclearCap, OilCap, OilCap - w/ CCS, OilCap - w/o CCS, WindCap - Offshore, WindCap - Onshore",1683,0,100.0,1683,100.0,1683,100.0,1188,70.59,1683,100.0,6,"efficiency_decimal(global),lifetime_years(global),capital_cost_usd_per_mw(global),om_cost_usd_per_mw_per_yr(global),fuel_price(global),scenario_price(global)",0,17,0.0,31,2030,2050,target,AUT
JRC-EU-TIMES 1.1.1,LCEO Zero Carbon,1683,17,"BiomassCap, BiomassCap - w/ CCS, BiomassCap - w/o CCS, CoalCap, CoalCap - w/ CCS, CoalCap - w/o CCS, GasCap, GasCap - w/ CCS, GasCap - w/o CCS, GeothermalCap, HydroCap, NuclearCap, OilCap, OilCap - w/ CCS, OilCap - w/o CCS, WindCap - Offshore, WindCap - Onshore",1683,0,100.0,1683,100.0,1683,100.0,1188,70.59,1683,100.0,6,"efficiency_decimal(global),lifetime_years(global),capital_cost_usd_per_mw(global),om_cost_usd_per_mw_per_yr(global),fuel_price(global),scenario_price(global)",0,17,0.0,31,2030,2050,target,AUT
JRC-EU-TIMES 1.1.1,Open_Baseline,1683,17,"BiomassCap, BiomassCap - w/ CCS, BiomassCap - w/o CCS, CoalCap, CoalCap - w/ CCS, CoalCap - w/o CCS, GasCap, GasCap - w/ CCS, GasCap - w/o CCS, GeothermalCap, HydroCap, NuclearCap, OilCap, OilCap - w/ CCS, OilCap - w/o CCS, WindCap - Offshore, WindCap - Onshore",1683,0,100.0,1683,100.0,1683,100.0,1188,70.59,1683,100.0,6,"efficiency_decimal(global),lifetime_years(global),capital_cost_usd_per_mw(global),om_cost_usd_per_mw_per_yr(global),fuel_price(global),scenario_price(global)",0,17,0.0,31,2030,2050,target,AUT
JRC-EU-TIMES 1.1.1,Open_Zero_Carbon,1683,17,"BiomassCap, BiomassCap - w/ CCS, BiomassCap - w/o CCS, CoalCap, CoalCap - w/ CCS, CoalCap - w/o CCS, GasCap, GasCap - w/ CCS, GasCap - w/o CCS, GeothermalCap, HydroCap, NuclearCap, OilCap, OilCap - w/ CCS, OilCap - w/o CCS, WindCap - Offshore, WindCap - Onshore",1683,0,100.0,1683,100.0,1683,100.0,1188,70.59,1683,100.0,6,"efficiency_decimal(global),lifetime_years(global),capital_cost_usd_per_mw(global),om_cost_usd_per_mw_per_yr(global),fuel_price(global),scenario_price(global)",0,17,0.0,31,2030,2050,target,AUT
JRC-EU-TIMES 1.1.1,Open_Zero_Carbon_HighCCS,1683,17,"BiomassCap, BiomassCap - w/ CCS, BiomassCap - w/o CCS, CoalCap, CoalCap - w/ CCS, CoalCap - w/o CCS, GasCap, GasCap - w/ CCS, GasCap - w/o CCS, GeothermalCap, HydroCap, NuclearCap, OilCap, OilCap - w/ CCS, OilCap - w/o CCS, WindCap - Offshore, WindCap - Onshore",1683,0,100.0,1683,100.0,1683,100.0,1188,70.59,1683,100.0,6,"efficiency_decimal(global),lifetime_years(global),capital_cost_usd_per_mw(global),om_cost_usd_per_mw_per_yr(global),fuel_price(global),scenario_price(global)",0,17,0.0,31,2030,2050,target,AUT
LUT-ESTM 1.0,Leadership-Europe,108,9,"BiomassCap - w/o CCS, CoalCap - w/o CCS, GasCap - w/o CCS, GeothermalCap, HydroCap, NuclearCap, OilCap - w/o CCS, WindCap - Offshore, WindCap - Onshore",108,0,100.0,38,35.19,38,35.19,48,44.44,108,100.0,5,scenario_price,8,9,88.89,38,2025,2050,target,R10EUROPE
LUT-ESTM 1.0,Moderate-Europe,108,9,"BiomassCap - w/o CCS, CoalCap - w/o CCS, GasCap - w/o CCS, GeothermalCap, HydroCap, NuclearCap, OilCap - w/o CCS, WindCap - Offshore, WindCap - Onshore",108,0,100.0,36,33.33,36,33.33,48,44.44,108,100.0,5,scenario_price,8,9,88.89,38,2025,2050,target,R10EUROPE
LUT-ESTM 1.1,BPS-Kazakhstan-Energy,108,9,"BiomassCap - w/o CCS, CoalCap - w/o CCS, GasCap - w/o CCS, GeothermalCap, HydroCap, NuclearCap, OilCap - w/o CCS, WindCap - Offshore, WindCap - Onshore",108,0,100.0,78,72.22,78,72.22,48,44.44,108,100.0,10,"lifetime_years(global),capital_cost_usd_per_mw(global),om_cost_usd_per_mw_per_yr(global),scenario_price(global)",4,9,44.44,1,2025,2050,target,KAZ
MARKAL-India 1.0,CO_2Deg2020,204,17,"BiomassCap, BiomassCap - w/ CCS, BiomassCap - w/o CCS, CoalCap, CoalCap - w/ CCS, CoalCap - w/o CCS, GasCap, GasCap - w/ CCS, GasCap - w/o CCS, GeothermalCap, HydroCap, NuclearCap, OilCap, OilCap - w/ CCS, OilCap - w/o CCS, WindCap - Offshore, WindCap - Onshore",204,0,100.0,204,100.0,120,58.82,144,70.59,204,100.0,12,"efficiency_decimal,lifetime_years,capital_cost_usd_per_mw,om_cost_usd_per_mw_per_yr,fuel_price,scenario_price",11,17,64.71,1,2025,2050,target,IND
MARKAL-India 1.0,CO_2Deg2030,204,17,"BiomassCap, BiomassCap - w/ CCS, BiomassCap - w/o CCS, CoalCap, CoalCap - w/ CCS, CoalCap - w/o CCS, GasCap, GasCap - w/ CCS, GasCap - w/o CCS, GeothermalCap, HydroCap, NuclearCap, OilCap, OilCap - w/ CCS, OilCap - w/o CCS, WindCap - Offshore, WindCap - Onshore",204,0,100.0,204,100.0,120,58.82,144,70.59,204,100.0,12,"efficiency_decimal,lifetime_years,capital_cost_usd_per_mw,om_cost_usd_per_mw_per_yr,fuel_price,scenario_price",11,17,64.71,1,2025,2050,target,IND
MARKAL-India 1.0,CO_BAU,204,17,"BiomassCap, BiomassCap - w/ CCS, BiomassCap - w/o CCS, CoalCap, CoalCap - w/ CCS, CoalCap - w/o CCS, GasCap, GasCap - w/ CCS, GasCap - w/o CCS, GeothermalCap, HydroCap, NuclearCap, OilCap, OilCap - w/ CCS, OilCap - w/o CCS, WindCap - Offshore, WindCap - Onshore",204,0,100.0,204,100.0,120,58.82,144,70.59,204,100.0,12,"efficiency_decimal,lifetime_years,capital_cost_usd_per_mw,om_cost_usd_per_mw_per_yr,fuel_price,scenario_price",10,17,58.82,1,2025,2050,target,IND
MARKAL-India 1.0,CO_Bridge,204,17,"BiomassCap, BiomassCap - w/ CCS, BiomassCap - w/o CCS, CoalCap, CoalCap - w/ CCS, CoalCap - w/o CCS, GasCap, GasCap - w/ CCS, GasCap - w/o CCS, GeothermalCap, HydroCap, NuclearCap, OilCap, OilCap - w/ CCS, OilCap - w/o CCS, WindCap - Offshore, WindCap - Onshore",204,0,100.0,204,100.0,120,58.82,144,70.59,204,100.0,12,"efficiency_decimal,lifetime_years,capital_cost_usd_per_mw,om_cost_usd_per_mw_per_yr,fuel_price,scenario_price",10,17,58.82,1,2025,2050,target,IND
MARKAL-India 1.0,CO_CD-LINKS-INDC2030_low_V4,192,16,"BiomassCap, BiomassCap - w/ CCS, BiomassCap - w/o CCS, CoalCap, CoalCap - w/ CCS, CoalCap - w/o CCS, GasCap, GasCap - w/ CCS, GasCap - w/o CCS, GeothermalCap, HydroCap, NuclearCap, OilCap, OilCap - w/o CCS, WindCap - Offshore, WindCap - Onshore",192,0,100.0,192,100.0,108,56.25,132,68.75,192,100.0,12,"efficiency_decimal,lifetime_years,capital_cost_usd_per_mw,om_cost_usd_per_mw_per_yr,fuel_price,scenario_price",10,16,62.5,1,2025,2050,target,IND
MARKAL-India 1.0,CO_CD-LINKS-INDC_V4,192,16,"BiomassCap, BiomassCap - w/ CCS, BiomassCap - w/o CCS, CoalCap, CoalCap - w/ CCS, CoalCap - w/o CCS, GasCap, GasCap - w/ CCS, GasCap - w/o CCS, GeothermalCap, HydroCap, NuclearCap, OilCap, OilCap - w/o CCS, WindCap - Offshore, WindCap - Onshore",192,0,100.0,192,100.0,108,56.25,132,68.75,192,100.0,12,"efficiency_decimal,lifetime_years,capital_cost_usd_per_mw,om_cost_usd_per_mw_per_yr,fuel_price,scenario_price",10,16,62.5,1,2025,2050,target,IND
MARKAL-India 1.0,CO_CurPol,204,17,"BiomassCap, BiomassCap - w/ CCS, BiomassCap - w/o CCS, CoalCap, CoalCap - w/ CCS, CoalCap - w/o CCS, GasCap, GasCap - w/ CCS, GasCap - w/o CCS, GeothermalCap, HydroCap, NuclearCap, OilCap, OilCap - w/ CCS, OilCap - w/o CCS, WindCap - Offshore, WindCap - Onshore",204,0,100.0,204,100.0,120,58.82,144,70.59,204,100.0,12,"efficiency_decimal,lifetime_years,capital_cost_usd_per_mw,om_cost_usd_per_mw_per_yr,fuel_price,scenario_price",10,17,58.82,1,2025,2050,target,IND
MARKAL-India 1.0,CO_GPP,204,17,"BiomassCap, BiomassCap - w/ CCS, BiomassCap - w/o CCS, CoalCap, CoalCap - w/ CCS, CoalCap - w/o CCS, GasCap, GasCap - w/ CCS, GasCap - w/o CCS, GeothermalCap, HydroCap, NuclearCap, OilCap, OilCap - w/ CCS, OilCap - w/o CCS, WindCap - Offshore, WindCap - Onshore",204,0,100.0,204,100.0,120,58.82,144,70.59,204,100.0,12,"efficiency_decimal,lifetime_years,capital_cost_usd_per_mw,om_cost_usd_per_mw_per_yr,fuel_price,scenario_price",11,17,64.71,1,2025,2050,target,IND
MARKAL-India 1.0,CO_NDCplus,204,17,"BiomassCap, BiomassCap - w/ CCS, BiomassCap - w/o CCS, CoalCap, CoalCap - w/ CCS, CoalCap - w/o CCS, GasCap, GasCap - w/ CCS, GasCap - w/o CCS, GeothermalCap, HydroCap, NuclearCap, OilCap, OilCap - w/ CCS, OilCap - w/o CCS, WindCap - Offshore, WindCap - Onshore",204,0,100.0,204,100.0,120,58.82,144,70.59,204,100.0,12,"efficiency_decimal,lifetime_years,capital_cost_usd_per_mw,om_cost_usd_per_mw_per_yr,fuel_price,scenario_price",10,17,58.82,1,2025,2050,target,IND
MARKAL-India 1.0,EN_NP_2025_-102050,204,17,"BiomassCap, BiomassCap - w/ CCS, BiomassCap - w/o CCS, CoalCap, CoalCap - w/ CCS, CoalCap - w/o CCS, GasCap, GasCap - w/ CCS, GasCap - w/o CCS, GeothermalCap, HydroCap, NuclearCap, OilCap, OilCap - w/ CCS, OilCap - w/o CCS, WindCap - Offshore, WindCap - Onshore",204,0,100.0,204,100.0,124,60.78,144,70.59,204,100.0,13,"efficiency_decimal,lifetime_years,capital_cost_usd_per_mw,om_cost_usd_per_mw_per_yr,fuel_price,scenario_price",11,17,64.71,1,2025,2050,target,IND
MARKAL-India 1.0,EN_NP_2025_-202050,204,17,"BiomassCap, BiomassCap - w/ CCS, BiomassCap - w/o CCS, CoalCap, CoalCap - w/ CCS, CoalCap - w/o CCS, GasCap, GasCap - w/ CCS, GasCap - w/o CCS, GeothermalCap, HydroCap, NuclearCap, OilCap, OilCap - w/ CCS, OilCap - w/o CCS, WindCap - Offshore, WindCap - Onshore",204,0,100.0,204,100.0,124,60.78,144,70.59,204,100.0,13,"efficiency_decimal,lifetime_years,capital_cost_usd_per_mw,om_cost_usd_per_mw_per_yr,fuel_price,scenario_price",11,17,64.71,1,2025,2050,target,IND
MARKAL-India 1.0,EN_NP_2025_-302050,204,17,"BiomassCap, BiomassCap - w/ CCS, BiomassCap - w/o CCS, CoalCap, CoalCap - w/ CCS, CoalCap - w/o CCS, GasCap, GasCap - w/ CCS, GasCap - w/o CCS, GeothermalCap, HydroCap, NuclearCap, OilCap, OilCap - w/ CCS, OilCap - w/o CCS, WindCap - Offshore, WindCap - Onshore",204,0,100.0,204,100.0,124,60.78,144,70.59,204,100.0,13,"efficiency_decimal,lifetime_years,capital_cost_usd_per_mw,om_cost_usd_per_mw_per_yr,fuel_price,scenario_price",11,17,64.71,1,2025,2050,target,IND
MARKAL-India 1.0,EN_NP_2025_-402050,204,17,"BiomassCap, BiomassCap - w/ CCS, BiomassCap - w/o CCS, CoalCap, CoalCap - w/ CCS, CoalCap - w/o CCS, GasCap, GasCap - w/ CCS, GasCap - w/o CCS, GeothermalCap, HydroCap, NuclearCap, OilCap, OilCap - w/ CCS, OilCap - w/o CCS, WindCap - Offshore, WindCap - Onshore",204,0,100.0,204,100.0,124,60.78,144,70.59,204,100.0,13,"efficiency_decimal,lifetime_years,capital_cost_usd_per_mw,om_cost_usd_per_mw_per_yr,fuel_price,scenario_price",11,17,64.71,1,2025,2050,target,IND
MARKAL-India 1.0,EN_NP_2025_-502050,204,17,"BiomassCap, BiomassCap - w/ CCS, BiomassCap - w/o CCS, CoalCap, CoalCap - w/ CCS, CoalCap - w/o CCS, GasCap, GasCap - w/ CCS, GasCap - w/o CCS, GeothermalCap, HydroCap, NuclearCap, OilCap, OilCap - w/ CCS, OilCap - w/o CCS, WindCap - Offshore, WindCap - Onshore",204,0,100.0,204,100.0,124,60.78,144,70.59,204,100.0,13,"efficiency_decimal,lifetime_years,capital_cost_usd_per_mw,om_cost_usd_per_mw_per_yr,fuel_price,scenario_price",11,17,64.71,1,2025,2050,target,IND
MARKAL-India 1.0,EN_NP_2025_-602050,204,17,"BiomassCap, BiomassCap - w/ CCS, BiomassCap - w/o CCS, CoalCap, CoalCap - w/ CCS, CoalCap - w/o CCS, GasCap, GasCap - w/ CCS, GasCap - w/o CCS, GeothermalCap, HydroCap, NuclearCap, OilCap, OilCap - w/ CCS, OilCap - w/o CCS, WindCap - Offshore, WindCap - Onshore",204,0,100.0,204,100.0,124,60.78,144,70.59,204,100.0,13,"efficiency_decimal,lifetime_years,capital_cost_usd_per_mw,om_cost_usd_per_mw_per_yr,fuel_price,scenario_price",10,17,58.82,1,2025,2050,target,IND
MARKAL-India 1.0,EN_NP_2025_-752050,204,17,"BiomassCap, BiomassCap - w/ CCS, BiomassCap - w/o CCS, CoalCap, CoalCap - w/ CCS, CoalCap - w/o CCS, GasCap, GasCap - w/ CCS, GasCap - w/o CCS, GeothermalCap, HydroCap, NuclearCap, OilCap, OilCap - w/ CCS, OilCap - w/o CCS, WindCap - Offshore, WindCap - Onshore",204,0,100.0,204,100.0,120,58.82,144,70.59,204,100.0,12,"efficiency_decimal,lifetime_years,capital_cost_usd_per_mw,om_cost_usd_per_mw_per_yr,fuel_price,scenario_price",11,17,64.71,1,2025,2050,target,IND
MARKAL-India 1.0,EN_NP_2025_-802050,204,17,"BiomassCap, BiomassCap - w/ CCS, BiomassCap - w/o CCS, CoalCap, CoalCap - w/ CCS, CoalCap - w/o CCS, GasCap, GasCap - w/ CCS, GasCap - w/o CCS, GeothermalCap, HydroCap, NuclearCap, OilCap, OilCap - w/ CCS, OilCap - w/o CCS, WindCap - Offshore, WindCap - Onshore",204,0,100.0,204,100.0,120,58.82,144,70.59,204,100.0,12,"efficiency_decimal,lifetime_years,capital_cost_usd_per_mw,om_cost_usd_per_mw_per_yr,fuel_price,scenario_price",11,17,64.71,1,2025,2050,target,IND
MARKAL-India 1.0,EN_NP_BL,204,17,"BiomassCap, BiomassCap - w/ CCS, BiomassCap - w/o CCS, CoalCap, CoalCap - w/ CCS, CoalCap - w/o CCS, GasCap, GasCap - w/ CCS, GasCap - w/o CCS, GeothermalCap, HydroCap, NuclearCap, OilCap, OilCap - w/ CCS, OilCap - w/o CCS, WindCap - Offshore, WindCap - Onshore",204,0,100.0,204,100.0,120,58.82,144,70.59,204,100.0,12,"efficiency_decimal,lifetime_years,capital_cost_usd_per_mw,om_cost_usd_per_mw_per_yr,fuel_price,scenario_price",10,17,58.82,1,2025,2050,target,IND
MARKAL-India 1.0,EN_NP_CurPol,204,17,"BiomassCap, BiomassCap - w/ CCS, BiomassCap - w/o CCS, CoalCap, CoalCap - w/ CCS, CoalCap - w/o CCS, GasCap, GasCap - w/ CCS, GasCap - w/o CCS, GeothermalCap, HydroCap, NuclearCap, OilCap, OilCap - w/ CCS, OilCap - w/o CCS, WindCap - Offshore, WindCap - Onshore",204,0,100.0,204,100.0,132,64.71,144,70.59,204,100.0,14,"efficiency_decimal,lifetime_years,capital_cost_usd_per_mw,om_cost_usd_per_mw_per_yr,fuel_price,scenario_price",10,17,58.82,1,2025,2050,target,IND
MARKAL-India 1.0,EN_NP_UNDC,204,17,"BiomassCap, BiomassCap - w/ CCS, BiomassCap - w/o CCS, CoalCap, CoalCap - w/ CCS, CoalCap - w/o CCS, GasCap, GasCap - w/ CCS, GasCap - w/o CCS, GeothermalCap, HydroCap, NuclearCap, OilCap, OilCap - w/ CCS, OilCap - w/o CCS, WindCap - Offshore, WindCap - Onshore",204,0,100.0,204,100.0,132,64.71,144,70.59,204,100.0,14,"efficiency_decimal,lifetime_years,capital_cost_usd_per_mw,om_cost_usd_per_mw_per_yr,fuel_price,scenario_price",10,17,58.82,1,2025,2050,target,IND
MESSAGEix-GLOBIOM_1.0,CO_2Deg2020,285,19,"BiomassCap, BiomassCap - w/ CCS, BiomassCap - w/o CCS, CoalCap, CoalCap - w/ CCS, CoalCap - w/o CCS, GasCap, GasCap - w/ CCS, GasCap - w/o CCS, GeothermalCap, HydroCap, Hydrogen, NuclearCap, OilCap, OilCap - w/ CCS, OilCap - w/o CCS, SolarCap - PV, WindCap - Offshore, WindCap - Onshore",183,102,64.21,183,64.21,180,63.16,180,63.16,0,0.0,4,"efficiency_decimal,lifetime_years,capital_cost_usd_per_mw,om_cost_usd_per_mw_per_yr,fuel_price",17,19,89.47,30,2030,2050,target,CHN
MESSAGEix-GLOBIOM_1.0,CO_2Deg2030,285,19,"BiomassCap, BiomassCap - w/ CCS, BiomassCap - w/o CCS, CoalCap, CoalCap - w/ CCS, CoalCap - w/o CCS, GasCap, GasCap - w/ CCS, GasCap - w/o CCS, GeothermalCap, HydroCap, Hydrogen, NuclearCap, OilCap, OilCap - w/ CCS, OilCap - w/o CCS, SolarCap - PV, WindCap - Offshore, WindCap - Onshore",183,102,64.21,183,64.21,180,63.16,180,63.16,0,0.0,4,"efficiency_decimal,lifetime_years,capital_cost_usd_per_mw,om_cost_usd_per_mw_per_yr,fuel_price",17,19,89.47,30,2030,2050,target,CHN
MESSAGEix-GLOBIOM_1.0,CO_BAU,285,19,"BiomassCap, BiomassCap - w/ CCS, BiomassCap - w/o CCS, CoalCap, CoalCap - w/ CCS, CoalCap - w/o CCS, GasCap, GasCap - w/ CCS, GasCap - w/o CCS, GeothermalCap, HydroCap, Hydrogen, NuclearCap, OilCap, OilCap - w/ CCS, OilCap - w/o CCS, SolarCap - PV, WindCap - Offshore, WindCap - Onshore",183,102,64.21,183,64.21,180,63.16,180,63.16,0,0.0,4,"efficiency_decimal,lifetime_years,capital_cost_usd_per_mw,om_cost_usd_per_mw_per_yr,fuel_price",14,19,73.68,30,2030,2050,target,CHN
MESSAGEix-GLOBIOM_1.0,CO_Bridge,285,19,"BiomassCap, BiomassCap - w/ CCS, BiomassCap - w/o CCS, CoalCap, CoalCap - w/ CCS, CoalCap - w/o CCS, GasCap, GasCap - w/ CCS, GasCap - w/o CCS, GeothermalCap, HydroCap, Hydrogen, NuclearCap, OilCap, OilCap - w/ CCS, OilCap - w/o CCS, SolarCap - PV, WindCap - Offshore, WindCap - Onshore",183,102,64.21,183,64.21,180,63.16,180,63.16,0,0.0,4,"efficiency_decimal,lifetime_years,capital_cost_usd_per_mw,om_cost_usd_per_mw_per_yr,fuel_price",16,19,84.21,30,2030,2050,target,CHN
MESSAGEix-GLOBIOM_1.0,CO_CurPol,285,19,"BiomassCap, BiomassCap - w/ CCS, BiomassCap - w/o CCS, CoalCap, CoalCap - w/ CCS, CoalCap - w/o CCS, GasCap, GasCap - w/ CCS, GasCap - w/o CCS, GeothermalCap, HydroCap, Hydrogen, NuclearCap, OilCap, OilCap - w/ CCS, OilCap - w/o CCS, SolarCap - PV, WindCap - Offshore, WindCap - Onshore",183,102,64.21,183,64.21,180,63.16,180,63.16,0,0.0,4,"efficiency_decimal,lifetime_years,capital_cost_usd_per_mw,om_cost_usd_per_mw_per_yr,fuel_price",14,19,73.68,30,2030,2050,target,CHN
MESSAGEix-GLOBIOM_1.0,CO_GPP,285,19,"BiomassCap, BiomassCap - w/ CCS, BiomassCap - w/o CCS, CoalCap, CoalCap - w/ CCS, CoalCap - w/o CCS, GasCap, GasCap - w/ CCS, GasCap - w/o CCS, GeothermalCap, HydroCap, Hydrogen, NuclearCap, OilCap, OilCap - w/ CCS, OilCap - w/o CCS, SolarCap - PV, WindCap - Offshore, WindCap - Onshore",183,102,64.21,183,64.21,180,63.16,180,63.16,0,0.0,4,"efficiency_decimal,lifetime_years,capital_cost_usd_per_mw,om_cost_usd_per_mw_per_yr,fuel_price",17,19,89.47,30,2030,2050,target,CHN
MESSAGEix-GLOBIOM_1.0,CO_NDC_2050convergence,285,19,"BiomassCap, BiomassCap - w/ CCS, BiomassCap - w/o CCS, CoalCap, CoalCap - w/ CCS, CoalCap - w/o CCS, GasCap, GasCap - w/ CCS, GasCap - w/o CCS, GeothermalCap, HydroCap, Hydrogen, NuclearCap, OilCap, OilCap - w/ CCS, OilCap - w/o CCS, SolarCap - PV, WindCap - Offshore, WindCap - Onshore",183,102,64.21,183,64.21,180,63.16,180,63.16,0,0.0,4,"efficiency_decimal,lifetime_years,capital_cost_usd_per_mw,om_cost_usd_per_mw_per_yr,fuel_price",17,19,89.47,30,2030,2050,target,CHN
MESSAGEix-GLOBIOM_1.0,CO_NDCplus,285,19,"BiomassCap, BiomassCap - w/ CCS, BiomassCap - w/o CCS, CoalCap, CoalCap - w/ CCS, CoalCap - w/o CCS, GasCap, GasCap - w/ CCS, GasCap - w/o CCS, GeothermalCap, HydroCap, Hydrogen, NuclearCap, OilCap, OilCap - w/ CCS, OilCap - w/o CCS, SolarCap - PV, WindCap - Offshore, WindCap - Onshore",183,102,64.21,183,64.21,180,63.16,180,63.16,0,0.0,4,"efficiency_decimal,lifetime_years,capital_cost_usd_per_mw,om_cost_usd_per_mw_per_yr,fuel_price",16,19,84.21,30,2030,2050,target,CHN
MESSAGEix-GLOBIOM_1.1,EN_INDCi2030_1000,1568,19,"BiomassCap, BiomassCap - w/ CCS, BiomassCap - w/o CCS, CoalCap, CoalCap - w/ CCS, CoalCap - w/o CCS, GasCap, GasCap - w/ CCS, GasCap - w/o CCS, GeothermalCap, HydroCap, Hydrogen, NuclearCap, OilCap, OilCap - w/ CCS, OilCap - w/o CCS, SolarCap - PV, WindCap - Offshore, WindCap - Onshore",1126,442,71.81,1056,67.35,1008,64.29,1008,64.29,238,15.18,9,"efficiency_decimal,lifetime_years,capital_cost_usd_per_mw,om_cost_usd_per_mw_per_yr,fuel_price",17,19,89.47,209,2025,2050,target,CHN
MESSAGEix-GLOBIOM_1.1,EN_INDCi2030_1000_COV,1596,19,"BiomassCap, BiomassCap - w/ CCS, BiomassCap - w/o CCS, CoalCap, CoalCap - w/ CCS, CoalCap - w/o CCS, GasCap, GasCap - w/ CCS, GasCap - w/o CCS, GeothermalCap, HydroCap, Hydrogen, NuclearCap, OilCap, OilCap - w/ CCS, OilCap - w/o CCS, SolarCap - PV, WindCap - Offshore, WindCap - Onshore",1080,516,67.67,1080,67.67,1008,63.16,1008,63.16,0,0.0,5,"efficiency_decimal,lifetime_years,capital_cost_usd_per_mw,om_cost_usd_per_mw_per_yr,fuel_price",17,19,89.47,209,2025,2050,target,CHN
MESSAGEix-GLOBIOM_1.1,EN_INDCi2030_1000_COV_NDCp,1596,19,"BiomassCap, BiomassCap - w/ CCS, BiomassCap - w/o CCS, CoalCap, CoalCap - w/ CCS, CoalCap - w/o CCS, GasCap, GasCap - w/ CCS, GasCap - w/o CCS, GeothermalCap, HydroCap, Hydrogen, NuclearCap, OilCap, OilCap - w/ CCS, OilCap - w/o CCS, SolarCap - PV, WindCap - Offshore, WindCap - Onshore",1077,519,67.48,1077,67.48,1008,63.16,1008,63.16,0,0.0,5,"efficiency_decimal,lifetime_years,capital_cost_usd_per_mw,om_cost_usd_per_mw_per_yr,fuel_price",17,19,89.47,209,2025,2050,target,CHN
MESSAGEix-GLOBIOM_1.1,EN_INDCi2030_1000_NDCp,1584,19,"BiomassCap, BiomassCap - w/ CCS, BiomassCap - w/o CCS, CoalCap, CoalCap - w/ CCS, CoalCap - w/o CCS, GasCap, GasCap - w/ CCS, GasCap - w/o CCS, GeothermalCap, HydroCap, Hydrogen, NuclearCap, OilCap, OilCap - w/ CCS, OilCap - w/o CCS, SolarCap - PV, WindCap - Offshore, WindCap - Onshore",1091,493,68.88,1061,66.98,1008,63.64,1008,63.64,102,6.44,8,"efficiency_decimal,lifetime_years,capital_cost_usd_per_mw,om_cost_usd_per_mw_per_yr,fuel_price",17,19,89.47,209,2025,2050,target,CHN
MESSAGEix-GLOBIOM_1.1,EN_INDCi2030_1000f,1596,19,"BiomassCap, BiomassCap - w/ CCS, BiomassCap - w/o CCS, CoalCap, CoalCap - w/ CCS, CoalCap - w/o CCS, GasCap, GasCap - w/ CCS, GasCap - w/o CCS, GeothermalCap, HydroCap, Hydrogen, NuclearCap, OilCap, OilCap - w/ CCS, OilCap - w/o CCS, SolarCap - PV, WindCap - Offshore, WindCap - Onshore",1095,501,68.61,1095,68.61,1008,63.16,1008,63.16,0,0.0,5,"efficiency_decimal,lifetime_years,capital_cost_usd_per_mw,om_cost_usd_per_mw_per_yr,fuel_price",16,19,84.21,209,2025,2050,target,CHN
MESSAGEix-GLOBIOM_1.1,EN_INDCi2030_1000f_COV,1596,19,"BiomassCap, BiomassCap - w/ CCS, BiomassCap - w/o CCS, CoalCap, CoalCap - w/ CCS, CoalCap - w/o CCS, GasCap, GasCap - w/ CCS, GasCap - w/o CCS, GeothermalCap, HydroCap, Hydrogen, NuclearCap, OilCap, OilCap - w/ CCS, OilCap - w/o CCS, SolarCap - PV, WindCap - Offshore, WindCap - Onshore",1107,489,69.36,1107,69.36,1008,63.16,1008,63.16,0,0.0,5,"efficiency_decimal,lifetime_years,capital_cost_usd_per_mw,om_cost_usd_per_mw_per_yr,fuel_price",16,19,84.21,209,2025,2050,target,CHN
MESSAGEix-GLOBIOM_1.1,EN_INDCi2030_1000f_COV_NDCp,1596,19,"BiomassCap, BiomassCap - w/ CCS, BiomassCap - w/o CCS, CoalCap, CoalCap - w/ CCS, CoalCap - w/o CCS, GasCap, GasCap - w/ CCS, GasCap - w/o CCS, GeothermalCap, HydroCap, Hydrogen, NuclearCap, OilCap, OilCap - w/ CCS, OilCap - w/o CCS, SolarCap - PV, WindCap - Offshore, WindCap - Onshore",1107,489,69.36,1107,69.36,1008,63.16,1008,63.16,0,0.0,5,"efficiency_decimal,lifetime_years,capital_cost_usd_per_mw,om_cost_usd_per_mw_per_yr,fuel_price",16,19,84.21,209,2025,2050,target,CHN
MESSAGEix-GLOBIOM_1.1,EN_INDCi2030_1000f_NDCp,1596,19,"BiomassCap, BiomassCap - w/ CCS, BiomassCap - w/o CCS, CoalCap, CoalCap - w/ CCS, CoalCap - w/o CCS, GasCap, GasCap - w/ CCS, GasCap - w/o CCS, GeothermalCap, HydroCap, Hydrogen, NuclearCap, OilCap, OilCap - w/ CCS, OilCap - w/o CCS, SolarCap - PV, WindCap - Offshore, WindCap - Onshore",1094,502,68.55,1094,68.55,1008,63.16,1008,63.16,0,0.0,5,"efficiency_decimal,lifetime_years,capital_cost_usd_per_mw,om_cost_usd_per_mw_per_yr,fuel_price",16,19,84.21,209,2025,2050,target,CHN
MESSAGEix-GLOBIOM_1.1,EN_INDCi2030_1200,1596,19,"BiomassCap, BiomassCap - w/ CCS, BiomassCap - w/o CCS, CoalCap, CoalCap - w/ CCS, CoalCap - w/o CCS, GasCap, GasCap - w/ CCS, GasCap - w/o CCS, GeothermalCap, HydroCap, Hydrogen, NuclearCap, OilCap, OilCap - w/ CCS, OilCap - w/o CCS, SolarCap - PV, WindCap - Offshore, WindCap - Onshore",1094,502,68.55,1094,68.55,1008,63.16,1008,63.16,0,0.0,5,"efficiency_decimal,lifetime_years,capital_cost_usd_per_mw,om_cost_usd_per_mw_per_yr,fuel_price",16,19,84.21,209,2025,2050,target,CHN
MESSAGEix-GLOBIOM_1.1,EN_INDCi2030_1200_COV,1596,19,"BiomassCap, BiomassCap - w/ CCS, BiomassCap - w/o CCS, CoalCap, CoalCap - w/ CCS, CoalCap - w/o CCS, GasCap, GasCap - w/ CCS, GasCap - w/o CCS, GeothermalCap, HydroCap, Hydrogen, NuclearCap, OilCap, OilCap - w/ CCS, OilCap - w/o CCS, SolarCap - PV, WindCap - Offshore, WindCap - Onshore",1119,477,70.11,1119,70.11,1008,63.16,1008,63.16,0,0.0,5,"efficiency_decimal,lifetime_years,capital_cost_usd_per_mw,om_cost_usd_per_mw_per_yr,fuel_price",16,19,84.21,209,2025,2050,target,CHN
MESSAGEix-GLOBIOM_1.1,EN_INDCi2030_1200_COV_NDCp,1596,19,"BiomassCap, BiomassCap - w/ CCS, BiomassCap - w/o CCS, CoalCap, CoalCap - w/ CCS, CoalCap - w/o CCS, GasCap, GasCap - w/ CCS, GasCap - w/o CCS, GeothermalCap, HydroCap, Hydrogen, NuclearCap, OilCap, OilCap - w/ CCS, OilCap - w/o CCS, SolarCap - PV, WindCap - Offshore, WindCap - Onshore",1119,477,70.11,1119,70.11,1008,63.16,1008,63.16,0,0.0,5,"efficiency_decimal,lifetime_years,capital_cost_usd_per_mw,om_cost_usd_per_mw_per_yr,fuel_price",16,19,84.21,209,2025,2050,target,CHN
MESSAGEix-GLOBIOM_1.1,EN_INDCi2030_1200_NDCp,1596,19,"BiomassCap, BiomassCap - w/ CCS, BiomassCap - w/o CCS, CoalCap, CoalCap - w/ CCS, CoalCap - w/o CCS, GasCap, GasCap - w/ CCS, GasCap - w/o CCS, GeothermalCap, HydroCap, Hydrogen, NuclearCap, OilCap, OilCap - w/ CCS, OilCap - w/o CCS, SolarCap - PV, WindCap - Offshore, WindCap - Onshore",1098,498,68.8,1098,68.8,1008,63.16,1008,63.16,0,0.0,5,"efficiency_decimal,lifetime_years,capital_cost_usd_per_mw,om_cost_usd_per_mw_per_yr,fuel_price",16,19,84.21,209,2025,2050,target,CHN
MESSAGEix-GLOBIOM_1.1,EN_INDCi2030_1200f,1596,19,"BiomassCap, BiomassCap - w/ CCS, BiomassCap - w/o CCS, CoalCap, CoalCap - w/ CCS, CoalCap - w/o CCS, GasCap, GasCap - w/ CCS, GasCap - w/o CCS, GeothermalCap, HydroCap, Hydrogen, NuclearCap, OilCap, OilCap - w/ CCS, OilCap - w/o CCS, SolarCap - PV, WindCap - Offshore, WindCap - Onshore",1122,474,70.3,1122,70.3,1008,63.16,1008,63.16,0,0.0,5,"efficiency_decimal,lifetime_years,capital_cost_usd_per_mw,om_cost_usd_per_mw_per_yr,fuel_price",16,19,84.21,209,2025,2050,target,CHN
MESSAGEix-GLOBIOM_1.1,EN_INDCi2030_1200f_COV,1596,19,"BiomassCap, BiomassCap - w/ CCS, BiomassCap - w/o CCS, CoalCap, CoalCap - w/ CCS, CoalCap - w/o CCS, GasCap, GasCap - w/ CCS, GasCap - w/o CCS, GeothermalCap, HydroCap, Hydrogen, NuclearCap, OilCap, OilCap - w/ CCS, OilCap - w/o CCS, SolarCap - PV, WindCap - Offshore, WindCap - Onshore",1123,473,70.36,1123,70.36,1008,63.16,1008,63.16,0,0.0,5,"efficiency_decimal,lifetime_years,capital_cost_usd_per_mw,om_cost_usd_per_mw_per_yr,fuel_price",16,19,84.21,209,2025,2050,target,CHN
MESSAGEix-GLOBIOM_1.1,EN_INDCi2030_1200f_COV_NDCp,1596,19,"BiomassCap, BiomassCap - w/ CCS, BiomassCap - w/o CCS, CoalCap, CoalCap - w/ CCS, CoalCap - w/o CCS, GasCap, GasCap - w/ CCS, GasCap - w/o CCS, GeothermalCap, HydroCap, Hydrogen, NuclearCap, OilCap, OilCap - w/ CCS, OilCap - w/o CCS, SolarCap - PV, WindCap - Offshore, WindCap - Onshore",1123,473,70.36,1123,70.36,1008,63.16,1008,63.16,0,0.0,5,"efficiency_decimal,lifetime_years,capital_cost_usd_per_mw,om_cost_usd_per_mw_per_yr,fuel_price",16,19,84.21,209,2025,2050,target,CHN
MESSAGEix-GLOBIOM_1.1,EN_INDCi2030_1200f_NDCp,1596,19,"BiomassCap, BiomassCap - w/ CCS, BiomassCap - w/o CCS, CoalCap, CoalCap - w/ CCS, CoalCap - w/o CCS, GasCap, GasCap - w/ CCS, GasCap - w/o CCS, GeothermalCap, HydroCap, Hydrogen, NuclearCap, OilCap, OilCap - w/ CCS, OilCap - w/o CCS, SolarCap - PV, WindCap - Offshore, WindCap - Onshore",1122,474,70.3,1122,70.3,1008,63.16,1008,63.16,0,0.0,5,"efficiency_decimal,lifetime_years,capital_cost_usd_per_mw,om_cost_usd_per_mw_per_yr,fuel_price",16,19,84.21,209,2025,2050,target,CHN
MESSAGEix-GLOBIOM_1.1,EN_INDCi2030_1400,1596,19,"BiomassCap, BiomassCap - w/ CCS, BiomassCap - w/o CCS, CoalCap, CoalCap - w/ CCS, CoalCap - w/o CCS, GasCap, GasCap - w/ CCS, GasCap - w/o CCS, GeothermalCap, HydroCap, Hydrogen, NuclearCap, OilCap, OilCap - w/ CCS, OilCap - w/o CCS, SolarCap - PV, WindCap - Offshore, WindCap - Onshore",1128,468,70.68,1128,70.68,1008,63.16,1008,63.16,0,0.0,5,"efficiency_decimal,lifetime_years,capital_cost_usd_per_mw,om_cost_usd_per_mw_per_yr,fuel_price",16,19,84.21,209,2025,2050,target,CHN
MESSAGEix-GLOBIOM_1.1,EN_INDCi2030_1400_COV,1596,19,"BiomassCap, BiomassCap - w/ CCS, BiomassCap - w/o CCS, CoalCap, CoalCap - w/ CCS, CoalCap - w/o CCS, GasCap, GasCap - w/ CCS, GasCap - w/o CCS, GeothermalCap, HydroCap, Hydrogen, NuclearCap, OilCap, OilCap - w/ CCS, OilCap - w/o CCS, SolarCap - PV, WindCap - Offshore, WindCap - Onshore",1137,459,71.24,1137,71.24,1008,63.16,1008,63.16,0,0.0,5,"efficiency_decimal,lifetime_years,capital_cost_usd_per_mw,om_cost_usd_per_mw_per_yr,fuel_price",16,19,84.21,209,2025,2050,target,CHN
MESSAGEix-GLOBIOM_1.1,EN_INDCi2030_1400_COV_NDCp,1596,19,"BiomassCap, BiomassCap - w/ CCS, BiomassCap - w/o CCS, CoalCap, CoalCap - w/ CCS, CoalCap - w/o CCS, GasCap, GasCap - w/ CCS, GasCap - w/o CCS, GeothermalCap, HydroCap, Hydrogen, NuclearCap, OilCap, OilCap - w/ CCS, OilCap - w/o CCS, SolarCap - PV, WindCap - Offshore, WindCap - Onshore",1137,459,71.24,1137,71.24,1008,63.16,1008,63.16,0,0.0,5,"efficiency_decimal,lifetime_years,capital_cost_usd_per_mw,om_cost_usd_per_mw_per_yr,fuel_price",16,19,84.21,209,2025,2050,target,CHN
MESSAGEix-GLOBIOM_1.1,EN_INDCi2030_1400_NDCp,1596,19,"BiomassCap, BiomassCap - w/ CCS, BiomassCap - w/o CCS, CoalCap, CoalCap - w/ CCS, CoalCap - w/o CCS, GasCap, GasCap - w/ CCS, GasCap - w/o CCS, GeothermalCap, HydroCap, Hydrogen, NuclearCap, OilCap, OilCap - w/ CCS, OilCap - w/o CCS, SolarCap - PV, WindCap - Offshore, WindCap - Onshore",1127,469,70.61,1127,70.61,1008,63.16,1008,63.16,0,0.0,5,"efficiency_decimal,lifetime_years,capital_cost_usd_per_mw,om_cost_usd_per_mw_per_yr,fuel_price",16,19,84.21,209,2025,2050,target,CHN
MESSAGEix-GLOBIOM_1.1,EN_INDCi2030_1400f,1596,19,"BiomassCap, BiomassCap - w/ CCS, BiomassCap - w/o CCS, CoalCap, CoalCap - w/ CCS, CoalCap - w/o CCS, GasCap, GasCap - w/ CCS, GasCap - w/o CCS, GeothermalCap, HydroCap, Hydrogen, NuclearCap, OilCap, OilCap - w/ CCS, OilCap - w/o CCS, SolarCap - PV, WindCap - Offshore, WindCap - Onshore",1127,469,70.61,1127,70.61,1008,63.16,1008,63.16,0,0.0,5,"efficiency_decimal,lifetime_years,capital_cost_usd_per_mw,om_cost_usd_per_mw_per_yr,fuel_price",16,19,84.21,209,2025,2050,target,CHN
MESSAGEix-GLOBIOM_1.1,EN_INDCi2030_1400f_COV,1596,19,"BiomassCap, BiomassCap - w/ CCS, BiomassCap - w/o CCS, CoalCap, CoalCap - w/ CCS, CoalCap - w/o CCS, GasCap, GasCap - w/ CCS, GasCap - w/o CCS, GeothermalCap, HydroCap, Hydrogen, NuclearCap, OilCap, OilCap - w/ CCS, OilCap - w/o CCS, SolarCap - PV, WindCap - Offshore, WindCap - Onshore",1135,461,71.12,1135,71.12,1008,63.16,1008,63.16,0,0.0,5,"efficiency_decimal,lifetime_years,capital_cost_usd_per_mw,om_cost_usd_per_mw_per_yr,fuel_price",16,19,84.21,209,2025,2050,target,CHN
MESSAGEix-GLOBIOM_1.1,EN_INDCi2030_1400f_COV_NDCp,1596,19,"BiomassCap, BiomassCap - w/ CCS, BiomassCap - w/o CCS, CoalCap, CoalCap - w/ CCS, CoalCap - w/o CCS, GasCap, GasCap - w/ CCS, GasCap - w/o CCS, GeothermalCap, HydroCap, Hydrogen, NuclearCap, OilCap, OilCap - w/ CCS, OilCap - w/o CCS, SolarCap - PV, WindCap - Offshore, WindCap - Onshore",1136,460,71.18,1136,71.18,1008,63.16,1008,63.16,0,0.0,5,"efficiency_decimal,lifetime_years,capital_cost_usd_per_mw,om_cost_usd_per_mw_per_yr,fuel_price",16,19,84.21,209,2025,2050,target,CHN
MESSAGEix-GLOBIOM_1.1,EN_INDCi2030_1400f_NDCp,1596,19,"BiomassCap, BiomassCap - w/ CCS, BiomassCap - w/o CCS, CoalCap, CoalCap - w/ CCS, CoalCap - w/o CCS, GasCap, GasCap - w/ CCS, GasCap - w/o CCS, GeothermalCap, HydroCap, Hydrogen, NuclearCap, OilCap, OilCap - w/ CCS, OilCap - w/o CCS, SolarCap - PV, WindCap - Offshore, WindCap - Onshore",1128,468,70.68,1128,70.68,1008,63.16,1008,63.16,0,0.0,5,"efficiency_decimal,lifetime_years,capital_cost_usd_per_mw,om_cost_usd_per_mw_per_yr,fuel_price",16,19,84.21,209,2025,2050,target,CHN
MESSAGEix-GLOBIOM_1.1,EN_INDCi2030_1600,1596,19,"BiomassCap, BiomassCap - w/ CCS, BiomassCap - w/o CCS, CoalCap, CoalCap - w/ CCS, CoalCap - w/o CCS, GasCap, GasCap - w/ CCS, GasCap - w/o CCS, GeothermalCap, HydroCap, Hydrogen, NuclearCap, OilCap, OilCap - w/ CCS, OilCap - w/o CCS, SolarCap - PV, WindCap - Offshore, WindCap - Onshore",1137,459,71.24,1137,71.24,1008,63.16,1008,63.16,0,0.0,5,"efficiency_decimal,lifetime_years,capital_cost_usd_per_mw,om_cost_usd_per_mw_per_yr,fuel_price",16,19,84.21,209,2025,2050,target,CHN
MESSAGEix-GLOBIOM_1.1,EN_INDCi2030_1600_COV,1596,19,"BiomassCap, BiomassCap - w/ CCS, BiomassCap - w/o CCS, CoalCap, CoalCap - w/ CCS, CoalCap - w/o CCS, GasCap, GasCap - w/ CCS, GasCap - w/o CCS, GeothermalCap, HydroCap, Hydrogen, NuclearCap, OilCap, OilCap - w/ CCS, OilCap - w/o CCS, SolarCap - PV, WindCap - Offshore, WindCap - Onshore",1142,454,71.55,1142,71.55,1008,63.16,1008,63.16,0,0.0,5,"efficiency_decimal,lifetime_years,capital_cost_usd_per_mw,om_cost_usd_per_mw_per_yr,fuel_price",16,19,84.21,209,2025,2050,target,CHN
MESSAGEix-GLOBIOM_1.1,EN_INDCi2030_1600_COV_NDCp,1596,19,"BiomassCap, BiomassCap - w/ CCS, BiomassCap - w/o CCS, CoalCap, CoalCap - w/ CCS, CoalCap - w/o CCS, GasCap, GasCap - w/ CCS, GasCap - w/o CCS, GeothermalCap, HydroCap, Hydrogen, NuclearCap, OilCap, OilCap - w/ CCS, OilCap - w/o CCS, SolarCap - PV, WindCap - Offshore, WindCap - Onshore",1142,454,71.55,1142,71.55,1008,63.16,1008,63.16,0,0.0,5,"efficiency_decimal,lifetime_years,capital_cost_usd_per_mw,om_cost_usd_per_mw_per_yr,fuel_price",16,19,84.21,209,2025,2050,target,CHN
MESSAGEix-GLOBIOM_1.1,EN_INDCi2030_1600_NDCp,1596,19,"BiomassCap, BiomassCap - w/ CCS, BiomassCap - w/o CCS, CoalCap, CoalCap - w/ CCS, CoalCap - w/o CCS, GasCap, GasCap - w/ CCS, GasCap - w/o CCS, GeothermalCap, HydroCap, Hydrogen, NuclearCap, OilCap, OilCap - w/ CCS, OilCap - w/o CCS, SolarCap - PV, WindCap - Offshore, WindCap - Onshore",1138,458,71.3,1138,71.3,1008,63.16,1008,63.16,0,0.0,5,"efficiency_decimal,lifetime_years,capital_cost_usd_per_mw,om_cost_usd_per_mw_per_yr,fuel_price",16,19,84.21,209,2025,2050,target,CHN
MESSAGEix-GLOBIOM_1.1,EN_INDCi2030_1600f,1596,19,"BiomassCap, BiomassCap - w/ CCS, BiomassCap - w/o CCS, CoalCap, CoalCap - w/ CCS, CoalCap - w/o CCS, GasCap, GasCap - w/ CCS, GasCap - w/o CCS, GeothermalCap, HydroCap, Hydrogen, NuclearCap, OilCap, OilCap - w/ CCS, OilCap - w/o CCS, SolarCap - PV, WindCap - Offshore, WindCap - Onshore",1133,463,70.99,1133,70.99,1008,63.16,1008,63.16,0,0.0,5,"efficiency_decimal,lifetime_years,capital_cost_usd_per_mw,om_cost_usd_per_mw_per_yr,fuel_price",15,19,78.95,209,2025,2050,target,CHN
MESSAGEix-GLOBIOM_1.1,EN_INDCi2030_1600f_COV,1596,19,"BiomassCap, BiomassCap - w/ CCS, BiomassCap - w/o CCS, CoalCap, CoalCap - w/ CCS, CoalCap - w/o CCS, GasCap, GasCap - w/ CCS, GasCap - w/o CCS, GeothermalCap, HydroCap, Hydrogen, NuclearCap, OilCap, OilCap - w/ CCS, OilCap - w/o CCS, SolarCap - PV, WindCap - Offshore, WindCap - Onshore",1147,449,71.87,1147,71.87,1008,63.16,1008,63.16,0,0.0,5,"efficiency_decimal,lifetime_years,capital_cost_usd_per_mw,om_cost_usd_per_mw_per_yr,fuel_price",15,19,78.95,209,2025,2050,target,CHN
MESSAGEix-GLOBIOM_1.1,EN_INDCi2030_1600f_COV_NDCp,1596,19,"BiomassCap, BiomassCap - w/ CCS, BiomassCap - w/o CCS, CoalCap, CoalCap - w/ CCS, CoalCap - w/o CCS, GasCap, GasCap - w/ CCS, GasCap - w/o CCS, GeothermalCap, HydroCap, Hydrogen, NuclearCap, OilCap, OilCap - w/ CCS, OilCap - w/o CCS, SolarCap - PV, WindCap - Offshore, WindCap - Onshore",1145,451,71.74,1145,71.74,1008,63.16,1008,63.16,0,0.0,5,"efficiency_decimal,lifetime_years,capital_cost_usd_per_mw,om_cost_usd_per_mw_per_yr,fuel_price",15,19,78.95,209,2025,2050,target,CHN
MESSAGEix-GLOBIOM_1.1,EN_INDCi2030_1600f_NDCp,1596,19,"BiomassCap, BiomassCap - w/ CCS, BiomassCap - w/o CCS, CoalCap, CoalCap - w/ CCS, CoalCap - w/o CCS, GasCap, GasCap - w/ CCS, GasCap - w/o CCS, GeothermalCap, HydroCap, Hydrogen, NuclearCap, OilCap, OilCap - w/ CCS, OilCap - w/o CCS, SolarCap - PV, WindCap - Offshore, WindCap - Onshore",1133,463,70.99,1133,70.99,1008,63.16,1008,63.16,0,0.0,5,"efficiency_decimal,lifetime_years,capital_cost_usd_per_mw,om_cost_usd_per_mw_per_yr,fuel_price",15,19,78.95,209,2025,2050,target,CHN
MESSAGEix-GLOBIOM_1.1,EN_INDCi2030_1800,1596,19,"BiomassCap, BiomassCap - w/ CCS, BiomassCap - w/o CCS, CoalCap, CoalCap - w/ CCS, CoalCap - w/o CCS, GasCap, GasCap - w/ CCS, GasCap - w/o CCS, GeothermalCap, HydroCap, Hydrogen, NuclearCap, OilCap, OilCap - w/ CCS, OilCap - w/o CCS, SolarCap - PV, WindCap - Offshore, WindCap - Onshore",1143,453,71.62,1143,71.62,1008,63.16,1008,63.16,0,0.0,5,"efficiency_decimal,lifetime_years,capital_cost_usd_per_mw,om_cost_usd_per_mw_per_yr,fuel_price",15,19,78.95,209,2025,2050,target,CHN
MESSAGEix-GLOBIOM_1.1,EN_INDCi2030_1800_COV,1596,19,"BiomassCap, BiomassCap - w/ CCS, BiomassCap - w/o CCS, CoalCap, CoalCap - w/ CCS, CoalCap - w/o CCS, GasCap, GasCap - w/ CCS, GasCap - w/o CCS, GeothermalCap, HydroCap, Hydrogen, NuclearCap, OilCap, OilCap - w/ CCS, OilCap - w/o CCS, SolarCap - PV, WindCap - Offshore, WindCap - Onshore",1157,439,72.49,1157,72.49,1008,63.16,1008,63.16,0,0.0,5,"efficiency_decimal,lifetime_years,capital_cost_usd_per_mw,om_cost_usd_per_mw_per_yr,fuel_price",15,19,78.95,209,2025,2050,target,CHN
MESSAGEix-GLOBIOM_1.1,EN_INDCi2030_1800_COV_NDCp,1596,19,"BiomassCap, BiomassCap - w/ CCS, BiomassCap - w/o CCS, CoalCap, CoalCap - w/ CCS, CoalCap - w/o CCS, GasCap, GasCap - w/ CCS, GasCap - w/o CCS, GeothermalCap, HydroCap, Hydrogen, NuclearCap, OilCap, OilCap - w/ CCS, OilCap - w/o CCS, SolarCap - PV, WindCap - Offshore, WindCap - Onshore",1159,437,72.62,1159,72.62,1008,63.16,1008,63.16,0,0.0,5,"efficiency_decimal,lifetime_years,capital_cost_usd_per_mw,om_cost_usd_per_mw_per_yr,fuel_price",15,19,78.95,209,2025,2050,target,CHN
MESSAGEix-GLOBIOM_1.1,EN_INDCi2030_1800_NDCp,1596,19,"BiomassCap, BiomassCap - w/ CCS, BiomassCap - w/o CCS, CoalCap, CoalCap - w/ CCS, CoalCap - w/o CCS, GasCap, GasCap - w/ CCS, GasCap - w/o CCS, GeothermalCap, HydroCap, Hydrogen, NuclearCap, OilCap, OilCap - w/ CCS, OilCap - w/o CCS, SolarCap - PV, WindCap - Offshore, WindCap - Onshore",1141,455,71.49,1141,71.49,1008,63.16,1008,63.16,0,0.0,5,"efficiency_decimal,lifetime_years,capital_cost_usd_per_mw,om_cost_usd_per_mw_per_yr,fuel_price",15,19,78.95,209,2025,2050,target,CHN
MESSAGEix-GLOBIOM_1.1,EN_INDCi2030_1800f,1596,19,"BiomassCap, BiomassCap - w/ CCS, BiomassCap - w/o CCS, CoalCap, CoalCap - w/ CCS, CoalCap - w/o CCS, GasCap, GasCap - w/ CCS, GasCap - w/o CCS, GeothermalCap, HydroCap, Hydrogen, NuclearCap, OilCap, OilCap - w/ CCS, OilCap - w/o CCS, SolarCap - PV, WindCap - Offshore, WindCap - Onshore",1149,447,71.99,1149,71.99,1008,63.16,1008,63.16,0,0.0,5,"efficiency_decimal,lifetime_years,capital_cost_usd_per_mw,om_cost_usd_per_mw_per_yr,fuel_price",15,19,78.95,209,2025,2050,target,CHN
MESSAGEix-GLOBIOM_1.1,EN_INDCi2030_1800f_COV,1596,19,"BiomassCap, BiomassCap - w/ CCS, BiomassCap - w/o CCS, CoalCap, CoalCap - w/ CCS, CoalCap - w/o CCS, GasCap, GasCap - w/ CCS, GasCap - w/o CCS, GeothermalCap, HydroCap, Hydrogen, NuclearCap, OilCap, OilCap - w/ CCS, OilCap - w/o CCS, SolarCap - PV, WindCap - Offshore, WindCap - Onshore",1157,439,72.49,1157,72.49,1008,63.16,1008,63.16,0,0.0,5,"efficiency_decimal,lifetime_years,capital_cost_usd_per_mw,om_cost_usd_per_mw_per_yr,fuel_price",15,19,78.95,209,2025,2050,target,CHN
MESSAGEix-GLOBIOM_1.1,EN_INDCi2030_1800f_COV_NDCp,1596,19,"BiomassCap, BiomassCap - w/ CCS, BiomassCap - w/o CCS, CoalCap, CoalCap - w/ CCS, CoalCap - w/o CCS, GasCap, GasCap - w/ CCS, GasCap - w/o CCS, GeothermalCap, HydroCap, Hydrogen, NuclearCap, OilCap, OilCap - w/ CCS, OilCap - w/o CCS, SolarCap - PV, WindCap - Offshore, WindCap - Onshore",1159,437,72.62,1159,72.62,1008,63.16,1008,63.16,0,0.0,5,"efficiency_decimal,lifetime_years,capital_cost_usd_per_mw,om_cost_usd_per_mw_per_yr,fuel_price",15,19,78.95,209,2025,2050,target,CHN
MESSAGEix-GLOBIOM_1.1,EN_INDCi2030_1800f_NDCp,1596,19,"BiomassCap, BiomassCap - w/ CCS, BiomassCap - w/o CCS, CoalCap, CoalCap - w/ CCS, CoalCap - w/o CCS, GasCap, GasCap - w/ CCS, GasCap - w/o CCS, GeothermalCap, HydroCap, Hydrogen, NuclearCap, OilCap, OilCap - w/ CCS, OilCap - w/o CCS, SolarCap - PV, WindCap - Offshore, WindCap - Onshore",1147,449,71.87,1147,71.87,1008,63.16,1008,63.16,0,0.0,5,"efficiency_decimal,lifetime_years,capital_cost_usd_per_mw,om_cost_usd_per_mw_per_yr,fuel_price",15,19,78.95,209,2025,2050,target,CHN
MESSAGEix-GLOBIOM_1.1,EN_INDCi2030_2000,1596,19,"BiomassCap, BiomassCap - w/ CCS, BiomassCap - w/o CCS, CoalCap, CoalCap - w/ CCS, CoalCap - w/o CCS, GasCap, GasCap - w/ CCS, GasCap - w/o CCS, GeothermalCap, HydroCap, Hydrogen, NuclearCap, OilCap, OilCap - w/ CCS, OilCap - w/o CCS, SolarCap - PV, WindCap - Offshore, WindCap - Onshore",1154,442,72.31,1154,72.31,1008,63.16,1008,63.16,0,0.0,5,"efficiency_decimal,lifetime_years,capital_cost_usd_per_mw,om_cost_usd_per_mw_per_yr,fuel_price",15,19,78.95,209,2025,2050,target,CHN
MESSAGEix-GLOBIOM_1.1,EN_INDCi2030_2000_COV,1596,19,"BiomassCap, BiomassCap - w/ CCS, BiomassCap - w/o CCS, CoalCap, CoalCap - w/ CCS, CoalCap - w/o CCS, GasCap, GasCap - w/ CCS, GasCap - w/o CCS, GeothermalCap, HydroCap, Hydrogen, NuclearCap, OilCap, OilCap - w/ CCS, OilCap - w/o CCS, SolarCap - PV, WindCap - Offshore, WindCap - Onshore",1162,434,72.81,1162,72.81,1008,63.16,1008,63.16,0,0.0,5,"efficiency_decimal,lifetime_years,capital_cost_usd_per_mw,om_cost_usd_per_mw_per_yr,fuel_price",15,19,78.95,209,2025,2050,target,CHN
MESSAGEix-GLOBIOM_1.1,EN_INDCi2030_2000_COV_NDCp,1596,19,"BiomassCap, BiomassCap - w/ CCS, BiomassCap - w/o CCS, CoalCap, CoalCap - w/ CCS, CoalCap - w/o CCS, GasCap, GasCap - w/ CCS, GasCap - w/o CCS, GeothermalCap, HydroCap, Hydrogen, NuclearCap, OilCap, OilCap - w/ CCS, OilCap - w/o CCS, SolarCap - PV, WindCap - Offshore, WindCap - Onshore",1166,430,73.06,1166,73.06,1008,63.16,1008,63.16,0,0.0,5,"efficiency_decimal,lifetime_years,capital_cost_usd_per_mw,om_cost_usd_per_mw_per_yr,fuel_price",15,19,78.95,209,2025,2050,target,CHN
MESSAGEix-GLOBIOM_1.1,EN_INDCi2030_2000_NDCp,1596,19,"BiomassCap, BiomassCap - w/ CCS, BiomassCap - w/o CCS, CoalCap, CoalCap - w/ CCS, CoalCap - w/o CCS, GasCap, GasCap - w/ CCS, GasCap - w/o CCS, GeothermalCap, HydroCap, Hydrogen, NuclearCap, OilCap, OilCap - w/ CCS, OilCap - w/o CCS, SolarCap - PV, WindCap - Offshore, WindCap - Onshore",1154,442,72.31,1154,72.31,1008,63.16,1008,63.16,0,0.0,5,"efficiency_decimal,lifetime_years,capital_cost_usd_per_mw,om_cost_usd_per_mw_per_yr,fuel_price",15,19,78.95,209,2025,2050,target,CHN
MESSAGEix-GLOBIOM_1.1,EN_INDCi2030_2000f,1596,19,"BiomassCap, BiomassCap - w/ CCS, BiomassCap - w/o CCS, CoalCap, CoalCap - w/ CCS, CoalCap - w/o CCS, GasCap, GasCap - w/ CCS, GasCap - w/o CCS, GeothermalCap, HydroCap, Hydrogen, NuclearCap, OilCap, OilCap - w/ CCS, OilCap - w/o CCS, SolarCap - PV, WindCap - Offshore, WindCap - Onshore",1155,441,72.37,1155,72.37,1008,63.16,1008,63.16,0,0.0,5,"efficiency_decimal,lifetime_years,capital_cost_usd_per_mw,om_cost_usd_per_mw_per_yr,fuel_price",15,19,78.95,209,2025,2050,target,CHN
MESSAGEix-GLOBIOM_1.1,EN_INDCi2030_2000f_COV,1596,19,"BiomassCap, BiomassCap - w/ CCS, BiomassCap - w/o CCS, CoalCap, CoalCap - w/ CCS, CoalCap - w/o CCS, GasCap, GasCap - w/ CCS, GasCap - w/o CCS, GeothermalCap, HydroCap, Hydrogen, NuclearCap, OilCap, OilCap - w/ CCS, OilCap - w/o CCS, SolarCap - PV, WindCap - Offshore, WindCap - Onshore",1161,435,72.74,1161,72.74,1008,63.16,1008,63.16,0,0.0,5,"efficiency_decimal,lifetime_years,capital_cost_usd_per_mw,om_cost_usd_per_mw_per_yr,fuel_price",15,19,78.95,209,2025,2050,target,CHN
MESSAGEix-GLOBIOM_1.1,EN_INDCi2030_2000f_COV_NDCp,1596,19,"BiomassCap, BiomassCap - w/ CCS, BiomassCap - w/o CCS, CoalCap, CoalCap - w/ CCS, CoalCap - w/o CCS, GasCap, GasCap - w/ CCS, GasCap - w/o CCS, GeothermalCap, HydroCap, Hydrogen, NuclearCap, OilCap, OilCap - w/ CCS, OilCap - w/o CCS, SolarCap - PV, WindCap - Offshore, WindCap - Onshore",1170,426,73.31,1170,73.31,1008,63.16,1008,63.16,0,0.0,5,"efficiency_decimal,lifetime_years,capital_cost_usd_per_mw,om_cost_usd_per_mw_per_yr,fuel_price",14,19,73.68,209,2025,2050,target,CHN
MESSAGEix-GLOBIOM_1.1,EN_INDCi2030_2000f_NDCp,1596,19,"BiomassCap, BiomassCap - w/ CCS, BiomassCap - w/o CCS, CoalCap, CoalCap - w/ CCS, CoalCap - w/o CCS, GasCap, GasCap - w/ CCS, GasCap - w/o CCS, GeothermalCap, HydroCap, Hydrogen, NuclearCap, OilCap, OilCap - w/ CCS, OilCap - w/o CCS, SolarCap - PV, WindCap - Offshore, WindCap - Onshore",1155,441,72.37,1155,72.37,1008,63.16,1008,63.16,0,0.0,5,"efficiency_decimal,lifetime_years,capital_cost_usd_per_mw,om_cost_usd_per_mw_per_yr,fuel_price",15,19,78.95,209,2025,2050,target,CHN
MESSAGEix-GLOBIOM_1.1,EN_INDCi2030_2500,1596,19,"BiomassCap, BiomassCap - w/ CCS, BiomassCap - w/o CCS, CoalCap, CoalCap - w/ CCS, CoalCap - w/o CCS, GasCap, GasCap - w/ CCS, GasCap - w/o CCS, GeothermalCap, HydroCap, Hydrogen, NuclearCap, OilCap, OilCap - w/ CCS, OilCap - w/o CCS, SolarCap - PV, WindCap - Offshore, WindCap - Onshore",1165,431,72.99,1165,72.99,1008,63.16,1008,63.16,0,0.0,5,"efficiency_decimal,lifetime_years,capital_cost_usd_per_mw,om_cost_usd_per_mw_per_yr,fuel_price",14,19,73.68,209,2025,2050,target,CHN
MESSAGEix-GLOBIOM_1.1,EN_INDCi2030_2500_COV,1596,19,"BiomassCap, BiomassCap - w/ CCS, BiomassCap - w/o CCS, CoalCap, CoalCap - w/ CCS, CoalCap - w/o CCS, GasCap, GasCap - w/ CCS, GasCap - w/o CCS, GeothermalCap, HydroCap, Hydrogen, NuclearCap, OilCap, OilCap - w/ CCS, OilCap - w/o CCS, SolarCap - PV, WindCap - Offshore, WindCap - Onshore",1173,423,73.5,1173,73.5,1008,63.16,1008,63.16,0,0.0,5,"efficiency_decimal,lifetime_years,capital_cost_usd_per_mw,om_cost_usd_per_mw_per_yr,fuel_price",14,19,73.68,209,2025,2050,target,CHN
MESSAGEix-GLOBIOM_1.1,EN_INDCi2030_2500_COV_NDCp,1596,19,"BiomassCap, BiomassCap - w/ CCS, BiomassCap - w/o CCS, CoalCap, CoalCap - w/ CCS, CoalCap - w/o CCS, GasCap, GasCap - w/ CCS, GasCap - w/o CCS, GeothermalCap, HydroCap, Hydrogen, NuclearCap, OilCap, OilCap - w/ CCS, OilCap - w/o CCS, SolarCap - PV, WindCap - Offshore, WindCap - Onshore",1173,423,73.5,1173,73.5,1008,63.16,1008,63.16,0,0.0,5,"efficiency_decimal,lifetime_years,capital_cost_usd_per_mw,om_cost_usd_per_mw_per_yr,fuel_price",14,19,73.68,209,2025,2050,target,CHN
MESSAGEix-GLOBIOM_1.1,EN_INDCi2030_2500_NDCp,1596,19,"BiomassCap, BiomassCap - w/ CCS, BiomassCap - w/o CCS, CoalCap, CoalCap - w/ CCS, CoalCap - w/o CCS, GasCap, GasCap - w/ CCS, GasCap - w/o CCS, GeothermalCap, HydroCap, Hydrogen, NuclearCap, OilCap, OilCap - w/ CCS, OilCap - w/o CCS, SolarCap - PV, WindCap - Offshore, WindCap - Onshore",1165,431,72.99,1165,72.99,1008,63.16,1008,63.16,0,0.0,5,"efficiency_decimal,lifetime_years,capital_cost_usd_per_mw,om_cost_usd_per_mw_per_yr,fuel_price",14,19,73.68,209,2025,2050,target,CHN
MESSAGEix-GLOBIOM_1.1,EN_INDCi2030_2500f,1596,19,"BiomassCap, BiomassCap - w/ CCS, BiomassCap - w/o CCS, CoalCap, CoalCap - w/ CCS, CoalCap - w/o CCS, GasCap, GasCap - w/ CCS, GasCap - w/o CCS, GeothermalCap, HydroCap, Hydrogen, NuclearCap, OilCap, OilCap - w/ CCS, OilCap - w/o CCS, SolarCap - PV, WindCap - Offshore, WindCap - Onshore",1165,431,72.99,1165,72.99,1008,63.16,1008,63.16,0,0.0,5,"efficiency_decimal,lifetime_years,capital_cost_usd_per_mw,om_cost_usd_per_mw_per_yr,fuel_price",14,19,73.68,209,2025,2050,target,CHN
MESSAGEix-GLOBIOM_1.1,EN_INDCi2030_2500f_COV,1596,19,"BiomassCap, BiomassCap - w/ CCS, BiomassCap - w/o CCS, CoalCap, CoalCap - w/ CCS, CoalCap - w/o CCS, GasCap, GasCap - w/ CCS, GasCap - w/o CCS, GeothermalCap, HydroCap, Hydrogen, NuclearCap, OilCap, OilCap - w/ CCS, OilCap - w/o CCS, SolarCap - PV, WindCap - Offshore, WindCap - Onshore",1173,423,73.5,1173,73.5,1008,63.16,1008,63.16,0,0.0,5,"efficiency_decimal,lifetime_years,capital_cost_usd_per_mw,om_cost_usd_per_mw_per_yr,fuel_price",14,19,73.68,209,2025,2050,target,CHN
MESSAGEix-GLOBIOM_1.1,EN_INDCi2030_2500f_COV_NDCp,1596,19,"BiomassCap, BiomassCap - w/ CCS, BiomassCap - w/o CCS, CoalCap, CoalCap - w/ CCS, CoalCap - w/o CCS, GasCap, GasCap - w/ CCS, GasCap - w/o CCS, GeothermalCap, HydroCap, Hydrogen, NuclearCap, OilCap, OilCap - w/ CCS, OilCap - w/o CCS, SolarCap - PV, WindCap - Offshore, WindCap - Onshore",1173,423,73.5,1173,73.5,1008,63.16,1008,63.16,0,0.0,5,"efficiency_decimal,lifetime_years,capital_cost_usd_per_mw,om_cost_usd_per_mw_per_yr,fuel_price",14,19,73.68,209,2025,2050,target,CHN
MESSAGEix-GLOBIOM_1.1,EN_INDCi2030_2500f_NDCp,1596,19,"BiomassCap, BiomassCap - w/ CCS, BiomassCap - w/o CCS, CoalCap, CoalCap - w/ CCS, CoalCap - w/o CCS, GasCap, GasCap - w/ CCS, GasCap - w/o CCS, GeothermalCap, HydroCap, Hydrogen, NuclearCap, OilCap, OilCap - w/ CCS, OilCap - w/o CCS, SolarCap - PV, WindCap - Offshore, WindCap - Onshore",1165,431,72.99,1165,72.99,1008,63.16,1008,63.16,0,0.0,5,"efficiency_decimal,lifetime_years,capital_cost_usd_per_mw,om_cost_usd_per_mw_per_yr,fuel_price",14,19,73.68,209,2025,2050,target,CHN
MESSAGEix-GLOBIOM_1.1,EN_INDCi2030_3000,1596,19,"BiomassCap, BiomassCap - w/ CCS, BiomassCap - w/o CCS, CoalCap, CoalCap - w/ CCS, CoalCap - w/o CCS, GasCap, GasCap - w/ CCS, GasCap - w/o CCS, GeothermalCap, HydroCap, Hydrogen, NuclearCap, OilCap, OilCap - w/ CCS, OilCap - w/o CCS, SolarCap - PV, WindCap - Offshore, WindCap - Onshore",1173,423,73.5,1173,73.5,1008,63.16,1008,63.16,0,0.0,5,"efficiency_decimal,lifetime_years,capital_cost_usd_per_mw,om_cost_usd_per_mw_per_yr,fuel_price",14,19,73.68,209,2025,2050,target,CHN
MESSAGEix-GLOBIOM_1.1,EN_INDCi2030_3000_COV,1596,19,"BiomassCap, BiomassCap - w/ CCS, BiomassCap - w/o CCS, CoalCap, CoalCap - w/ CCS, CoalCap - w/o CCS, GasCap, GasCap - w/ CCS, GasCap - w/o CCS, GeothermalCap, HydroCap, Hydrogen, NuclearCap, OilCap, OilCap - w/ CCS, OilCap - w/o CCS, SolarCap - PV, WindCap - Offshore, WindCap - Onshore",1176,420,73.68,1176,73.68,1008,63.16,1008,63.16,0,0.0,5,"efficiency_decimal,lifetime_years,capital_cost_usd_per_mw,om_cost_usd_per_mw_per_yr,fuel_price",14,19,73.68,209,2025,2050,target,CHN
MESSAGEix-GLOBIOM_1.1,EN_INDCi2030_3000_COV_NDCp,1596,19,"BiomassCap, BiomassCap - w/ CCS, BiomassCap - w/o CCS, CoalCap, CoalCap - w/ CCS, CoalCap - w/o CCS, GasCap, GasCap - w/ CCS, GasCap - w/o CCS, GeothermalCap, HydroCap, Hydrogen, NuclearCap, OilCap, OilCap - w/ CCS, OilCap - w/o CCS, SolarCap - PV, WindCap - Offshore, WindCap - Onshore",1176,420,73.68,1176,73.68,1008,63.16,1008,63.16,0,0.0,5,"efficiency_decimal,lifetime_years,capital_cost_usd_per_mw,om_cost_usd_per_mw_per_yr,fuel_price",14,19,73.68,209,2025,2050,target,CHN
MESSAGEix-GLOBIOM_1.1,EN_INDCi2030_3000_NDCp,1596,19,"BiomassCap, BiomassCap - w/ CCS, BiomassCap - w/o CCS, CoalCap, CoalCap - w/ CCS, CoalCap - w/o CCS, GasCap, GasCap - w/ CCS, GasCap - w/o CCS, GeothermalCap, HydroCap, Hydrogen, NuclearCap, OilCap, OilCap - w/ CCS, OilCap - w/o CCS, SolarCap - PV, WindCap - Offshore, WindCap - Onshore",1173,423,73.5,1173,73.5,1008,63.16,1008,63.16,0,0.0,5,"efficiency_decimal,lifetime_years,capital_cost_usd_per_mw,om_cost_usd_per_mw_per_yr,fuel_price",14,19,73.68,209,2025,2050,target,CHN
MESSAGEix-GLOBIOM_1.1,EN_INDCi2030_3000f,1596,19,"BiomassCap, BiomassCap - w/ CCS, BiomassCap - w/o CCS, CoalCap, CoalCap - w/ CCS, CoalCap - w/o CCS, GasCap, GasCap - w/ CCS, GasCap - w/o CCS, GeothermalCap, HydroCap, Hydrogen, NuclearCap, OilCap, OilCap - w/ CCS, OilCap - w/o CCS, SolarCap - PV, WindCap - Offshore, WindCap - Onshore",1173,423,73.5,1173,73.5,1008,63.16,1008,63.16,0,0.0,5,"efficiency_decimal,lifetime_years,capital_cost_usd_per_mw,om_cost_usd_per_mw_per_yr,fuel_price",14,19,73.68,209,2025,2050,target,CHN
MESSAGEix-GLOBIOM_1.1,EN_INDCi2030_3000f_COV,1596,19,"BiomassCap, BiomassCap - w/ CCS, BiomassCap - w/o CCS, CoalCap, CoalCap - w/ CCS, CoalCap - w/o CCS, GasCap, GasCap - w/ CCS, GasCap - w/o CCS, GeothermalCap, HydroCap, Hydrogen, NuclearCap, OilCap, OilCap - w/ CCS, OilCap - w/o CCS, SolarCap - PV, WindCap - Offshore, WindCap - Onshore",1176,420,73.68,1176,73.68,1008,63.16,1008,63.16,0,0.0,5,"efficiency_decimal,lifetime_years,capital_cost_usd_per_mw,om_cost_usd_per_mw_per_yr,fuel_price",14,19,73.68,209,2025,2050,target,CHN
MESSAGEix-GLOBIOM_1.1,EN_INDCi2030_3000f_COV_NDCp,1596,19,"BiomassCap, BiomassCap - w/ CCS, BiomassCap - w/o CCS, CoalCap, CoalCap - w/ CCS, CoalCap - w/o CCS, GasCap, GasCap - w/ CCS, GasCap - w/o CCS, GeothermalCap, HydroCap, Hydrogen, NuclearCap, OilCap, OilCap - w/ CCS, OilCap - w/o CCS, SolarCap - PV, WindCap - Offshore, WindCap - Onshore",1176,420,73.68,1176,73.68,1008,63.16,1008,63.16,0,0.0,5,"efficiency_decimal,lifetime_years,capital_cost_usd_per_mw,om_cost_usd_per_mw_per_yr,fuel_price",14,19,73.68,209,2025,2050,target,CHN
MESSAGEix-GLOBIOM_1.1,EN_INDCi2030_3000f_NDCp,1596,19,"BiomassCap, BiomassCap - w/ CCS, BiomassCap - w/o CCS, CoalCap, CoalCap - w/ CCS, CoalCap - w/o CCS, GasCap, GasCap - w/ CCS, GasCap - w/o CCS, GeothermalCap, HydroCap, Hydrogen, NuclearCap, OilCap, OilCap - w/ CCS, OilCap - w/o CCS, SolarCap - PV, WindCap - Offshore, WindCap - Onshore",1173,423,73.5,1173,73.5,1008,63.16,1008,63.16,0,0.0,5,"efficiency_decimal,lifetime_years,capital_cost_usd_per_mw,om_cost_usd_per_mw_per_yr,fuel_price",14,19,73.68,209,2025,2050,target,CHN
MESSAGEix-GLOBIOM_1.1,EN_INDCi2030_600f_COV,1588,19,"BiomassCap, BiomassCap - w/ CCS, BiomassCap - w/o CCS, CoalCap, CoalCap - w/ CCS, CoalCap - w/o CCS, GasCap, GasCap - w/ CCS, GasCap - w/o CCS, GeothermalCap, HydroCap, Hydrogen, NuclearCap, OilCap, OilCap - w/ CCS, OilCap - w/o CCS, SolarCap - PV, WindCap - Offshore, WindCap - Onshore",1091,497,68.7,1071,67.44,1008,63.48,1008,63.48,68,4.28,8,"efficiency_decimal,lifetime_years,capital_cost_usd_per_mw,om_cost_usd_per_mw_per_yr,fuel_price",17,19,89.47,209,2025,2050,target,CHN
MESSAGEix-GLOBIOM_1.1,EN_INDCi2030_600f_COV_NDCp,1592,19,"BiomassCap, BiomassCap - w/ CCS, BiomassCap - w/o CCS, CoalCap, CoalCap - w/ CCS, CoalCap - w/o CCS, GasCap, GasCap - w/ CCS, GasCap - w/o CCS, GeothermalCap, HydroCap, Hydrogen, NuclearCap, OilCap, OilCap - w/ CCS, OilCap - w/o CCS, SolarCap - PV, WindCap - Offshore, WindCap - Onshore",1077,515,67.65,1067,67.02,1008,63.32,1008,63.32,34,2.14,8,"efficiency_decimal,lifetime_years,capital_cost_usd_per_mw,om_cost_usd_per_mw_per_yr,fuel_price",17,19,89.47,209,2025,2050,target,CHN
MESSAGEix-GLOBIOM_1.1,EN_INDCi2030_700f,1592,19,"BiomassCap, BiomassCap - w/ CCS, BiomassCap - w/o CCS, CoalCap, CoalCap - w/ CCS, CoalCap - w/o CCS, GasCap, GasCap - w/ CCS, GasCap - w/o CCS, GeothermalCap, HydroCap, Hydrogen, NuclearCap, OilCap, OilCap - w/ CCS, OilCap - w/o CCS, SolarCap - PV, WindCap - Offshore, WindCap - Onshore",1077,515,67.65,1067,67.02,1008,63.32,1008,63.32,34,2.14,8,"efficiency_decimal,lifetime_years,capital_cost_usd_per_mw,om_cost_usd_per_mw_per_yr,fuel_price",17,19,89.47,209,2025,2050,target,CHN
MESSAGEix-GLOBIOM_1.1,EN_INDCi2030_700f_COV,1596,19,"BiomassCap, BiomassCap - w/ CCS, BiomassCap - w/o CCS, CoalCap, CoalCap - w/ CCS, CoalCap - w/o CCS, GasCap, GasCap - w/ CCS, GasCap - w/o CCS, GeothermalCap, HydroCap, Hydrogen, NuclearCap, OilCap, OilCap - w/ CCS, OilCap - w/o CCS, SolarCap - PV, WindCap - Offshore, WindCap - Onshore",1078,518,67.54,1078,67.54,1008,63.16,1008,63.16,0,0.0,5,"efficiency_decimal,lifetime_years,capital_cost_usd_per_mw,om_cost_usd_per_mw_per_yr,fuel_price",17,19,89.47,209,2025,2050,target,CHN
MESSAGEix-GLOBIOM_1.1,EN_INDCi2030_700f_COV_NDCp,1596,19,"BiomassCap, BiomassCap - w/ CCS, BiomassCap - w/o CCS, CoalCap, CoalCap - w/ CCS, CoalCap - w/o CCS, GasCap, GasCap - w/ CCS, GasCap - w/o CCS, GeothermalCap, HydroCap, Hydrogen, NuclearCap, OilCap, OilCap - w/ CCS, OilCap - w/o CCS, SolarCap - PV, WindCap - Offshore, WindCap - Onshore",1074,522,67.29,1074,67.29,1008,63.16,1008,63.16,0,0.0,5,"efficiency_decimal,lifetime_years,capital_cost_usd_per_mw,om_cost_usd_per_mw_per_yr,fuel_price",17,19,89.47,209,2025,2050,target,CHN
MESSAGEix-GLOBIOM_1.1,EN_INDCi2030_700f_NDCp,1588,19,"BiomassCap, BiomassCap - w/ CCS, BiomassCap - w/o CCS, CoalCap, CoalCap - w/ CCS, CoalCap - w/o CCS, GasCap, GasCap - w/ CCS, GasCap - w/o CCS, GeothermalCap, HydroCap, Hydrogen, NuclearCap, OilCap, OilCap - w/ CCS, OilCap - w/o CCS, SolarCap - PV, WindCap - Offshore, WindCap - Onshore",1090,498,68.64,1070,67.38,1008,63.48,1008,63.48,68,4.28,8,"efficiency_decimal,lifetime_years,capital_cost_usd_per_mw,om_cost_usd_per_mw_per_yr,fuel_price",17,19,89.47,209,2025,2050,target,CHN
MESSAGEix-GLOBIOM_1.1,EN_INDCi2030_800f,1596,19,"BiomassCap, BiomassCap - w/ CCS, BiomassCap - w/o CCS, CoalCap, CoalCap - w/ CCS, CoalCap - w/o CCS, GasCap, GasCap - w/ CCS, GasCap - w/o CCS, GeothermalCap, HydroCap, Hydrogen, NuclearCap, OilCap, OilCap - w/ CCS, OilCap - w/o CCS, SolarCap - PV, WindCap - Offshore, WindCap - Onshore",1076,520,67.42,1076,67.42,1008,63.16,1008,63.16,0,0.0,5,"efficiency_decimal,lifetime_years,capital_cost_usd_per_mw,om_cost_usd_per_mw_per_yr,fuel_price",17,19,89.47,209,2025,2050,target,CHN
MESSAGEix-GLOBIOM_1.1,EN_INDCi2030_800f_COV,1596,19,"BiomassCap, BiomassCap - w/ CCS, BiomassCap - w/o CCS, CoalCap, CoalCap - w/ CCS, CoalCap - w/o CCS, GasCap, GasCap - w/ CCS, GasCap - w/o CCS, GeothermalCap, HydroCap, Hydrogen, NuclearCap, OilCap, OilCap - w/ CCS, OilCap - w/o CCS, SolarCap - PV, WindCap - Offshore, WindCap - Onshore",1087,509,68.11,1087,68.11,1008,63.16,1008,63.16,0,0.0,5,"efficiency_decimal,lifetime_years,capital_cost_usd_per_mw,om_cost_usd_per_mw_per_yr,fuel_price",17,19,89.47,209,2025,2050,target,CHN
MESSAGEix-GLOBIOM_1.1,EN_INDCi2030_800f_COV_NDCp,1596,19,"BiomassCap, BiomassCap - w/ CCS, BiomassCap - w/o CCS, CoalCap, CoalCap - w/ CCS, CoalCap - w/o CCS, GasCap, GasCap - w/ CCS, GasCap - w/o CCS, GeothermalCap, HydroCap, Hydrogen, NuclearCap, OilCap, OilCap - w/ CCS, OilCap - w/o CCS, SolarCap - PV, WindCap - Offshore, WindCap - Onshore",1097,499,68.73,1097,68.73,1008,63.16,1008,63.16,0,0.0,5,"efficiency_decimal,lifetime_years,capital_cost_usd_per_mw,om_cost_usd_per_mw_per_yr,fuel_price",17,19,89.47,209,2025,2050,target,CHN
MESSAGEix-GLOBIOM_1.1,EN_INDCi2030_800f_NDCp,1596,19,"BiomassCap, BiomassCap - w/ CCS, BiomassCap - w/o CCS, CoalCap, CoalCap - w/ CCS, CoalCap - w/o CCS, GasCap, GasCap - w/ CCS, GasCap - w/o CCS, GeothermalCap, HydroCap, Hydrogen, NuclearCap, OilCap, OilCap - w/ CCS, OilCap - w/o CCS, SolarCap - PV, WindCap - Offshore, WindCap - Onshore",1077,519,67.48,1077,67.48,1008,63.16,1008,63.16,0,0.0,5,"efficiency_decimal,lifetime_years,capital_cost_usd_per_mw,om_cost_usd_per_mw_per_yr,fuel_price",17,19,89.47,209,2025,2050,target,CHN
MESSAGEix-GLOBIOM_1.1,EN_INDCi2030_900f,1596,19,"BiomassCap, BiomassCap - w/ CCS, BiomassCap - w/o CCS, CoalCap, CoalCap - w/ CCS, CoalCap - w/o CCS, GasCap, GasCap - w/ CCS, GasCap - w/o CCS, GeothermalCap, HydroCap, Hydrogen, NuclearCap, OilCap, OilCap - w/ CCS, OilCap - w/o CCS, SolarCap - PV, WindCap - Offshore, WindCap - Onshore",1084,512,67.92,1084,67.92,1008,63.16,1008,63.16,0,0.0,5,"efficiency_decimal,lifetime_years,capital_cost_usd_per_mw,om_cost_usd_per_mw_per_yr,fuel_price",17,19,89.47,209,2025,2050,target,CHN
MESSAGEix-GLOBIOM_1.1,EN_INDCi2030_900f_COV,1596,19,"BiomassCap, BiomassCap - w/ CCS, BiomassCap - w/o CCS, CoalCap, CoalCap - w/ CCS, CoalCap - w/o CCS, GasCap, GasCap - w/ CCS, GasCap - w/o CCS, GeothermalCap, HydroCap, Hydrogen, NuclearCap, OilCap, OilCap - w/ CCS, OilCap - w/o CCS, SolarCap - PV, WindCap - Offshore, WindCap - Onshore",1099,497,68.86,1099,68.86,1008,63.16,1008,63.16,0,0.0,5,"efficiency_decimal,lifetime_years,capital_cost_usd_per_mw,om_cost_usd_per_mw_per_yr,fuel_price",16,19,84.21,209,2025,2050,target,CHN
MESSAGEix-GLOBIOM_1.1,EN_INDCi2030_900f_COV_NDCp,1596,19,"BiomassCap, BiomassCap - w/ CCS, BiomassCap - w/o CCS, CoalCap, CoalCap - w/ CCS, CoalCap - w/o CCS, GasCap, GasCap - w/ CCS, GasCap - w/o CCS, GeothermalCap, HydroCap, Hydrogen, NuclearCap, OilCap, OilCap - w/ CCS, OilCap - w/o CCS, SolarCap - PV, WindCap - Offshore, WindCap - Onshore",1099,497,68.86,1099,68.86,1008,63.16,1008,63.16,0,0.0,5,"efficiency_decimal,lifetime_years,capital_cost_usd_per_mw,om_cost_usd_per_mw_per_yr,fuel_price",16,19,84.21,209,2025,2050,target,CHN
MESSAGEix-GLOBIOM_1.1,EN_INDCi2030_900f_NDCp,1596,19,"BiomassCap, BiomassCap - w/ CCS, BiomassCap - w/o CCS, CoalCap, CoalCap - w/ CCS, CoalCap - w/o CCS, GasCap, GasCap - w/ CCS, GasCap - w/o CCS, GeothermalCap, HydroCap, Hydrogen, NuclearCap, OilCap, OilCap - w/ CCS, OilCap - w/o CCS, SolarCap - PV, WindCap - Offshore, WindCap - Onshore",1081,515,67.73,1081,67.73,1008,63.16,1008,63.16,0,0.0,5,"efficiency_decimal,lifetime_years,capital_cost_usd_per_mw,om_cost_usd_per_mw_per_yr,fuel_price",17,19,89.47,209,2025,2050,target,CHN
MESSAGEix-GLOBIOM_1.1,EN_INDCi2030_950_COV,1574,19,"BiomassCap, BiomassCap - w/ CCS, BiomassCap - w/o CCS, CoalCap, CoalCap - w/ CCS, CoalCap - w/o CCS, GasCap, GasCap - w/ CCS, GasCap - w/o CCS, GeothermalCap, HydroCap, Hydrogen, NuclearCap, OilCap, OilCap - w/ CCS, OilCap - w/o CCS, SolarCap - PV, WindCap - Offshore, WindCap - Onshore",1125,449,71.47,1070,67.98,1008,64.04,1008,64.04,187,11.88,8,"efficiency_decimal,lifetime_years,capital_cost_usd_per_mw,om_cost_usd_per_mw_per_yr,fuel_price",17,19,89.47,209,2025,2050,target,CHN
MESSAGEix-GLOBIOM_1.1,EN_INDCi2030_950_COV_NDCp,1584,19,"BiomassCap, BiomassCap - w/ CCS, BiomassCap - w/o CCS, CoalCap, CoalCap - w/ CCS, CoalCap - w/o CCS, GasCap, GasCap - w/ CCS, GasCap - w/o CCS, GeothermalCap, HydroCap, Hydrogen, NuclearCap, OilCap, OilCap - w/ CCS, OilCap - w/o CCS, SolarCap - PV, WindCap - Offshore, WindCap - Onshore",1090,494,68.81,1060,66.92,1008,63.64,1008,63.64,102,6.44,8,"efficiency_decimal,lifetime_years,capital_cost_usd_per_mw,om_cost_usd_per_mw_per_yr,fuel_price",17,19,89.47,209,2025,2050,target,CHN
MESSAGEix-GLOBIOM_1.1,EN_INDCi2030_950f_COV,1596,19,"BiomassCap, BiomassCap - w/ CCS, BiomassCap - w/o CCS, CoalCap, CoalCap - w/ CCS, CoalCap - w/o CCS, GasCap, GasCap - w/ CCS, GasCap - w/o CCS, GeothermalCap, HydroCap, Hydrogen, NuclearCap, OilCap, OilCap - w/ CCS, OilCap - w/o CCS, SolarCap - PV, WindCap - Offshore, WindCap - Onshore",1101,495,68.98,1101,68.98,1008,63.16,1008,63.16,0,0.0,5,"efficiency_decimal,lifetime_years,capital_cost_usd_per_mw,om_cost_usd_per_mw_per_yr,fuel_price",16,19,84.21,209,2025,2050,target,CHN
MESSAGEix-GLOBIOM_1.1,EN_INDCi2030_950f_COV_NDCp,1596,19,"BiomassCap, BiomassCap - w/ CCS, BiomassCap - w/o CCS, CoalCap, CoalCap - w/ CCS, CoalCap - w/o CCS, GasCap, GasCap - w/ CCS, GasCap - w/o CCS, GeothermalCap, HydroCap, Hydrogen, NuclearCap, OilCap, OilCap - w/ CCS, OilCap - w/o CCS, SolarCap - PV, WindCap - Offshore, WindCap - Onshore",1103,493,69.11,1103,69.11,1008,63.16,1008,63.16,0,0.0,5,"efficiency_decimal,lifetime_years,capital_cost_usd_per_mw,om_cost_usd_per_mw_per_yr,fuel_price",16,19,84.21,209,2025,2050,target,CHN
MESSAGEix-GLOBIOM_1.1,EN_INDCi2100,1596,19,"BiomassCap, BiomassCap - w/ CCS, BiomassCap - w/o CCS, CoalCap, CoalCap - w/ CCS, CoalCap - w/o CCS, GasCap, GasCap - w/ CCS, GasCap - w/o CCS, GeothermalCap, HydroCap, Hydrogen, NuclearCap, OilCap, OilCap - w/ CCS, OilCap - w/o CCS, SolarCap - PV, WindCap - Offshore, WindCap - Onshore",1176,420,73.68,1176,73.68,1008,63.16,1008,63.16,0,0.0,5,"efficiency_decimal,lifetime_years,capital_cost_usd_per_mw,om_cost_usd_per_mw_per_yr,fuel_price",14,19,73.68,209,2025,2050,target,CHN
MESSAGEix-GLOBIOM_1.1,EN_INDCi2100_COV,1596,19,"BiomassCap, BiomassCap - w/ CCS, BiomassCap - w/o CCS, CoalCap, CoalCap - w/ CCS, CoalCap - w/o CCS, GasCap, GasCap - w/ CCS, GasCap - w/o CCS, GeothermalCap, HydroCap, Hydrogen, NuclearCap, OilCap, OilCap - w/ CCS, OilCap - w/o CCS, SolarCap - PV, WindCap - Offshore, WindCap - Onshore",1178,418,73.81,1178,73.81,1008,63.16,1008,63.16,0,0.0,5,"efficiency_decimal,lifetime_years,capital_cost_usd_per_mw,om_cost_usd_per_mw_per_yr,fuel_price",14,19,73.68,209,2025,2050,target,CHN
MESSAGEix-GLOBIOM_1.1,EN_INDCi2100_COV_NDCp,1596,19,"BiomassCap, BiomassCap - w/ CCS, BiomassCap - w/o CCS, CoalCap, CoalCap - w/ CCS, CoalCap - w/o CCS, GasCap, GasCap - w/ CCS, GasCap - w/o CCS, GeothermalCap, HydroCap, Hydrogen, NuclearCap, OilCap, OilCap - w/ CCS, OilCap - w/o CCS, SolarCap - PV, WindCap - Offshore, WindCap - Onshore",1178,418,73.81,1178,73.81,1008,63.16,1008,63.16,0,0.0,5,"efficiency_decimal,lifetime_years,capital_cost_usd_per_mw,om_cost_usd_per_mw_per_yr,fuel_price",14,19,73.68,209,2025,2050,target,CHN
MESSAGEix-GLOBIOM_1.1,EN_INDCi2100_NDCp,1596,19,"BiomassCap, BiomassCap - w/ CCS, BiomassCap - w/o CCS, CoalCap, CoalCap - w/ CCS, CoalCap - w/o CCS, GasCap, GasCap - w/ CCS, GasCap - w/o CCS, GeothermalCap, HydroCap, Hydrogen, NuclearCap, OilCap, OilCap - w/ CCS, OilCap - w/o CCS, SolarCap - PV, WindCap - Offshore, WindCap - Onshore",1176,420,73.68,1176,73.68,1008,63.16,1008,63.16,0,0.0,5,"efficiency_decimal,lifetime_years,capital_cost_usd_per_mw,om_cost_usd_per_mw_per_yr,fuel_price",14,19,73.68,209,2025,2050,target,CHN
MESSAGEix-GLOBIOM_1.1,EN_NPi2020_1000,1596,19,"BiomassCap, BiomassCap - w/ CCS, BiomassCap - w/o CCS, CoalCap, CoalCap - w/ CCS, CoalCap - w/o CCS, GasCap, GasCap - w/ CCS, GasCap - w/o CCS, GeothermalCap, HydroCap, Hydrogen, NuclearCap, OilCap, OilCap - w/ CCS, OilCap - w/o CCS, SolarCap - PV, WindCap - Offshore, WindCap - Onshore",1118,478,70.05,1118,70.05,1008,63.16,1008,63.16,0,0.0,5,"efficiency_decimal,lifetime_years,capital_cost_usd_per_mw,om_cost_usd_per_mw_per_yr,fuel_price",16,19,84.21,209,2025,2050,target,CHN
MESSAGEix-GLOBIOM_1.1,EN_NPi2020_1000_COV,1596,19,"BiomassCap, BiomassCap - w/ CCS, BiomassCap - w/o CCS, CoalCap, CoalCap - w/ CCS, CoalCap - w/o CCS, GasCap, GasCap - w/ CCS, GasCap - w/o CCS, GeothermalCap, HydroCap, Hydrogen, NuclearCap, OilCap, OilCap - w/ CCS, OilCap - w/o CCS, SolarCap - PV, WindCap - Offshore, WindCap - Onshore",1124,472,70.43,1124,70.43,1008,63.16,1008,63.16,0,0.0,5,"efficiency_decimal,lifetime_years,capital_cost_usd_per_mw,om_cost_usd_per_mw_per_yr,fuel_price",16,19,84.21,209,2025,2050,target,CHN
MESSAGEix-GLOBIOM_1.1,EN_NPi2020_1000_DR10p,1596,19,"BiomassCap, BiomassCap - w/ CCS, BiomassCap - w/o CCS, CoalCap, CoalCap - w/ CCS, CoalCap - w/o CCS, GasCap, GasCap - w/ CCS, GasCap - w/o CCS, GeothermalCap, HydroCap, Hydrogen, NuclearCap, OilCap, OilCap - w/ CCS, OilCap - w/o CCS, SolarCap - PV, WindCap - Offshore, WindCap - Onshore",1113,483,69.74,1113,69.74,1008,63.16,1008,63.16,0,0.0,5,"efficiency_decimal,lifetime_years,capital_cost_usd_per_mw,om_cost_usd_per_mw_per_yr,fuel_price",16,19,84.21,209,2025,2050,target,CHN
MESSAGEix-GLOBIOM_1.1,EN_NPi2020_1000_DR1p,1596,19,"BiomassCap, BiomassCap - w/ CCS, BiomassCap - w/o CCS, CoalCap, CoalCap - w/ CCS, CoalCap - w/o CCS, GasCap, GasCap - w/ CCS, GasCap - w/o CCS, GeothermalCap, HydroCap, Hydrogen, NuclearCap, OilCap, OilCap - w/ CCS, OilCap - w/o CCS, SolarCap - PV, WindCap - Offshore, WindCap - Onshore",1109,487,69.49,1109,69.49,1008,63.16,1008,63.16,0,0.0,5,"efficiency_decimal,lifetime_years,capital_cost_usd_per_mw,om_cost_usd_per_mw_per_yr,fuel_price",17,19,89.47,209,2025,2050,target,CHN
MESSAGEix-GLOBIOM_1.1,EN_NPi2020_1000_DR2p,1596,19,"BiomassCap, BiomassCap - w/ CCS, BiomassCap - w/o CCS, CoalCap, CoalCap - w/ CCS, CoalCap - w/o CCS, GasCap, GasCap - w/ CCS, GasCap - w/o CCS, GeothermalCap, HydroCap, Hydrogen, NuclearCap, OilCap, OilCap - w/ CCS, OilCap - w/o CCS, SolarCap - PV, WindCap - Offshore, WindCap - Onshore",1107,489,69.36,1107,69.36,1008,63.16,1008,63.16,0,0.0,5,"efficiency_decimal,lifetime_years,capital_cost_usd_per_mw,om_cost_usd_per_mw_per_yr,fuel_price",17,19,89.47,209,2025,2050,target,CHN
MESSAGEix-GLOBIOM_1.1,EN_NPi2020_1000_DR3p,1596,19,"BiomassCap, BiomassCap - w/ CCS, BiomassCap - w/o CCS, CoalCap, CoalCap - w/ CCS, CoalCap - w/o CCS, GasCap, GasCap - w/ CCS, GasCap - w/o CCS, GeothermalCap, HydroCap, Hydrogen, NuclearCap, OilCap, OilCap - w/ CCS, OilCap - w/o CCS, SolarCap - PV, WindCap - Offshore, WindCap - Onshore",1103,493,69.11,1103,69.11,1008,63.16,1008,63.16,0,0.0,5,"efficiency_decimal,lifetime_years,capital_cost_usd_per_mw,om_cost_usd_per_mw_per_yr,fuel_price",16,19,84.21,209,2025,2050,target,CHN
MESSAGEix-GLOBIOM_1.1,EN_NPi2020_1000_DR4p,1596,19,"BiomassCap, BiomassCap - w/ CCS, BiomassCap - w/o CCS, CoalCap, CoalCap - w/ CCS, CoalCap - w/o CCS, GasCap, GasCap - w/ CCS, GasCap - w/o CCS, GeothermalCap, HydroCap, Hydrogen, NuclearCap, OilCap, OilCap - w/ CCS, OilCap - w/o CCS, SolarCap - PV, WindCap - Offshore, WindCap - Onshore",1112,484,69.67,1112,69.67,1008,63.16,1008,63.16,0,0.0,5,"efficiency_decimal,lifetime_years,capital_cost_usd_per_mw,om_cost_usd_per_mw_per_yr,fuel_price",16,19,84.21,209,2025,2050,target,CHN
MESSAGEix-GLOBIOM_1.1,EN_NPi2020_1000f,1596,19,"BiomassCap, BiomassCap - w/ CCS, BiomassCap - w/o CCS, CoalCap, CoalCap - w/ CCS, CoalCap - w/o CCS, GasCap, GasCap - w/ CCS, GasCap - w/o CCS, GeothermalCap, HydroCap, Hydrogen, NuclearCap, OilCap, OilCap - w/ CCS, OilCap - w/o CCS, SolarCap - PV, WindCap - Offshore, WindCap - Onshore",1114,482,69.8,1114,69.8,1008,63.16,1008,63.16,0,0.0,5,"efficiency_decimal,lifetime_years,capital_cost_usd_per_mw,om_cost_usd_per_mw_per_yr,fuel_price",16,19,84.21,209,2025,2050,target,CHN
MESSAGEix-GLOBIOM_1.1,EN_NPi2020_1000f_COV,1596,19,"BiomassCap, BiomassCap - w/ CCS, BiomassCap - w/o CCS, CoalCap, CoalCap - w/ CCS, CoalCap - w/o CCS, GasCap, GasCap - w/ CCS, GasCap - w/o CCS, GeothermalCap, HydroCap, Hydrogen, NuclearCap, OilCap, OilCap - w/ CCS, OilCap - w/o CCS, SolarCap - PV, WindCap - Offshore, WindCap - Onshore",1125,471,70.49,1125,70.49,1008,63.16,1008,63.16,0,0.0,5,"efficiency_decimal,lifetime_years,capital_cost_usd_per_mw,om_cost_usd_per_mw_per_yr,fuel_price",16,19,84.21,209,2025,2050,target,CHN
MESSAGEix-GLOBIOM_1.1,EN_NPi2020_1000f_DR10p,1596,19,"BiomassCap, BiomassCap - w/ CCS, BiomassCap - w/o CCS, CoalCap, CoalCap - w/ CCS, CoalCap - w/o CCS, GasCap, GasCap - w/ CCS, GasCap - w/o CCS, GeothermalCap, HydroCap, Hydrogen, NuclearCap, OilCap, OilCap - w/ CCS, OilCap - w/o CCS, SolarCap - PV, WindCap - Offshore, WindCap - Onshore",1122,474,70.3,1122,70.3,1008,63.16,1008,63.16,0,0.0,5,"efficiency_decimal,lifetime_years,capital_cost_usd_per_mw,om_cost_usd_per_mw_per_yr,fuel_price",16,19,84.21,209,2025,2050,target,CHN
MESSAGEix-GLOBIOM_1.1,EN_NPi2020_1000f_DR1p,1596,19,"BiomassCap, BiomassCap - w/ CCS, BiomassCap - w/o CCS, CoalCap, CoalCap - w/ CCS, CoalCap - w/o CCS, GasCap, GasCap - w/ CCS, GasCap - w/o CCS, GeothermalCap, HydroCap, Hydrogen, NuclearCap, OilCap, OilCap - w/ CCS, OilCap - w/o CCS, SolarCap - PV, WindCap - Offshore, WindCap - Onshore",1107,489,69.36,1107,69.36,1008,63.16,1008,63.16,0,0.0,5,"efficiency_decimal,lifetime_years,capital_cost_usd_per_mw,om_cost_usd_per_mw_per_yr,fuel_price",17,19,89.47,209,2025,2050,target,CHN
MESSAGEix-GLOBIOM_1.1,EN_NPi2020_1000f_DR2p,1596,19,"BiomassCap, BiomassCap - w/ CCS, BiomassCap - w/o CCS, CoalCap, CoalCap - w/ CCS, CoalCap - w/o CCS, GasCap, GasCap - w/ CCS, GasCap - w/o CCS, GeothermalCap, HydroCap, Hydrogen, NuclearCap, OilCap, OilCap - w/ CCS, OilCap - w/o CCS, SolarCap - PV, WindCap - Offshore, WindCap - Onshore",1113,483,69.74,1113,69.74,1008,63.16,1008,63.16,0,0.0,5,"efficiency_decimal,lifetime_years,capital_cost_usd_per_mw,om_cost_usd_per_mw_per_yr,fuel_price",17,19,89.47,209,2025,2050,target,CHN
MESSAGEix-GLOBIOM_1.1,EN_NPi2020_1000f_DR3p,1596,19,"BiomassCap, BiomassCap - w/ CCS, BiomassCap - w/o CCS, CoalCap, CoalCap - w/ CCS, CoalCap - w/o CCS, GasCap, GasCap - w/ CCS, GasCap - w/o CCS, GeothermalCap, HydroCap, Hydrogen, NuclearCap, OilCap, OilCap - w/ CCS, OilCap - w/o CCS, SolarCap - PV, WindCap - Offshore, WindCap - Onshore",1113,483,69.74,1113,69.74,1008,63.16,1008,63.16,0,0.0,5,"efficiency_decimal,lifetime_years,capital_cost_usd_per_mw,om_cost_usd_per_mw_per_yr,fuel_price",16,19,84.21,209,2025,2050,target,CHN
MESSAGEix-GLOBIOM_1.1,EN_NPi2020_1000f_DR4p,1596,19,"BiomassCap, BiomassCap - w/ CCS, BiomassCap - w/o CCS, CoalCap, CoalCap - w/ CCS, CoalCap - w/o CCS, GasCap, GasCap - w/ CCS, GasCap - w/o CCS, GeothermalCap, HydroCap, Hydrogen, NuclearCap, OilCap, OilCap - w/ CCS, OilCap - w/o CCS, SolarCap - PV, WindCap - Offshore, WindCap - Onshore",1111,485,69.61,1111,69.61,1008,63.16,1008,63.16,0,0.0,5,"efficiency_decimal,lifetime_years,capital_cost_usd_per_mw,om_cost_usd_per_mw_per_yr,fuel_price",16,19,84.21,209,2025,2050,target,CHN
MESSAGEix-GLOBIOM_1.1,EN_NPi2020_1200,1596,19,"BiomassCap, BiomassCap - w/ CCS, BiomassCap - w/o CCS, CoalCap, CoalCap - w/ CCS, CoalCap - w/o CCS, GasCap, GasCap - w/ CCS, GasCap - w/o CCS, GeothermalCap, HydroCap, Hydrogen, NuclearCap, OilCap, OilCap - w/ CCS, OilCap - w/o CCS, SolarCap - PV, WindCap - Offshore, WindCap - Onshore",1127,469,70.61,1127,70.61,1008,63.16,1008,63.16,0,0.0,5,"efficiency_decimal,lifetime_years,capital_cost_usd_per_mw,om_cost_usd_per_mw_per_yr,fuel_price",16,19,84.21,209,2025,2050,target,CHN
MESSAGEix-GLOBIOM_1.1,EN_NPi2020_1200_COV,1596,19,"BiomassCap, BiomassCap - w/ CCS, BiomassCap - w/o CCS, CoalCap, CoalCap - w/ CCS, CoalCap - w/o CCS, GasCap, GasCap - w/ CCS, GasCap - w/o CCS, GeothermalCap, HydroCap, Hydrogen, NuclearCap, OilCap, OilCap - w/ CCS, OilCap - w/o CCS, SolarCap - PV, WindCap - Offshore, WindCap - Onshore",1134,462,71.05,1134,71.05,1008,63.16,1008,63.16,0,0.0,5,"efficiency_decimal,lifetime_years,capital_cost_usd_per_mw,om_cost_usd_per_mw_per_yr,fuel_price",16,19,84.21,209,2025,2050,target,CHN
MESSAGEix-GLOBIOM_1.1,EN_NPi2020_1200f,1596,19,"BiomassCap, BiomassCap - w/ CCS, BiomassCap - w/o CCS, CoalCap, CoalCap - w/ CCS, CoalCap - w/o CCS, GasCap, GasCap - w/ CCS, GasCap - w/o CCS, GeothermalCap, HydroCap, Hydrogen, NuclearCap, OilCap, OilCap - w/ CCS, OilCap - w/o CCS, SolarCap - PV, WindCap - Offshore, WindCap - Onshore",1127,469,70.61,1127,70.61,1008,63.16,1008,63.16,0,0.0,5,"efficiency_decimal,lifetime_years,capital_cost_usd_per_mw,om_cost_usd_per_mw_per_yr,fuel_price",16,19,84.21,209,2025,2050,target,CHN
MESSAGEix-GLOBIOM_1.1,EN_NPi2020_1200f_COV,1596,19,"BiomassCap, BiomassCap - w/ CCS, BiomassCap - w/o CCS, CoalCap, CoalCap - w/ CCS, CoalCap - w/o CCS, GasCap, GasCap - w/ CCS, GasCap - w/o CCS, GeothermalCap, HydroCap, Hydrogen, NuclearCap, OilCap, OilCap - w/ CCS, OilCap - w/o CCS, SolarCap - PV, WindCap - Offshore, WindCap - Onshore",1135,461,71.12,1135,71.12,1008,63.16,1008,63.16,0,0.0,5,"efficiency_decimal,lifetime_years,capital_cost_usd_per_mw,om_cost_usd_per_mw_per_yr,fuel_price",16,19,84.21,209,2025,2050,target,CHN
MESSAGEix-GLOBIOM_1.1,EN_NPi2020_1400,1596,19,"BiomassCap, BiomassCap - w/ CCS, BiomassCap - w/o CCS, CoalCap, CoalCap - w/ CCS, CoalCap - w/o CCS, GasCap, GasCap - w/ CCS, GasCap - w/o CCS, GeothermalCap, HydroCap, Hydrogen, NuclearCap, OilCap, OilCap - w/ CCS, OilCap - w/o CCS, SolarCap - PV, WindCap - Offshore, WindCap - Onshore",1135,461,71.12,1135,71.12,1008,63.16,1008,63.16,0,0.0,5,"efficiency_decimal,lifetime_years,capital_cost_usd_per_mw,om_cost_usd_per_mw_per_yr,fuel_price",15,19,78.95,209,2025,2050,target,CHN
MESSAGEix-GLOBIOM_1.1,EN_NPi2020_1400_COV,1596,19,"BiomassCap, BiomassCap - w/ CCS, BiomassCap - w/o CCS, CoalCap, CoalCap - w/ CCS, CoalCap - w/o CCS, GasCap, GasCap - w/ CCS, GasCap - w/o CCS, GeothermalCap, HydroCap, Hydrogen, NuclearCap, OilCap, OilCap - w/ CCS, OilCap - w/o CCS, SolarCap - PV, WindCap - Offshore, WindCap - Onshore",1145,451,71.74,1145,71.74,1008,63.16,1008,63.16,0,0.0,5,"efficiency_decimal,lifetime_years,capital_cost_usd_per_mw,om_cost_usd_per_mw_per_yr,fuel_price",16,19,84.21,209,2025,2050,target,CHN
MESSAGEix-GLOBIOM_1.1,EN_NPi2020_1400f,1596,19,"BiomassCap, BiomassCap - w/ CCS, BiomassCap - w/o CCS, CoalCap, CoalCap - w/ CCS, CoalCap - w/o CCS, GasCap, GasCap - w/ CCS, GasCap - w/o CCS, GeothermalCap, HydroCap, Hydrogen, NuclearCap, OilCap, OilCap - w/ CCS, OilCap - w/o CCS, SolarCap - PV, WindCap - Offshore, WindCap - Onshore",1135,461,71.12,1135,71.12,1008,63.16,1008,63.16,0,0.0,5,"efficiency_decimal,lifetime_years,capital_cost_usd_per_mw,om_cost_usd_per_mw_per_yr,fuel_price",16,19,84.21,209,2025,2050,target,CHN
MESSAGEix-GLOBIOM_1.1,EN_NPi2020_1400f_COV,1596,19,"BiomassCap, BiomassCap - w/ CCS, BiomassCap - w/o CCS, CoalCap, CoalCap - w/ CCS, CoalCap - w/o CCS, GasCap, GasCap - w/ CCS, GasCap - w/o CCS, GeothermalCap, HydroCap, Hydrogen, NuclearCap, OilCap, OilCap - w/ CCS, OilCap - w/o CCS, SolarCap - PV, WindCap - Offshore, WindCap - Onshore",1144,452,71.68,1144,71.68,1008,63.16,1008,63.16,0,0.0,5,"efficiency_decimal,lifetime_years,capital_cost_usd_per_mw,om_cost_usd_per_mw_per_yr,fuel_price",16,19,84.21,209,2025,2050,target,CHN
MESSAGEix-GLOBIOM_1.1,EN_NPi2020_1600,1596,19,"BiomassCap, BiomassCap - w/ CCS, BiomassCap - w/o CCS, CoalCap, CoalCap - w/ CCS, CoalCap - w/o CCS, GasCap, GasCap - w/ CCS, GasCap - w/o CCS, GeothermalCap, HydroCap, Hydrogen, NuclearCap, OilCap, OilCap - w/ CCS, OilCap - w/o CCS, SolarCap - PV, WindCap - Offshore, WindCap - Onshore",1146,450,71.8,1146,71.8,1008,63.16,1008,63.16,0,0.0,5,"efficiency_decimal,lifetime_years,capital_cost_usd_per_mw,om_cost_usd_per_mw_per_yr,fuel_price",15,19,78.95,209,2025,2050,target,CHN
MESSAGEix-GLOBIOM_1.1,EN_NPi2020_1600_COV,1596,19,"BiomassCap, BiomassCap - w/ CCS, BiomassCap - w/o CCS, CoalCap, CoalCap - w/ CCS, CoalCap - w/o CCS, GasCap, GasCap - w/ CCS, GasCap - w/o CCS, GeothermalCap, HydroCap, Hydrogen, NuclearCap, OilCap, OilCap - w/ CCS, OilCap - w/o CCS, SolarCap - PV, WindCap - Offshore, WindCap - Onshore",1154,442,72.31,1154,72.31,1008,63.16,1008,63.16,0,0.0,5,"efficiency_decimal,lifetime_years,capital_cost_usd_per_mw,om_cost_usd_per_mw_per_yr,fuel_price",15,19,78.95,209,2025,2050,target,CHN
MESSAGEix-GLOBIOM_1.1,EN_NPi2020_1600f,1596,19,"BiomassCap, BiomassCap - w/ CCS, BiomassCap - w/o CCS, CoalCap, CoalCap - w/ CCS, CoalCap - w/o CCS, GasCap, GasCap - w/ CCS, GasCap - w/o CCS, GeothermalCap, HydroCap, Hydrogen, NuclearCap, OilCap, OilCap - w/ CCS, OilCap - w/o CCS, SolarCap - PV, WindCap - Offshore, WindCap - Onshore",1144,452,71.68,1144,71.68,1008,63.16,1008,63.16,0,0.0,5,"efficiency_decimal,lifetime_years,capital_cost_usd_per_mw,om_cost_usd_per_mw_per_yr,fuel_price",15,19,78.95,209,2025,2050,target,CHN
MESSAGEix-GLOBIOM_1.1,EN_NPi2020_1600f_COV,1596,19,"BiomassCap, BiomassCap - w/ CCS, BiomassCap - w/o CCS, CoalCap, CoalCap - w/ CCS, CoalCap - w/o CCS, GasCap, GasCap - w/ CCS, GasCap - w/o CCS, GeothermalCap, HydroCap, Hydrogen, NuclearCap, OilCap, OilCap - w/ CCS, OilCap - w/o CCS, SolarCap - PV, WindCap - Offshore, WindCap - Onshore",1156,440,72.43,1156,72.43,1008,63.16,1008,63.16,0,0.0,5,"efficiency_decimal,lifetime_years,capital_cost_usd_per_mw,om_cost_usd_per_mw_per_yr,fuel_price",15,19,78.95,209,2025,2050,target,CHN
MESSAGEix-GLOBIOM_1.1,EN_NPi2020_1800,1596,19,"BiomassCap, BiomassCap - w/ CCS, BiomassCap - w/o CCS, CoalCap, CoalCap - w/ CCS, CoalCap - w/o CCS, GasCap, GasCap - w/ CCS, GasCap - w/o CCS, GeothermalCap, HydroCap, Hydrogen, NuclearCap, OilCap, OilCap - w/ CCS, OilCap - w/o CCS, SolarCap - PV, WindCap - Offshore, WindCap - Onshore",1153,443,72.24,1153,72.24,1008,63.16,1008,63.16,0,0.0,5,"efficiency_decimal,lifetime_years,capital_cost_usd_per_mw,om_cost_usd_per_mw_per_yr,fuel_price",15,19,78.95,209,2025,2050,target,CHN
MESSAGEix-GLOBIOM_1.1,EN_NPi2020_1800_COV,1596,19,"BiomassCap, BiomassCap - w/ CCS, BiomassCap - w/o CCS, CoalCap, CoalCap - w/ CCS, CoalCap - w/o CCS, GasCap, GasCap - w/ CCS, GasCap - w/o CCS, GeothermalCap, HydroCap, Hydrogen, NuclearCap, OilCap, OilCap - w/ CCS, OilCap - w/o CCS, SolarCap - PV, WindCap - Offshore, WindCap - Onshore",1160,436,72.68,1160,72.68,1008,63.16,1008,63.16,0,0.0,5,"efficiency_decimal,lifetime_years,capital_cost_usd_per_mw,om_cost_usd_per_mw_per_yr,fuel_price",15,19,78.95,209,2025,2050,target,CHN
MESSAGEix-GLOBIOM_1.1,EN_NPi2020_1800f,1596,19,"BiomassCap, BiomassCap - w/ CCS, BiomassCap - w/o CCS, CoalCap, CoalCap - w/ CCS, CoalCap - w/o CCS, GasCap, GasCap - w/ CCS, GasCap - w/o CCS, GeothermalCap, HydroCap, Hydrogen, NuclearCap, OilCap, OilCap - w/ CCS, OilCap - w/o CCS, SolarCap - PV, WindCap - Offshore, WindCap - Onshore",1153,443,72.24,1153,72.24,1008,63.16,1008,63.16,0,0.0,5,"efficiency_decimal,lifetime_years,capital_cost_usd_per_mw,om_cost_usd_per_mw_per_yr,fuel_price",15,19,78.95,209,2025,2050,target,CHN
MESSAGEix-GLOBIOM_1.1,EN_NPi2020_1800f_COV,1596,19,"BiomassCap, BiomassCap - w/ CCS, BiomassCap - w/o CCS, CoalCap, CoalCap - w/ CCS, CoalCap - w/o CCS, GasCap, GasCap - w/ CCS, GasCap - w/o CCS, GeothermalCap, HydroCap, Hydrogen, NuclearCap, OilCap, OilCap - w/ CCS, OilCap - w/o CCS, SolarCap - PV, WindCap - Offshore, WindCap - Onshore",1159,437,72.62,1159,72.62,1008,63.16,1008,63.16,0,0.0,5,"efficiency_decimal,lifetime_years,capital_cost_usd_per_mw,om_cost_usd_per_mw_per_yr,fuel_price",15,19,78.95,209,2025,2050,target,CHN
MESSAGEix-GLOBIOM_1.1,EN_NPi2020_2000,1596,19,"BiomassCap, BiomassCap - w/ CCS, BiomassCap - w/o CCS, CoalCap, CoalCap - w/ CCS, CoalCap - w/o CCS, GasCap, GasCap - w/ CCS, GasCap - w/o CCS, GeothermalCap, HydroCap, Hydrogen, NuclearCap, OilCap, OilCap - w/ CCS, OilCap - w/o CCS, SolarCap - PV, WindCap - Offshore, WindCap - Onshore",1156,440,72.43,1156,72.43,1008,63.16,1008,63.16,0,0.0,5,"efficiency_decimal,lifetime_years,capital_cost_usd_per_mw,om_cost_usd_per_mw_per_yr,fuel_price",15,19,78.95,209,2025,2050,target,CHN
MESSAGEix-GLOBIOM_1.1,EN_NPi2020_2000_COV,1596,19,"BiomassCap, BiomassCap - w/ CCS, BiomassCap - w/o CCS, CoalCap, CoalCap - w/ CCS, CoalCap - w/o CCS, GasCap, GasCap - w/ CCS, GasCap - w/o CCS, GeothermalCap, HydroCap, Hydrogen, NuclearCap, OilCap, OilCap - w/ CCS, OilCap - w/o CCS, SolarCap - PV, WindCap - Offshore, WindCap - Onshore",1160,436,72.68,1160,72.68,1008,63.16,1008,63.16,0,0.0,5,"efficiency_decimal,lifetime_years,capital_cost_usd_per_mw,om_cost_usd_per_mw_per_yr,fuel_price",15,19,78.95,209,2025,2050,target,CHN
MESSAGEix-GLOBIOM_1.1,EN_NPi2020_2000f,1596,19,"BiomassCap, BiomassCap - w/ CCS, BiomassCap - w/o CCS, CoalCap, CoalCap - w/ CCS, CoalCap - w/o CCS, GasCap, GasCap - w/ CCS, GasCap - w/o CCS, GeothermalCap, HydroCap, Hydrogen, NuclearCap, OilCap, OilCap - w/ CCS, OilCap - w/o CCS, SolarCap - PV, WindCap - Offshore, WindCap - Onshore",1157,439,72.49,1157,72.49,1008,63.16,1008,63.16,0,0.0,5,"efficiency_decimal,lifetime_years,capital_cost_usd_per_mw,om_cost_usd_per_mw_per_yr,fuel_price",15,19,78.95,209,2025,2050,target,CHN
MESSAGEix-GLOBIOM_1.1,EN_NPi2020_2000f_COV,1596,19,"BiomassCap, BiomassCap - w/ CCS, BiomassCap - w/o CCS, CoalCap, CoalCap - w/ CCS, CoalCap - w/o CCS, GasCap, GasCap - w/ CCS, GasCap - w/o CCS, GeothermalCap, HydroCap, Hydrogen, NuclearCap, OilCap, OilCap - w/ CCS, OilCap - w/o CCS, SolarCap - PV, WindCap - Offshore, WindCap - Onshore",1164,432,72.93,1164,72.93,1008,63.16,1008,63.16,0,0.0,5,"efficiency_decimal,lifetime_years,capital_cost_usd_per_mw,om_cost_usd_per_mw_per_yr,fuel_price",14,19,73.68,209,2025,2050,target,CHN
MESSAGEix-GLOBIOM_1.1,EN_NPi2020_200f,1596,19,"BiomassCap, BiomassCap - w/ CCS, BiomassCap - w/o CCS, CoalCap, CoalCap - w/ CCS, CoalCap - w/o CCS, GasCap, GasCap - w/ CCS, GasCap - w/o CCS, GeothermalCap, HydroCap, Hydrogen, NuclearCap, OilCap, OilCap - w/ CCS, OilCap - w/o CCS, SolarCap - PV, WindCap - Offshore, WindCap - Onshore",1047,549,65.6,1047,65.6,1008,63.16,1008,63.16,0,0.0,5,"efficiency_decimal,lifetime_years,capital_cost_usd_per_mw,om_cost_usd_per_mw_per_yr,fuel_price",17,19,89.47,209,2025,2050,target,CHN
MESSAGEix-GLOBIOM_1.1,EN_NPi2020_2500,1596,19,"BiomassCap, BiomassCap - w/ CCS, BiomassCap - w/o CCS, CoalCap, CoalCap - w/ CCS, CoalCap - w/o CCS, GasCap, GasCap - w/ CCS, GasCap - w/o CCS, GeothermalCap, HydroCap, Hydrogen, NuclearCap, OilCap, OilCap - w/ CCS, OilCap - w/o CCS, SolarCap - PV, WindCap - Offshore, WindCap - Onshore",1165,431,72.99,1165,72.99,1008,63.16,1008,63.16,0,0.0,5,"efficiency_decimal,lifetime_years,capital_cost_usd_per_mw,om_cost_usd_per_mw_per_yr,fuel_price",14,19,73.68,209,2025,2050,target,CHN
MESSAGEix-GLOBIOM_1.1,EN_NPi2020_2500_COV,1596,19,"BiomassCap, BiomassCap - w/ CCS, BiomassCap - w/o CCS, CoalCap, CoalCap - w/ CCS, CoalCap - w/o CCS, GasCap, GasCap - w/ CCS, GasCap - w/o CCS, GeothermalCap, HydroCap, Hydrogen, NuclearCap, OilCap, OilCap - w/ CCS, OilCap - w/o CCS, SolarCap - PV, WindCap - Offshore, WindCap - Onshore",1171,425,73.37,1171,73.37,1008,63.16,1008,63.16,0,0.0,5,"efficiency_decimal,lifetime_years,capital_cost_usd_per_mw,om_cost_usd_per_mw_per_yr,fuel_price",14,19,73.68,209,2025,2050,target,CHN
MESSAGEix-GLOBIOM_1.1,EN_NPi2020_2500f,1596,19,"BiomassCap, BiomassCap - w/ CCS, BiomassCap - w/o CCS, CoalCap, CoalCap - w/ CCS, CoalCap - w/o CCS, GasCap, GasCap - w/ CCS, GasCap - w/o CCS, GeothermalCap, HydroCap, Hydrogen, NuclearCap, OilCap, OilCap - w/ CCS, OilCap - w/o CCS, SolarCap - PV, WindCap - Offshore, WindCap - Onshore",1163,433,72.87,1163,72.87,1008,63.16,1008,63.16,0,0.0,5,"efficiency_decimal,lifetime_years,capital_cost_usd_per_mw,om_cost_usd_per_mw_per_yr,fuel_price",14,19,73.68,209,2025,2050,target,CHN
MESSAGEix-GLOBIOM_1.1,EN_NPi2020_2500f_COV,1596,19,"BiomassCap, BiomassCap - w/ CCS, BiomassCap - w/o CCS, CoalCap, CoalCap - w/ CCS, CoalCap - w/o CCS, GasCap, GasCap - w/ CCS, GasCap - w/o CCS, GeothermalCap, HydroCap, Hydrogen, NuclearCap, OilCap, OilCap - w/ CCS, OilCap - w/o CCS, SolarCap - PV, WindCap - Offshore, WindCap - Onshore",1171,425,73.37,1171,73.37,1008,63.16,1008,63.16,0,0.0,5,"efficiency_decimal,lifetime_years,capital_cost_usd_per_mw,om_cost_usd_per_mw_per_yr,fuel_price",14,19,73.68,209,2025,2050,target,CHN
MESSAGEix-GLOBIOM_1.1,EN_NPi2020_3000,1596,19,"BiomassCap, BiomassCap - w/ CCS, BiomassCap - w/o CCS, CoalCap, CoalCap - w/ CCS, CoalCap - w/o CCS, GasCap, GasCap - w/ CCS, GasCap - w/o CCS, GeothermalCap, HydroCap, Hydrogen, NuclearCap, OilCap, OilCap - w/ CCS, OilCap - w/o CCS, SolarCap - PV, WindCap - Offshore, WindCap - Onshore",1173,423,73.5,1173,73.5,1008,63.16,1008,63.16,0,0.0,5,"efficiency_decimal,lifetime_years,capital_cost_usd_per_mw,om_cost_usd_per_mw_per_yr,fuel_price",14,19,73.68,209,2025,2050,target,CHN
MESSAGEix-GLOBIOM_1.1,EN_NPi2020_3000_COV,1596,19,"BiomassCap, BiomassCap - w/ CCS, BiomassCap - w/o CCS, CoalCap, CoalCap - w/ CCS, CoalCap - w/o CCS, GasCap, GasCap - w/ CCS, GasCap - w/o CCS, GeothermalCap, HydroCap, Hydrogen, NuclearCap, OilCap, OilCap - w/ CCS, OilCap - w/o CCS, SolarCap - PV, WindCap - Offshore, WindCap - Onshore",1174,422,73.56,1174,73.56,1008,63.16,1008,63.16,0,0.0,5,"efficiency_decimal,lifetime_years,capital_cost_usd_per_mw,om_cost_usd_per_mw_per_yr,fuel_price",14,19,73.68,209,2025,2050,target,CHN
MESSAGEix-GLOBIOM_1.1,EN_NPi2020_3000f,1596,19,"BiomassCap, BiomassCap - w/ CCS, BiomassCap - w/o CCS, CoalCap, CoalCap - w/ CCS, CoalCap - w/o CCS, GasCap, GasCap - w/ CCS, GasCap - w/o CCS, GeothermalCap, HydroCap, Hydrogen, NuclearCap, OilCap, OilCap - w/ CCS, OilCap - w/o CCS, SolarCap - PV, WindCap - Offshore, WindCap - Onshore",1173,423,73.5,1173,73.5,1008,63.16,1008,63.16,0,0.0,5,"efficiency_decimal,lifetime_years,capital_cost_usd_per_mw,om_cost_usd_per_mw_per_yr,fuel_price",14,19,73.68,209,2025,2050,target,CHN
MESSAGEix-GLOBIOM_1.1,EN_NPi2020_3000f_COV,1596,19,"BiomassCap, BiomassCap - w/ CCS, BiomassCap - w/o CCS, CoalCap, CoalCap - w/ CCS, CoalCap - w/o CCS, GasCap, GasCap - w/ CCS, GasCap - w/o CCS, GeothermalCap, HydroCap, Hydrogen, NuclearCap, OilCap, OilCap - w/ CCS, OilCap - w/o CCS, SolarCap - PV, WindCap - Offshore, WindCap - Onshore",1174,422,73.56,1174,73.56,1008,63.16,1008,63.16,0,0.0,5,"efficiency_decimal,lifetime_years,capital_cost_usd_per_mw,om_cost_usd_per_mw_per_yr,fuel_price",14,19,73.68,209,2025,2050,target,CHN
MESSAGEix-GLOBIOM_1.1,EN_NPi2020_300f,1596,19,"BiomassCap, BiomassCap - w/ CCS, BiomassCap - w/o CCS, CoalCap, CoalCap - w/ CCS, CoalCap - w/o CCS, GasCap, GasCap - w/ CCS, GasCap - w/o CCS, GeothermalCap, HydroCap, Hydrogen, NuclearCap, OilCap, OilCap - w/ CCS, OilCap - w/o CCS, SolarCap - PV, WindCap - Offshore, WindCap - Onshore",1064,532,66.67,1064,66.67,1008,63.16,1008,63.16,0,0.0,5,"efficiency_decimal,lifetime_years,capital_cost_usd_per_mw,om_cost_usd_per_mw_per_yr,fuel_price",17,19,89.47,209,2025,2050,target,CHN
MESSAGEix-GLOBIOM_1.1,EN_NPi2020_400f,1596,19,"BiomassCap, BiomassCap - w/ CCS, BiomassCap - w/o CCS, CoalCap, CoalCap - w/ CCS, CoalCap - w/o CCS, GasCap, GasCap - w/ CCS, GasCap - w/o CCS, GeothermalCap, HydroCap, Hydrogen, NuclearCap, OilCap, OilCap - w/ CCS, OilCap - w/o CCS, SolarCap - PV, WindCap - Offshore, WindCap - Onshore",1077,519,67.48,1077,67.48,1008,63.16,1008,63.16,0,0.0,5,"efficiency_decimal,lifetime_years,capital_cost_usd_per_mw,om_cost_usd_per_mw_per_yr,fuel_price",17,19,89.47,209,2025,2050,target,CHN
MESSAGEix-GLOBIOM_1.1,EN_NPi2020_450,1568,19,"BiomassCap, BiomassCap - w/ CCS, BiomassCap - w/o CCS, CoalCap, CoalCap - w/ CCS, CoalCap - w/o CCS, GasCap, GasCap - w/ CCS, GasCap - w/o CCS, GeothermalCap, HydroCap, Hydrogen, NuclearCap, OilCap, OilCap - w/ CCS, OilCap - w/o CCS, SolarCap - PV, WindCap - Offshore, WindCap - Onshore",1091,477,69.58,1021,65.11,1008,64.29,1008,64.29,238,15.18,8,"efficiency_decimal,lifetime_years,capital_cost_usd_per_mw,om_cost_usd_per_mw_per_yr,fuel_price",17,19,89.47,209,2025,2050,target,CHN
MESSAGEix-GLOBIOM_1.1,EN_NPi2020_450f,1596,19,"BiomassCap, BiomassCap - w/ CCS, BiomassCap - w/o CCS, CoalCap, CoalCap - w/ CCS, CoalCap - w/o CCS, GasCap, GasCap - w/ CCS, GasCap - w/o CCS, GeothermalCap, HydroCap, Hydrogen, NuclearCap, OilCap, OilCap - w/ CCS, OilCap - w/o CCS, SolarCap - PV, WindCap - Offshore, WindCap - Onshore",1077,519,67.48,1077,67.48,1008,63.16,1008,63.16,0,0.0,5,"efficiency_decimal,lifetime_years,capital_cost_usd_per_mw,om_cost_usd_per_mw_per_yr,fuel_price",16,19,84.21,209,2025,2050,target,CHN
MESSAGEix-GLOBIOM_1.1,EN_NPi2020_500,1576,19,"BiomassCap, BiomassCap - w/ CCS, BiomassCap - w/o CCS, CoalCap, CoalCap - w/ CCS, CoalCap - w/o CCS, GasCap, GasCap - w/ CCS, GasCap - w/o CCS, GeothermalCap, HydroCap, Hydrogen, NuclearCap, OilCap, OilCap - w/ CCS, OilCap - w/o CCS, SolarCap - PV, WindCap - Offshore, WindCap - Onshore",1071,505,67.96,1021,64.78,1008,63.96,1008,63.96,170,10.79,8,"efficiency_decimal,lifetime_years,capital_cost_usd_per_mw,om_cost_usd_per_mw_per_yr,fuel_price",17,19,89.47,209,2025,2050,target,CHN
MESSAGEix-GLOBIOM_1.1,EN_NPi2020_500f,1596,19,"BiomassCap, BiomassCap - w/ CCS, BiomassCap - w/o CCS, CoalCap, CoalCap - w/ CCS, CoalCap - w/o CCS, GasCap, GasCap - w/ CCS, GasCap - w/o CCS, GeothermalCap, HydroCap, Hydrogen, NuclearCap, OilCap, OilCap - w/ CCS, OilCap - w/o CCS, SolarCap - PV, WindCap - Offshore, WindCap - Onshore",1084,512,67.92,1084,67.92,1008,63.16,1008,63.16,0,0.0,5,"efficiency_decimal,lifetime_years,capital_cost_usd_per_mw,om_cost_usd_per_mw_per_yr,fuel_price",16,19,84.21,209,2025,2050,target,CHN
MESSAGEix-GLOBIOM_1.1,EN_NPi2020_600,1596,19,"BiomassCap, BiomassCap - w/ CCS, BiomassCap - w/o CCS, CoalCap, CoalCap - w/ CCS, CoalCap - w/o CCS, GasCap, GasCap - w/ CCS, GasCap - w/o CCS, GeothermalCap, HydroCap, Hydrogen, NuclearCap, OilCap, OilCap - w/ CCS, OilCap - w/o CCS, SolarCap - PV, WindCap - Offshore, WindCap - Onshore",1044,552,65.41,1044,65.41,1008,63.16,1008,63.16,0,0.0,5,"efficiency_decimal,lifetime_years,capital_cost_usd_per_mw,om_cost_usd_per_mw_per_yr,fuel_price",17,19,89.47,209,2025,2050,target,CHN
MESSAGEix-GLOBIOM_1.1,EN_NPi2020_600_COV,1596,19,"BiomassCap, BiomassCap - w/ CCS, BiomassCap - w/o CCS, CoalCap, CoalCap - w/ CCS, CoalCap - w/o CCS, GasCap, GasCap - w/ CCS, GasCap - w/o CCS, GeothermalCap, HydroCap, Hydrogen, NuclearCap, OilCap, OilCap - w/ CCS, OilCap - w/o CCS, SolarCap - PV, WindCap - Offshore, WindCap - Onshore",1058,538,66.29,1058,66.29,1008,63.16,1008,63.16,0,0.0,5,"efficiency_decimal,lifetime_years,capital_cost_usd_per_mw,om_cost_usd_per_mw_per_yr,fuel_price",17,19,89.47,209,2025,2050,target,CHN
MESSAGEix-GLOBIOM_1.1,EN_NPi2020_600_DR10p,1596,19,"BiomassCap, BiomassCap - w/ CCS, BiomassCap - w/o CCS, CoalCap, CoalCap - w/ CCS, CoalCap - w/o CCS, GasCap, GasCap - w/ CCS, GasCap - w/o CCS, GeothermalCap, HydroCap, Hydrogen, NuclearCap, OilCap, OilCap - w/ CCS, OilCap - w/o CCS, SolarCap - PV, WindCap - Offshore, WindCap - Onshore",1051,545,65.85,1051,65.85,1008,63.16,1008,63.16,0,0.0,5,"efficiency_decimal,lifetime_years,capital_cost_usd_per_mw,om_cost_usd_per_mw_per_yr,fuel_price",17,19,89.47,209,2025,2050,target,CHN
MESSAGEix-GLOBIOM_1.1,EN_NPi2020_600_DR1p,1576,19,"BiomassCap, BiomassCap - w/ CCS, BiomassCap - w/o CCS, CoalCap, CoalCap - w/ CCS, CoalCap - w/o CCS, GasCap, GasCap - w/ CCS, GasCap - w/o CCS, GeothermalCap, HydroCap, Hydrogen, NuclearCap, OilCap, OilCap - w/ CCS, OilCap - w/o CCS, SolarCap - PV, WindCap - Offshore, WindCap - Onshore",1074,502,68.15,1024,64.97,1008,63.96,1008,63.96,170,10.79,9,"efficiency_decimal,lifetime_years,capital_cost_usd_per_mw,om_cost_usd_per_mw_per_yr,fuel_price",17,19,89.47,209,2025,2050,target,CHN
MESSAGEix-GLOBIOM_1.1,EN_NPi2020_600_DR2p,1596,19,"BiomassCap, BiomassCap - w/ CCS, BiomassCap - w/o CCS, CoalCap, CoalCap - w/ CCS, CoalCap - w/o CCS, GasCap, GasCap - w/ CCS, GasCap - w/o CCS, GeothermalCap, HydroCap, Hydrogen, NuclearCap, OilCap, OilCap - w/ CCS, OilCap - w/o CCS, SolarCap - PV, WindCap - Offshore, WindCap - Onshore",1032,564,64.66,1032,64.66,1008,63.16,1008,63.16,0,0.0,5,"efficiency_decimal,lifetime_years,capital_cost_usd_per_mw,om_cost_usd_per_mw_per_yr,fuel_price",17,19,89.47,209,2025,2050,target,CHN
MESSAGEix-GLOBIOM_1.1,EN_NPi2020_600_DR3p,1596,19,"BiomassCap, BiomassCap - w/ CCS, BiomassCap - w/o CCS, CoalCap, CoalCap - w/ CCS, CoalCap - w/o CCS, GasCap, GasCap - w/ CCS, GasCap - w/o CCS, GeothermalCap, HydroCap, Hydrogen, NuclearCap, OilCap, OilCap - w/ CCS, OilCap - w/o CCS, SolarCap - PV, WindCap - Offshore, WindCap - Onshore",1034,562,64.79,1034,64.79,1008,63.16,1008,63.16,0,0.0,5,"efficiency_decimal,lifetime_years,capital_cost_usd_per_mw,om_cost_usd_per_mw_per_yr,fuel_price",17,19,89.47,209,2025,2050,target,CHN
MESSAGEix-GLOBIOM_1.1,EN_NPi2020_600_DR4p,1596,19,"BiomassCap, BiomassCap - w/ CCS, BiomassCap - w/o CCS, CoalCap, CoalCap - w/ CCS, CoalCap - w/o CCS, GasCap, GasCap - w/ CCS, GasCap - w/o CCS, GeothermalCap, HydroCap, Hydrogen, NuclearCap, OilCap, OilCap - w/ CCS, OilCap - w/o CCS, SolarCap - PV, WindCap - Offshore, WindCap - Onshore",1039,557,65.1,1039,65.1,1008,63.16,1008,63.16,0,0.0,5,"efficiency_decimal,lifetime_years,capital_cost_usd_per_mw,om_cost_usd_per_mw_per_yr,fuel_price",17,19,89.47,209,2025,2050,target,CHN
MESSAGEix-GLOBIOM_1.1,EN_NPi2020_600f,1596,19,"BiomassCap, BiomassCap - w/ CCS, BiomassCap - w/o CCS, CoalCap, CoalCap - w/ CCS, CoalCap - w/o CCS, GasCap, GasCap - w/ CCS, GasCap - w/o CCS, GeothermalCap, HydroCap, Hydrogen, NuclearCap, OilCap, OilCap - w/ CCS, OilCap - w/o CCS, SolarCap - PV, WindCap - Offshore, WindCap - Onshore",1091,505,68.36,1091,68.36,1008,63.16,1008,63.16,0,0.0,5,"efficiency_decimal,lifetime_years,capital_cost_usd_per_mw,om_cost_usd_per_mw_per_yr,fuel_price",16,19,84.21,209,2025,2050,target,CHN
MESSAGEix-GLOBIOM_1.1,EN_NPi2020_600f_COV,1596,19,"BiomassCap, BiomassCap - w/ CCS, BiomassCap - w/o CCS, CoalCap, CoalCap - w/ CCS, CoalCap - w/o CCS, GasCap, GasCap - w/ CCS, GasCap - w/o CCS, GeothermalCap, HydroCap, Hydrogen, NuclearCap, OilCap, OilCap - w/ CCS, OilCap - w/o CCS, SolarCap - PV, WindCap - Offshore, WindCap - Onshore",1098,498,68.8,1098,68.8,1008,63.16,1008,63.16,0,0.0,5,"efficiency_decimal,lifetime_years,capital_cost_usd_per_mw,om_cost_usd_per_mw_per_yr,fuel_price",16,19,84.21,209,2025,2050,target,CHN
MESSAGEix-GLOBIOM_1.1,EN_NPi2020_600f_DR10p,1596,19,"BiomassCap, BiomassCap - w/ CCS, BiomassCap - w/o CCS, CoalCap, CoalCap - w/ CCS, CoalCap - w/o CCS, GasCap, GasCap - w/ CCS, GasCap - w/o CCS, GeothermalCap, HydroCap, Hydrogen, NuclearCap, OilCap, OilCap - w/ CCS, OilCap - w/o CCS, SolarCap - PV, WindCap - Offshore, WindCap - Onshore",1092,504,68.42,1092,68.42,1008,63.16,1008,63.16,0,0.0,5,"efficiency_decimal,lifetime_years,capital_cost_usd_per_mw,om_cost_usd_per_mw_per_yr,fuel_price",16,19,84.21,209,2025,2050,target,CHN
MESSAGEix-GLOBIOM_1.1,EN_NPi2020_600f_DR1p,1596,19,"BiomassCap, BiomassCap - w/ CCS, BiomassCap - w/o CCS, CoalCap, CoalCap - w/ CCS, CoalCap - w/o CCS, GasCap, GasCap - w/ CCS, GasCap - w/o CCS, GeothermalCap, HydroCap, Hydrogen, NuclearCap, OilCap, OilCap - w/ CCS, OilCap - w/o CCS, SolarCap - PV, WindCap - Offshore, WindCap - Onshore",1066,530,66.79,1066,66.79,1008,63.16,1008,63.16,0,0.0,5,"efficiency_decimal,lifetime_years,capital_cost_usd_per_mw,om_cost_usd_per_mw_per_yr,fuel_price",17,19,89.47,209,2025,2050,target,CHN
MESSAGEix-GLOBIOM_1.1,EN_NPi2020_600f_DR2p,1596,19,"BiomassCap, BiomassCap - w/ CCS, BiomassCap - w/o CCS, CoalCap, CoalCap - w/ CCS, CoalCap - w/o CCS, GasCap, GasCap - w/ CCS, GasCap - w/o CCS, GeothermalCap, HydroCap, Hydrogen, NuclearCap, OilCap, OilCap - w/ CCS, OilCap - w/o CCS, SolarCap - PV, WindCap - Offshore, WindCap - Onshore",1084,512,67.92,1084,67.92,1008,63.16,1008,63.16,0,0.0,5,"efficiency_decimal,lifetime_years,capital_cost_usd_per_mw,om_cost_usd_per_mw_per_yr,fuel_price",17,19,89.47,209,2025,2050,target,CHN
MESSAGEix-GLOBIOM_1.1,EN_NPi2020_600f_DR3p,1596,19,"BiomassCap, BiomassCap - w/ CCS, BiomassCap - w/o CCS, CoalCap, CoalCap - w/ CCS, CoalCap - w/o CCS, GasCap, GasCap - w/ CCS, GasCap - w/o CCS, GeothermalCap, HydroCap, Hydrogen, NuclearCap, OilCap, OilCap - w/ CCS, OilCap - w/o CCS, SolarCap - PV, WindCap - Offshore, WindCap - Onshore",1085,511,67.98,1085,67.98,1008,63.16,1008,63.16,0,0.0,5,"efficiency_decimal,lifetime_years,capital_cost_usd_per_mw,om_cost_usd_per_mw_per_yr,fuel_price",17,19,89.47,209,2025,2050,target,CHN
MESSAGEix-GLOBIOM_1.1,EN_NPi2020_600f_DR4p,1596,19,"BiomassCap, BiomassCap - w/ CCS, BiomassCap - w/o CCS, CoalCap, CoalCap - w/ CCS, CoalCap - w/o CCS, GasCap, GasCap - w/ CCS, GasCap - w/o CCS, GeothermalCap, HydroCap, Hydrogen, NuclearCap, OilCap, OilCap - w/ CCS, OilCap - w/o CCS, SolarCap - PV, WindCap - Offshore, WindCap - Onshore",1085,511,67.98,1085,67.98,1008,63.16,1008,63.16,0,0.0,5,"efficiency_decimal,lifetime_years,capital_cost_usd_per_mw,om_cost_usd_per_mw_per_yr,fuel_price",17,19,89.47,209,2025,2050,target,CHN
MESSAGEix-GLOBIOM_1.1,EN_NPi2020_700,1596,19,"BiomassCap, BiomassCap - w/ CCS, BiomassCap - w/o CCS, CoalCap, CoalCap - w/ CCS, CoalCap - w/o CCS, GasCap, GasCap - w/ CCS, GasCap - w/o CCS, GeothermalCap, HydroCap, Hydrogen, NuclearCap, OilCap, OilCap - w/ CCS, OilCap - w/o CCS, SolarCap - PV, WindCap - Offshore, WindCap - Onshore",1074,522,67.29,1074,67.29,1008,63.16,1008,63.16,0,0.0,5,"efficiency_decimal,lifetime_years,capital_cost_usd_per_mw,om_cost_usd_per_mw_per_yr,fuel_price",17,19,89.47,209,2025,2050,target,CHN
MESSAGEix-GLOBIOM_1.1,EN_NPi2020_700_COV,1596,19,"BiomassCap, BiomassCap - w/ CCS, BiomassCap - w/o CCS, CoalCap, CoalCap - w/ CCS, CoalCap - w/o CCS, GasCap, GasCap - w/ CCS, GasCap - w/o CCS, GeothermalCap, HydroCap, Hydrogen, NuclearCap, OilCap, OilCap - w/ CCS, OilCap - w/o CCS, SolarCap - PV, WindCap - Offshore, WindCap - Onshore",1094,502,68.55,1094,68.55,1008,63.16,1008,63.16,0,0.0,5,"efficiency_decimal,lifetime_years,capital_cost_usd_per_mw,om_cost_usd_per_mw_per_yr,fuel_price",17,19,89.47,209,2025,2050,target,CHN
MESSAGEix-GLOBIOM_1.1,EN_NPi2020_700f,1596,19,"BiomassCap, BiomassCap - w/ CCS, BiomassCap - w/o CCS, CoalCap, CoalCap - w/ CCS, CoalCap - w/o CCS, GasCap, GasCap - w/ CCS, GasCap - w/o CCS, GeothermalCap, HydroCap, Hydrogen, NuclearCap, OilCap, OilCap - w/ CCS, OilCap - w/o CCS, SolarCap - PV, WindCap - Offshore, WindCap - Onshore",1093,503,68.48,1093,68.48,1008,63.16,1008,63.16,0,0.0,5,"efficiency_decimal,lifetime_years,capital_cost_usd_per_mw,om_cost_usd_per_mw_per_yr,fuel_price",16,19,84.21,209,2025,2050,target,CHN
MESSAGEix-GLOBIOM_1.1,EN_NPi2020_700f_COV,1596,19,"BiomassCap, BiomassCap - w/ CCS, BiomassCap - w/o CCS, CoalCap, CoalCap - w/ CCS, CoalCap - w/o CCS, GasCap, GasCap - w/ CCS, GasCap - w/o CCS, GeothermalCap, HydroCap, Hydrogen, NuclearCap, OilCap, OilCap - w/ CCS, OilCap - w/o CCS, SolarCap - PV, WindCap - Offshore, WindCap - Onshore",1103,493,69.11,1103,69.11,1008,63.16,1008,63.16,0,0.0,5,"efficiency_decimal,lifetime_years,capital_cost_usd_per_mw,om_cost_usd_per_mw_per_yr,fuel_price",16,19,84.21,209,2025,2050,target,CHN
MESSAGEix-GLOBIOM_1.1,EN_NPi2020_800,1596,19,"BiomassCap, BiomassCap - w/ CCS, BiomassCap - w/o CCS, CoalCap, CoalCap - w/ CCS, CoalCap - w/o CCS, GasCap, GasCap - w/ CCS, GasCap - w/o CCS, GeothermalCap, HydroCap, Hydrogen, NuclearCap, OilCap, OilCap - w/ CCS, OilCap - w/o CCS, SolarCap - PV, WindCap - Offshore, WindCap - Onshore",1092,504,68.42,1092,68.42,1008,63.16,1008,63.16,0,0.0,5,"efficiency_decimal,lifetime_years,capital_cost_usd_per_mw,om_cost_usd_per_mw_per_yr,fuel_price",16,19,84.21,209,2025,2050,target,CHN
MESSAGEix-GLOBIOM_1.1,EN_NPi2020_800_COV,1596,19,"BiomassCap, BiomassCap - w/ CCS, BiomassCap - w/o CCS, CoalCap, CoalCap - w/ CCS, CoalCap - w/o CCS, GasCap, GasCap - w/ CCS, GasCap - w/o CCS, GeothermalCap, HydroCap, Hydrogen, NuclearCap, OilCap, OilCap - w/ CCS, OilCap - w/o CCS, SolarCap - PV, WindCap - Offshore, WindCap - Onshore",1112,484,69.67,1112,69.67,1008,63.16,1008,63.16,0,0.0,5,"efficiency_decimal,lifetime_years,capital_cost_usd_per_mw,om_cost_usd_per_mw_per_yr,fuel_price",16,19,84.21,209,2025,2050,target,CHN
MESSAGEix-GLOBIOM_1.1,EN_NPi2020_800f,1596,19,"BiomassCap, BiomassCap - w/ CCS, BiomassCap - w/o CCS, CoalCap, CoalCap - w/ CCS, CoalCap - w/o CCS, GasCap, GasCap - w/ CCS, GasCap - w/o CCS, GeothermalCap, HydroCap, Hydrogen, NuclearCap, OilCap, OilCap - w/ CCS, OilCap - w/o CCS, SolarCap - PV, WindCap - Offshore, WindCap - Onshore",1100,496,68.92,1100,68.92,1008,63.16,1008,63.16,0,0.0,5,"efficiency_decimal,lifetime_years,capital_cost_usd_per_mw,om_cost_usd_per_mw_per_yr,fuel_price",16,19,84.21,209,2025,2050,target,CHN
MESSAGEix-GLOBIOM_1.1,EN_NPi2020_800f_COV,1596,19,"BiomassCap, BiomassCap - w/ CCS, BiomassCap - w/o CCS, CoalCap, CoalCap - w/ CCS, CoalCap - w/o CCS, GasCap, GasCap - w/ CCS, GasCap - w/o CCS, GeothermalCap, HydroCap, Hydrogen, NuclearCap, OilCap, OilCap - w/ CCS, OilCap - w/o CCS, SolarCap - PV, WindCap - Offshore, WindCap - Onshore",1105,491,69.24,1105,69.24,1008,63.16,1008,63.16,0,0.0,5,"efficiency_decimal,lifetime_years,capital_cost_usd_per_mw,om_cost_usd_per_mw_per_yr,fuel_price",16,19,84.21,209,2025,2050,target,CHN
MESSAGEix-GLOBIOM_1.1,EN_NPi2020_900,1596,19,"BiomassCap, BiomassCap - w/ CCS, BiomassCap - w/o CCS, CoalCap, CoalCap - w/ CCS, CoalCap - w/o CCS, GasCap, GasCap - w/ CCS, GasCap - w/o CCS, GeothermalCap, HydroCap, Hydrogen, NuclearCap, OilCap, OilCap - w/ CCS, OilCap - w/o CCS, SolarCap - PV, WindCap - Offshore, WindCap - Onshore",1108,488,69.42,1108,69.42,1008,63.16,1008,63.16,0,0.0,5,"efficiency_decimal,lifetime_years,capital_cost_usd_per_mw,om_cost_usd_per_mw_per_yr,fuel_price",16,19,84.21,209,2025,2050,target,CHN
MESSAGEix-GLOBIOM_1.1,EN_NPi2020_900_COV,1596,19,"BiomassCap, BiomassCap - w/ CCS, BiomassCap - w/o CCS, CoalCap, CoalCap - w/ CCS, CoalCap - w/o CCS, GasCap, GasCap - w/ CCS, GasCap - w/o CCS, GeothermalCap, HydroCap, Hydrogen, NuclearCap, OilCap, OilCap - w/ CCS, OilCap - w/o CCS, SolarCap - PV, WindCap - Offshore, WindCap - Onshore",1120,476,70.18,1120,70.18,1008,63.16,1008,63.16,0,0.0,5,"efficiency_decimal,lifetime_years,capital_cost_usd_per_mw,om_cost_usd_per_mw_per_yr,fuel_price",16,19,84.21,209,2025,2050,target,CHN
MESSAGEix-GLOBIOM_1.1,EN_NPi2020_900f,1596,19,"BiomassCap, BiomassCap - w/ CCS, BiomassCap - w/o CCS, CoalCap, CoalCap - w/ CCS, CoalCap - w/o CCS, GasCap, GasCap - w/ CCS, GasCap - w/o CCS, GeothermalCap, HydroCap, Hydrogen, NuclearCap, OilCap, OilCap - w/ CCS, OilCap - w/o CCS, SolarCap - PV, WindCap - Offshore, WindCap - Onshore",1109,487,69.49,1109,69.49,1008,63.16,1008,63.16,0,0.0,5,"efficiency_decimal,lifetime_years,capital_cost_usd_per_mw,om_cost_usd_per_mw_per_yr,fuel_price",16,19,84.21,209,2025,2050,target,CHN
MESSAGEix-GLOBIOM_1.1,EN_NPi2020_900f_COV,1596,19,"BiomassCap, BiomassCap - w/ CCS, BiomassCap - w/o CCS, CoalCap, CoalCap - w/ CCS, CoalCap - w/o CCS, GasCap, GasCap - w/ CCS, GasCap - w/o CCS, GeothermalCap, HydroCap, Hydrogen, NuclearCap, OilCap, OilCap - w/ CCS, OilCap - w/o CCS, SolarCap - PV, WindCap - Offshore, WindCap - Onshore",1119,477,70.11,1119,70.11,1008,63.16,1008,63.16,0,0.0,5,"efficiency_decimal,lifetime_years,capital_cost_usd_per_mw,om_cost_usd_per_mw_per_yr,fuel_price",16,19,84.21,209,2025,2050,target,CHN
MESSAGEix-GLOBIOM_1.1,EN_NPi2100,1596,19,"BiomassCap, BiomassCap - w/ CCS, BiomassCap - w/o CCS, CoalCap, CoalCap - w/ CCS, CoalCap - w/o CCS, GasCap, GasCap - w/ CCS, GasCap - w/o CCS, GeothermalCap, HydroCap, Hydrogen, NuclearCap, OilCap, OilCap - w/ CCS, OilCap - w/o CCS, SolarCap - PV, WindCap - Offshore, WindCap - Onshore",1176,420,73.68,1176,73.68,1008,63.16,1008,63.16,0,0.0,5,"efficiency_decimal,lifetime_years,capital_cost_usd_per_mw,om_cost_usd_per_mw_per_yr,fuel_price",14,19,73.68,209,2025,2050,target,CHN
MESSAGEix-GLOBIOM_1.1,EN_NPi2100_COV,1596,19,"BiomassCap, BiomassCap - w/ CCS, BiomassCap - w/o CCS, CoalCap, CoalCap - w/ CCS, CoalCap - w/o CCS, GasCap, GasCap - w/ CCS, GasCap - w/o CCS, GeothermalCap, HydroCap, Hydrogen, NuclearCap, OilCap, OilCap - w/ CCS, OilCap - w/o CCS, SolarCap - PV, WindCap - Offshore, WindCap - Onshore",1178,418,73.81,1178,73.81,1008,63.16,1008,63.16,0,0.0,5,"efficiency_decimal,lifetime_years,capital_cost_usd_per_mw,om_cost_usd_per_mw_per_yr,fuel_price",14,19,73.68,209,2025,2050,target,CHN
MESSAGEix-GLOBIOM_1.1,EN_NoPolicy,1596,19,"BiomassCap, BiomassCap - w/ CCS, BiomassCap - w/o CCS, CoalCap, CoalCap - w/ CCS, CoalCap - w/o CCS, GasCap, GasCap - w/ CCS, GasCap - w/o CCS, GeothermalCap, HydroCap, Hydrogen, NuclearCap, OilCap, OilCap - w/ CCS, OilCap - w/o CCS, SolarCap - PV, WindCap - Offshore, WindCap - Onshore",1185,411,74.25,1185,74.25,1008,63.16,1008,63.16,0,0.0,5,"efficiency_decimal,lifetime_years,capital_cost_usd_per_mw,om_cost_usd_per_mw_per_yr,fuel_price",14,19,73.68,209,2025,2050,target,CHN
MESSAGEix-GLOBIOM_1.1,NGFS2_Below 2°C,1512,18,"BiomassCap, BiomassCap - w/ CCS, BiomassCap - w/o CCS, CoalCap, CoalCap - w/ CCS, CoalCap - w/o CCS, GasCap, GasCap - w/ CCS, GasCap - w/o CCS, GeothermalCap, HydroCap, Hydrogen, NuclearCap, OilCap, OilCap - w/ CCS, OilCap - w/o CCS, WindCap - Offshore, WindCap - Onshore",1512,0,100.0,1512,100.0,1512,100.0,1008,66.67,0,0.0,6,"efficiency_decimal,lifetime_years,capital_cost_usd_per_mw,om_cost_usd_per_mw_per_yr,fuel_price",15,18,83.33,209,2025,2050,target,CHN
MESSAGEix-GLOBIOM_1.1,NGFS2_Current Policies,1512,18,"BiomassCap, BiomassCap - w/ CCS, BiomassCap - w/o CCS, CoalCap, CoalCap - w/ CCS, CoalCap - w/o CCS, GasCap, GasCap - w/ CCS, GasCap - w/o CCS, GeothermalCap, HydroCap, Hydrogen, NuclearCap, OilCap, OilCap - w/ CCS, OilCap - w/o CCS, WindCap - Offshore, WindCap - Onshore",1512,0,100.0,1512,100.0,1512,100.0,1008,66.67,0,0.0,7,"efficiency_decimal,lifetime_years,capital_cost_usd_per_mw,om_cost_usd_per_mw_per_yr,fuel_price",13,18,72.22,209,2025,2050,target,CHN
MESSAGEix-GLOBIOM_1.1,NGFS2_Delayed Transition,1512,18,"BiomassCap, BiomassCap - w/ CCS, BiomassCap - w/o CCS, CoalCap, CoalCap - w/ CCS, CoalCap - w/o CCS, GasCap, GasCap - w/ CCS, GasCap - w/o CCS, GeothermalCap, HydroCap, Hydrogen, NuclearCap, OilCap, OilCap - w/ CCS, OilCap - w/o CCS, WindCap - Offshore, WindCap - Onshore",1512,0,100.0,1512,100.0,1512,100.0,1008,66.67,0,0.0,7,"lifetime_years,om_cost_usd_per_mw_per_yr",16,18,88.89,209,2025,2050,target,CHN
MESSAGEix-GLOBIOM_1.1,NGFS2_Divergent Net Zero Policies,1512,18,"BiomassCap, BiomassCap - w/ CCS, BiomassCap - w/o CCS, CoalCap, CoalCap - w/ CCS, CoalCap - w/o CCS, GasCap, GasCap - w/ CCS, GasCap - w/o CCS, GeothermalCap, HydroCap, Hydrogen, NuclearCap, OilCap, OilCap - w/ CCS, OilCap - w/o CCS, WindCap - Offshore, WindCap - Onshore",1512,0,100.0,1512,100.0,1512,100.0,1008,66.67,0,0.0,7,"efficiency_decimal,lifetime_years,capital_cost_usd_per_mw,om_cost_usd_per_mw_per_yr,fuel_price",16,18,88.89,209,2025,2050,target,CHN
MESSAGEix-GLOBIOM_1.1,NGFS2_Nationally Determined Contributions (NDCs),1512,18,"BiomassCap, BiomassCap - w/ CCS, BiomassCap - w/o CCS, CoalCap, CoalCap - w/ CCS, CoalCap - w/o CCS, GasCap, GasCap - w/ CCS, GasCap - w/o CCS, GeothermalCap, HydroCap, Hydrogen, NuclearCap, OilCap, OilCap - w/ CCS, OilCap - w/o CCS, WindCap - Offshore, WindCap - Onshore",1512,0,100.0,1512,100.0,1512,100.0,1008,66.67,0,0.0,7,"efficiency_decimal,lifetime_years,capital_cost_usd_per_mw,om_cost_usd_per_mw_per_yr,fuel_price",14,18,77.78,209,2025,2050,target,CHN
MESSAGEix-GLOBIOM_1.1,NGFS2_Net-Zero 2050,1512,18,"BiomassCap, BiomassCap - w/ CCS, BiomassCap - w/o CCS, CoalCap, CoalCap - w/ CCS, CoalCap - w/o CCS, GasCap, GasCap - w/ CCS, GasCap - w/o CCS, GeothermalCap, HydroCap, Hydrogen, NuclearCap, OilCap, OilCap - w/ CCS, OilCap - w/o CCS, WindCap - Offshore, WindCap - Onshore",1512,0,100.0,1512,100.0,1512,100.0,1008,66.67,0,0.0,6,"efficiency_decimal,lifetime_years,capital_cost_usd_per_mw,om_cost_usd_per_mw_per_yr,fuel_price",16,18,88.89,209,2025,2050,target,CHN
MESSAGEix-GLOBIOM_1.2,COV_GreenPush,680,7,"BiomassCap, CoalCap, GasCap, GeothermalCap, HydroCap, NuclearCap, OilCap",680,0,100.0,680,100.0,680,100.0,448,65.88,680,100.0,4,"efficiency_decimal,lifetime_years,capital_cost_usd_per_mw,om_cost_usd_per_mw_per_yr,fuel_price,scenario_price",1,7,14.29,209,2023,2050,target,CHN
MESSAGEix-GLOBIOM_1.2,COV_GreenPush_1000,680,7,"BiomassCap, CoalCap, GasCap, GeothermalCap, HydroCap, NuclearCap, OilCap",680,0,100.0,680,100.0,680,100.0,448,65.88,680,100.0,4,"efficiency_decimal,lifetime_years,capital_cost_usd_per_mw,om_cost_usd_per_mw_per_yr,fuel_price,scenario_price",1,7,14.29,209,2023,2050,target,CHN
MESSAGEix-GLOBIOM_1.2,COV_GreenPush_550,680,7,"BiomassCap, CoalCap, GasCap, GeothermalCap, HydroCap, NuclearCap, OilCap",680,0,100.0,680,100.0,680,100.0,448,65.88,680,100.0,4,"efficiency_decimal,lifetime_years,capital_cost_usd_per_mw,om_cost_usd_per_mw_per_yr,fuel_price,scenario_price",1,7,14.29,209,2023,2050,target,CHN
MESSAGEix-GLOBIOM_1.2,COV_GreenPush_max_GDP,680,7,"BiomassCap, CoalCap, GasCap, GeothermalCap, HydroCap, NuclearCap, OilCap",680,0,100.0,680,100.0,680,100.0,448,65.88,680,100.0,4,"efficiency_decimal,lifetime_years,capital_cost_usd_per_mw,om_cost_usd_per_mw_per_yr,fuel_price,scenario_price",1,7,14.29,209,2023,2050,target,CHN
MESSAGEix-GLOBIOM_1.2,COV_GreenPush_min_GDP,680,7,"BiomassCap, CoalCap, GasCap, GeothermalCap, HydroCap, NuclearCap, OilCap",680,0,100.0,680,100.0,680,100.0,448,65.88,680,100.0,4,"efficiency_decimal,lifetime_years,capital_cost_usd_per_mw,om_cost_usd_per_mw_per_yr,fuel_price,scenario_price",1,7,14.29,209,2023,2050,target,CHN
MESSAGEix-GLOBIOM_1.2,COV_NoPolicyNoCOVID,680,7,"BiomassCap, CoalCap, GasCap, GeothermalCap, HydroCap, NuclearCap, OilCap",680,0,100.0,680,100.0,680,100.0,448,65.88,680,100.0,4,"efficiency_decimal,lifetime_years,capital_cost_usd_per_mw,om_cost_usd_per_mw_per_yr,fuel_price,scenario_price",1,7,14.29,209,2023,2050,target,CHN
MESSAGEix-GLOBIOM_1.2,COV_NoPolicyNoCOVID_1000,680,7,"BiomassCap, CoalCap, GasCap, GeothermalCap, HydroCap, NuclearCap, OilCap",680,0,100.0,680,100.0,680,100.0,448,65.88,680,100.0,4,"efficiency_decimal,lifetime_years,capital_cost_usd_per_mw,om_cost_usd_per_mw_per_yr,fuel_price,scenario_price",1,7,14.29,209,2023,2050,target,CHN
MESSAGEix-GLOBIOM_1.2,COV_NoPolicyNoCOVID_550,680,7,"BiomassCap, CoalCap, GasCap, GeothermalCap, HydroCap, NuclearCap, OilCap",680,0,100.0,680,100.0,680,100.0,448,65.88,680,100.0,4,"efficiency_decimal,lifetime_years,capital_cost_usd_per_mw,om_cost_usd_per_mw_per_yr,fuel_price,scenario_price",1,7,14.29,209,2023,2050,target,CHN
MESSAGEix-GLOBIOM_1.2,COV_Restore,680,7,"BiomassCap, CoalCap, GasCap, GeothermalCap, HydroCap, NuclearCap, OilCap",680,0,100.0,680,100.0,680,100.0,448,65.88,680,100.0,4,"efficiency_decimal,lifetime_years,capital_cost_usd_per_mw,om_cost_usd_per_mw_per_yr,fuel_price,scenario_price",1,7,14.29,209,2023,2050,target,CHN
MESSAGEix-GLOBIOM_1.2,COV_Restore_1000,680,7,"BiomassCap, CoalCap, GasCap, GeothermalCap, HydroCap, NuclearCap, OilCap",680,0,100.0,680,100.0,680,100.0,448,65.88,680,100.0,4,"efficiency_decimal,lifetime_years,capital_cost_usd_per_mw,om_cost_usd_per_mw_per_yr,fuel_price,scenario_price",1,7,14.29,209,2023,2050,target,CHN
MESSAGEix-GLOBIOM_1.2,COV_Restore_550,680,7,"BiomassCap, CoalCap, GasCap, GeothermalCap, HydroCap, NuclearCap, OilCap",680,0,100.0,680,100.0,680,100.0,448,65.88,680,100.0,4,"efficiency_decimal,lifetime_years,capital_cost_usd_per_mw,om_cost_usd_per_mw_per_yr,fuel_price,scenario_price",1,7,14.29,209,2023,2050,target,CHN
MESSAGEix-GLOBIOM_1.2,COV_SelfReliance,680,7,"BiomassCap, CoalCap, GasCap, GeothermalCap, HydroCap, NuclearCap, OilCap",680,0,100.0,680,100.0,680,100.0,448,65.88,680,100.0,4,"efficiency_decimal,lifetime_years,capital_cost_usd_per_mw,om_cost_usd_per_mw_per_yr,fuel_price,scenario_price",1,7,14.29,209,2023,2050,target,CHN
MESSAGEix-GLOBIOM_1.2,COV_SelfReliance_1000,680,7,"BiomassCap, CoalCap, GasCap, GeothermalCap, HydroCap, NuclearCap, OilCap",680,0,100.0,680,100.0,680,100.0,448,65.88,680,100.0,4,"efficiency_decimal,lifetime_years,capital_cost_usd_per_mw,om_cost_usd_per_mw_per_yr,fuel_price,scenario_price",1,7,14.29,209,2023,2050,target,CHN
MESSAGEix-GLOBIOM_1.2,COV_SelfReliance_550,680,7,"BiomassCap, CoalCap, GasCap, GeothermalCap, HydroCap, NuclearCap, OilCap",680,0,100.0,680,100.0,680,100.0,448,65.88,680,100.0,4,"efficiency_decimal,lifetime_years,capital_cost_usd_per_mw,om_cost_usd_per_mw_per_yr,fuel_price,scenario_price",1,7,14.29,209,2023,2050,target,CHN
MESSAGEix-GLOBIOM_1.2,COV_SelfReliance_max_GDP,680,7,"BiomassCap, CoalCap, GasCap, GeothermalCap, HydroCap, NuclearCap, OilCap",680,0,100.0,680,100.0,680,100.0,448,65.88,680,100.0,4,"efficiency_decimal,lifetime_years,capital_cost_usd_per_mw,om_cost_usd_per_mw_per_yr,fuel_price,scenario_price",1,7,14.29,209,2023,2050,target,CHN
MESSAGEix-GLOBIOM_1.2,COV_SelfReliance_min_GDP,680,7,"BiomassCap, CoalCap, GasCap, GeothermalCap, HydroCap, NuclearCap, OilCap",680,0,100.0,680,100.0,680,100.0,448,65.88,680,100.0,4,"efficiency_decimal,lifetime_years,capital_cost_usd_per_mw,om_cost_usd_per_mw_per_yr,fuel_price,scenario_price",1,7,14.29,209,2023,2050,target,CHN
MESSAGEix-GLOBIOM_1.2,COV_SmartUse,680,7,"BiomassCap, CoalCap, GasCap, GeothermalCap, HydroCap, NuclearCap, OilCap",680,0,100.0,680,100.0,680,100.0,448,65.88,680,100.0,4,"efficiency_decimal,lifetime_years,capital_cost_usd_per_mw,om_cost_usd_per_mw_per_yr,fuel_price,scenario_price",1,7,14.29,209,2023,2050,target,CHN
MESSAGEix-GLOBIOM_1.2,COV_SmartUse_1000,680,7,"BiomassCap, CoalCap, GasCap, GeothermalCap, HydroCap, NuclearCap, OilCap",680,0,100.0,680,100.0,680,100.0,448,65.88,680,100.0,4,"efficiency_decimal,lifetime_years,capital_cost_usd_per_mw,om_cost_usd_per_mw_per_yr,fuel_price,scenario_price",1,7,14.29,209,2023,2050,target,CHN
MESSAGEix-GLOBIOM_1.2,COV_SmartUse_550,680,7,"BiomassCap, CoalCap, GasCap, GeothermalCap, HydroCap, NuclearCap, OilCap",680,0,100.0,680,100.0,680,100.0,448,65.88,680,100.0,4,"efficiency_decimal,lifetime_years,capital_cost_usd_per_mw,om_cost_usd_per_mw_per_yr,fuel_price,scenario_price",1,7,14.29,209,2023,2050,target,CHN
MESSAGEix-GLOBIOM_GEI 1.0,SSP2_int_lc_15,627,19,"BiomassCap, BiomassCap - w/ CCS, BiomassCap - w/o CCS, CoalCap, CoalCap - w/ CCS, CoalCap - w/o CCS, GasCap, GasCap - w/ CCS, GasCap - w/o CCS, GeothermalCap, HydroCap, Hydrogen, NuclearCap, OilCap, OilCap - w/ CCS, OilCap - w/o CCS, SolarCap - PV, WindCap - Offshore, WindCap - Onshore",399,228,63.64,399,63.64,396,63.16,396,63.16,0,0.0,4,"efficiency_decimal,lifetime_years,capital_cost_usd_per_mw,om_cost_usd_per_mw_per_yr,fuel_price",16,19,84.21,209,2030,2050,target,R10AFRICA
MESSAGEix-GLOBIOM_GEI 1.0,SSP2_int_lc_50,627,19,"BiomassCap, BiomassCap - w/ CCS, BiomassCap - w/o CCS, CoalCap, CoalCap - w/ CCS, CoalCap - w/o CCS, GasCap, GasCap - w/ CCS, GasCap - w/o CCS, GeothermalCap, HydroCap, Hydrogen, NuclearCap, OilCap, OilCap - w/ CCS, OilCap - w/o CCS, SolarCap - PV, WindCap - Offshore, WindCap - Onshore",399,228,63.64,399,63.64,396,63.16,396,63.16,0,0.0,4,"efficiency_decimal,lifetime_years,capital_cost_usd_per_mw,om_cost_usd_per_mw_per_yr,fuel_price",17,19,89.47,209,2030,2050,target,R10AFRICA
MESSAGEix-GLOBIOM_GEI 1.0,SSP2_int_mc_15,627,19,"BiomassCap, BiomassCap - w/ CCS, BiomassCap - w/o CCS, CoalCap, CoalCap - w/ CCS, CoalCap - w/o CCS, GasCap, GasCap - w/ CCS, GasCap - w/o CCS, GeothermalCap, HydroCap, Hydrogen, NuclearCap, OilCap, OilCap - w/ CCS, OilCap - w/o CCS, SolarCap - PV, WindCap - Offshore, WindCap - Onshore",396,231,63.16,396,63.16,396,63.16,396,63.16,0,0.0,3,"efficiency_decimal,lifetime_years,capital_cost_usd_per_mw,om_cost_usd_per_mw_per_yr,fuel_price",16,19,84.21,209,2030,2050,target,R10AFRICA
MESSAGEix-GLOBIOM_GEI 1.0,SSP2_int_mc_50,627,19,"BiomassCap, BiomassCap - w/ CCS, BiomassCap - w/o CCS, CoalCap, CoalCap - w/ CCS, CoalCap - w/o CCS, GasCap, GasCap - w/ CCS, GasCap - w/o CCS, GeothermalCap, HydroCap, Hydrogen, NuclearCap, OilCap, OilCap - w/ CCS, OilCap - w/o CCS, SolarCap - PV, WindCap - Offshore, WindCap - Onshore",396,231,63.16,396,63.16,396,63.16,396,63.16,0,0.0,3,"efficiency_decimal,lifetime_years,capital_cost_usd_per_mw,om_cost_usd_per_mw_per_yr,fuel_price",16,19,84.21,209,2030,2050,target,R10AFRICA
MESSAGEix-GLOBIOM_GEI 1.0,SSP2_noint_lc_15,627,19,"BiomassCap, BiomassCap - w/ CCS, BiomassCap - w/o CCS, CoalCap, CoalCap - w/ CCS, CoalCap - w/o CCS, GasCap, GasCap - w/ CCS, GasCap - w/o CCS, GeothermalCap, HydroCap, Hydrogen, NuclearCap, OilCap, OilCap - w/ CCS, OilCap - w/o CCS, SolarCap - PV, WindCap - Offshore, WindCap - Onshore",399,228,63.64,399,63.64,396,63.16,396,63.16,0,0.0,4,"efficiency_decimal,lifetime_years,capital_cost_usd_per_mw,om_cost_usd_per_mw_per_yr,fuel_price",16,19,84.21,209,2030,2050,target,R10AFRICA
MESSAGEix-GLOBIOM_GEI 1.0,SSP2_noint_lc_50,627,19,"BiomassCap, BiomassCap - w/ CCS, BiomassCap - w/o CCS, CoalCap, CoalCap - w/ CCS, CoalCap - w/o CCS, GasCap, GasCap - w/ CCS, GasCap - w/o CCS, GeothermalCap, HydroCap, Hydrogen, NuclearCap, OilCap, OilCap - w/ CCS, OilCap - w/o CCS, SolarCap - PV, WindCap - Offshore, WindCap - Onshore",399,228,63.64,399,63.64,396,63.16,396,63.16,0,0.0,4,"efficiency_decimal,lifetime_years,capital_cost_usd_per_mw,om_cost_usd_per_mw_per_yr,fuel_price",17,19,89.47,209,2030,2050,target,R10AFRICA
MESSAGEix-GLOBIOM_GEI 1.0,SSP2_noint_mc_15,627,19,"BiomassCap, BiomassCap - w/ CCS, BiomassCap - w/o CCS, CoalCap, CoalCap - w/ CCS, CoalCap - w/o CCS, GasCap, GasCap - w/ CCS, GasCap - w/o CCS, GeothermalCap, HydroCap, Hydrogen, NuclearCap, OilCap, OilCap - w/ CCS, OilCap - w/o CCS, SolarCap - PV, WindCap - Offshore, WindCap - Onshore",396,231,63.16,396,63.16,396,63.16,396,63.16,0,0.0,3,"efficiency_decimal,lifetime_years,capital_cost_usd_per_mw,om_cost_usd_per_mw_per_yr,fuel_price",16,19,84.21,209,2030,2050,target,R10AFRICA
MESSAGEix-GLOBIOM_GEI 1.0,SSP2_noint_mc_50,627,19,"BiomassCap, BiomassCap - w/ CCS, BiomassCap - w/o CCS, CoalCap, CoalCap - w/ CCS, CoalCap - w/o CCS, GasCap, GasCap - w/ CCS, GasCap - w/o CCS, GeothermalCap, HydroCap, Hydrogen, NuclearCap, OilCap, OilCap - w/ CCS, OilCap - w/o CCS, SolarCap - PV, WindCap - Offshore, WindCap - Onshore",396,231,63.16,396,63.16,396,63.16,396,63.16,0,0.0,3,"efficiency_decimal,lifetime_years,capital_cost_usd_per_mw,om_cost_usd_per_mw_per_yr,fuel_price",16,19,84.21,209,2030,2050,target,R10AFRICA
MESSAGEix-GLOBIOM_GEI 1.0,SSP2_openres_lc_100,627,19,"BiomassCap, BiomassCap - w/ CCS, BiomassCap - w/o CCS, CoalCap, CoalCap - w/ CCS, CoalCap - w/o CCS, GasCap, GasCap - w/ CCS, GasCap - w/o CCS, GeothermalCap, HydroCap, Hydrogen, NuclearCap, OilCap, OilCap - w/ CCS, OilCap - w/o CCS, SolarCap - PV, WindCap - Offshore, WindCap - Onshore",436,191,69.54,436,69.54,429,68.42,396,63.16,0,0.0,5,"efficiency_decimal,lifetime_years,capital_cost_usd_per_mw,om_cost_usd_per_mw_per_yr,fuel_price",16,19,84.21,209,2030,2050,target,R10AFRICA
MESSAGEix-GLOBIOM_GEI 1.0,SSP2_openres_lc_120,627,19,"BiomassCap, BiomassCap - w/ CCS, BiomassCap - w/o CCS, CoalCap, CoalCap - w/ CCS, CoalCap - w/o CCS, GasCap, GasCap - w/ CCS, GasCap - w/o CCS, GeothermalCap, HydroCap, Hydrogen, NuclearCap, OilCap, OilCap - w/ CCS, OilCap - w/o CCS, SolarCap - PV, WindCap - Offshore, WindCap - Onshore",435,192,69.38,435,69.38,429,68.42,396,63.16,0,0.0,5,"efficiency_decimal,lifetime_years,capital_cost_usd_per_mw,om_cost_usd_per_mw_per_yr,fuel_price",16,19,84.21,209,2030,2050,target,R10AFRICA
MESSAGEix-GLOBIOM_GEI 1.0,SSP2_openres_lc_15,627,19,"BiomassCap, BiomassCap - w/ CCS, BiomassCap - w/o CCS, CoalCap, CoalCap - w/ CCS, CoalCap - w/o CCS, GasCap, GasCap - w/ CCS, GasCap - w/o CCS, GeothermalCap, HydroCap, Hydrogen, NuclearCap, OilCap, OilCap - w/ CCS, OilCap - w/o CCS, SolarCap - PV, WindCap - Offshore, WindCap - Onshore",399,228,63.64,399,63.64,396,63.16,396,63.16,0,0.0,4,"efficiency_decimal,lifetime_years,capital_cost_usd_per_mw,om_cost_usd_per_mw_per_yr,fuel_price",15,19,78.95,209,2030,2050,target,R10AFRICA
MESSAGEix-GLOBIOM_GEI 1.0,SSP2_openres_lc_50,594,18,"BiomassCap, BiomassCap - w/ CCS, BiomassCap - w/o CCS, CoalCap, CoalCap - w/ CCS, CoalCap - w/o CCS, GasCap, GasCap - w/ CCS, GasCap - w/o CCS, GeothermalCap, HydroCap, Hydrogen, NuclearCap, OilCap, OilCap - w/ CCS, OilCap - w/o CCS, WindCap - Offshore, WindCap - Onshore",594,0,100.0,594,100.0,429,72.22,396,66.67,0,0.0,5,"efficiency_decimal,lifetime_years,capital_cost_usd_per_mw,om_cost_usd_per_mw_per_yr,fuel_price",14,18,77.78,209,2030,2050,target,R10AFRICA
MESSAGEix-GLOBIOM_GEI 1.0,SSP2_openres_lc_80,627,19,"BiomassCap, BiomassCap - w/ CCS, BiomassCap - w/o CCS, CoalCap, CoalCap - w/ CCS, CoalCap - w/o CCS, GasCap, GasCap - w/ CCS, GasCap - w/o CCS, GeothermalCap, HydroCap, Hydrogen, NuclearCap, OilCap, OilCap - w/ CCS, OilCap - w/o CCS, SolarCap - PV, WindCap - Offshore, WindCap - Onshore",439,188,70.02,439,70.02,429,68.42,396,63.16,0,0.0,5,"efficiency_decimal,lifetime_years,capital_cost_usd_per_mw,om_cost_usd_per_mw_per_yr,fuel_price",16,19,84.21,209,2030,2050,target,R10AFRICA
MESSAGEix-GLOBIOM_GEI 1.0,SSP2_openres_lc_CB400,625,19,"BiomassCap, BiomassCap - w/ CCS, BiomassCap - w/o CCS, CoalCap, CoalCap - w/ CCS, CoalCap - w/o CCS, GasCap, GasCap - w/ CCS, GasCap - w/o CCS, GeothermalCap, HydroCap, Hydrogen, NuclearCap, OilCap, OilCap - w/ CCS, OilCap - w/o CCS, SolarCap - PV, WindCap - Offshore, WindCap - Onshore",437,188,69.92,432,69.12,428,68.48,396,63.36,17,2.72,8,"efficiency_decimal,lifetime_years,capital_cost_usd_per_mw,om_cost_usd_per_mw_per_yr,fuel_price",16,19,84.21,209,2030,2050,target,R10AFRICA
MESSAGEix-GLOBIOM_GEI 1.0,SSP2_openres_lc_CB450,627,19,"BiomassCap, BiomassCap - w/ CCS, BiomassCap - w/o CCS, CoalCap, CoalCap - w/ CCS, CoalCap - w/o CCS, GasCap, GasCap - w/ CCS, GasCap - w/o CCS, GeothermalCap, HydroCap, Hydrogen, NuclearCap, OilCap, OilCap - w/ CCS, OilCap - w/o CCS, SolarCap - PV, WindCap - Offshore, WindCap - Onshore",433,194,69.06,433,69.06,429,68.42,396,63.16,0,0.0,5,"efficiency_decimal,lifetime_years,capital_cost_usd_per_mw,om_cost_usd_per_mw_per_yr,fuel_price",16,19,84.21,209,2030,2050,target,R10AFRICA
MESSAGEix-GLOBIOM_GEI 1.0,SSP2_openres_lc_CB500,627,19,"BiomassCap, BiomassCap - w/ CCS, BiomassCap - w/o CCS, CoalCap, CoalCap - w/ CCS, CoalCap - w/o CCS, GasCap, GasCap - w/ CCS, GasCap - w/o CCS, GeothermalCap, HydroCap, Hydrogen, NuclearCap, OilCap, OilCap - w/ CCS, OilCap - w/o CCS, SolarCap - PV, WindCap - Offshore, WindCap - Onshore",433,194,69.06,433,69.06,429,68.42,396,63.16,0,0.0,5,"efficiency_decimal,lifetime_years,capital_cost_usd_per_mw,om_cost_usd_per_mw_per_yr,fuel_price",16,19,84.21,209,2030,2050,target,R10AFRICA
MESSAGEix-GLOBIOM_GEI 1.0,SSP2_openres_lc_CB550,627,19,"BiomassCap, BiomassCap - w/ CCS, BiomassCap - w/o CCS, CoalCap, CoalCap - w/ CCS, CoalCap - w/o CCS, GasCap, GasCap - w/ CCS, GasCap - w/o CCS, GeothermalCap, HydroCap, Hydrogen, NuclearCap, OilCap, OilCap - w/ CCS, OilCap - w/o CCS, SolarCap - PV, WindCap - Offshore, WindCap - Onshore",433,194,69.06,433,69.06,429,68.42,396,63.16,0,0.0,5,"efficiency_decimal,lifetime_years,capital_cost_usd_per_mw,om_cost_usd_per_mw_per_yr,fuel_price",16,19,84.21,209,2030,2050,target,R10AFRICA
MESSAGEix-GLOBIOM_GEI 1.0,SSP2_openres_lc_CB600,627,19,"BiomassCap, BiomassCap - w/ CCS, BiomassCap - w/o CCS, CoalCap, CoalCap - w/ CCS, CoalCap - w/o CCS, GasCap, GasCap - w/ CCS, GasCap - w/o CCS, GeothermalCap, HydroCap, Hydrogen, NuclearCap, OilCap, OilCap - w/ CCS, OilCap - w/o CCS, SolarCap - PV, WindCap - Offshore, WindCap - Onshore",435,192,69.38,435,69.38,429,68.42,396,63.16,0,0.0,5,"efficiency_decimal,lifetime_years,capital_cost_usd_per_mw,om_cost_usd_per_mw_per_yr,fuel_price",16,19,84.21,209,2030,2050,target,R10AFRICA
MESSAGEix-GLOBIOM_GEI 1.0,SSP2_openres_mc_15,627,19,"BiomassCap, BiomassCap - w/ CCS, BiomassCap - w/o CCS, CoalCap, CoalCap - w/ CCS, CoalCap - w/o CCS, GasCap, GasCap - w/ CCS, GasCap - w/o CCS, GeothermalCap, HydroCap, Hydrogen, NuclearCap, OilCap, OilCap - w/ CCS, OilCap - w/o CCS, SolarCap - PV, WindCap - Offshore, WindCap - Onshore",396,231,63.16,396,63.16,396,63.16,396,63.16,0,0.0,3,"efficiency_decimal,lifetime_years,capital_cost_usd_per_mw,om_cost_usd_per_mw_per_yr,fuel_price",15,19,78.95,209,2030,2050,target,R10AFRICA
MESSAGEix-GLOBIOM_GEI 1.0,SSP2_openres_mc_50,627,19,"BiomassCap, BiomassCap - w/ CCS, BiomassCap - w/o CCS, CoalCap, CoalCap - w/ CCS, CoalCap - w/o CCS, GasCap, GasCap - w/ CCS, GasCap - w/o CCS, GeothermalCap, HydroCap, Hydrogen, NuclearCap, OilCap, OilCap - w/ CCS, OilCap - w/o CCS, SolarCap - PV, WindCap - Offshore, WindCap - Onshore",396,231,63.16,396,63.16,396,63.16,396,63.16,0,0.0,3,"efficiency_decimal,lifetime_years,capital_cost_usd_per_mw,om_cost_usd_per_mw_per_yr,fuel_price",16,19,84.21,209,2030,2050,target,R10AFRICA
MESSAGEix-KOREA 1.0,EN_NP_2025_-502050,66,6,"CoalCap, GasCap, GeothermalCap, HydroCap, NuclearCap, OilCap",66,0,100.0,66,100.0,42,63.64,36,54.55,66,100.0,4,"efficiency_decimal,lifetime_years,capital_cost_usd_per_mw,om_cost_usd_per_mw_per_yr,fuel_price,scenario_price",5,6,83.33,1,2025,2050,target,KOR
MESSAGEix-KOREA 1.0,EN_NP_CurPol,66,6,"CoalCap, GasCap, GeothermalCap, HydroCap, NuclearCap, OilCap",66,0,100.0,66,100.0,42,63.64,36,54.55,66,100.0,4,"efficiency_decimal,lifetime_years,capital_cost_usd_per_mw,om_cost_usd_per_mw_per_yr,fuel_price,scenario_price",5,6,83.33,1,2025,2050,target,KOR
MESSAGEix-KOREA 1.0,EN_NP_UNDC,66,6,"CoalCap, GasCap, GeothermalCap, HydroCap, NuclearCap, OilCap",66,0,100.0,66,100.0,42,63.64,36,54.55,66,100.0,4,"efficiency_decimal,lifetime_years,capital_cost_usd_per_mw,om_cost_usd_per_mw_per_yr,fuel_price,scenario_price",5,6,83.33,1,2025,2050,target,KOR
MUSE 1.0,CSH,966,7,"BiomassCap, CoalCap - w/ CCS, CoalCap - w/o CCS, GasCap - w/ CCS, GasCap - w/o CCS, NuclearCap, OilCap",966,0,100.0,966,100.0,966,100.0,828,85.71,966,100.0,10,"efficiency_decimal,lifetime_years,capital_cost_usd_per_mw,om_cost_usd_per_mw_per_yr,fuel_price,scenario_price",0,7,0.0,209,2025,2050,target,BRA
MUSE 1.0,PCSH,966,7,"BiomassCap, CoalCap - w/ CCS, CoalCap - w/o CCS, GasCap - w/ CCS, GasCap - w/o CCS, NuclearCap, OilCap",966,0,100.0,966,100.0,966,100.0,828,85.71,966,100.0,10,"efficiency_decimal,lifetime_years,capital_cost_usd_per_mw,om_cost_usd_per_mw_per_yr,fuel_price,scenario_price",0,7,0.0,209,2025,2050,target,BRA
MUSE 1.0,PR_Baseline,1794,13,"BiomassCap, BiomassCap - w/ CCS, BiomassCap - w/o CCS, CoalCap, CoalCap - w/ CCS, CoalCap - w/o CCS, GasCap, GasCap - w/ CCS, GasCap - w/o CCS, GeothermalCap, HydroCap, NuclearCap, OilCap",1794,0,100.0,1794,100.0,1794,100.0,1380,76.92,1794,100.0,10,"efficiency_decimal,lifetime_years,capital_cost_usd_per_mw,om_cost_usd_per_mw_per_yr,fuel_price,scenario_price",0,13,0.0,209,2025,2050,target,BRA
MUSE 1.0,PR_CP_Intensity,1794,13,"BiomassCap, BiomassCap - w/ CCS, BiomassCap - w/o CCS, CoalCap, CoalCap - w/ CCS, CoalCap - w/o CCS, GasCap, GasCap - w/ CCS, GasCap - w/o CCS, GeothermalCap, HydroCap, NuclearCap, OilCap",1794,0,100.0,1794,100.0,1794,100.0,1380,76.92,1794,100.0,10,"efficiency_decimal,lifetime_years,capital_cost_usd_per_mw,om_cost_usd_per_mw_per_yr,fuel_price,scenario_price",0,13,0.0,209,2025,2050,target,BRA
MUSE 1.0,PR_CP_Price,1794,13,"BiomassCap, BiomassCap - w/ CCS, BiomassCap - w/o CCS, CoalCap, CoalCap - w/ CCS, CoalCap - w/o CCS, GasCap, GasCap - w/ CCS, GasCap - w/o CCS, GeothermalCap, HydroCap, NuclearCap, OilCap",1794,0,100.0,1794,100.0,1794,100.0,1380,76.92,1794,100.0,10,"efficiency_decimal,lifetime_years,capital_cost_usd_per_mw,om_cost_usd_per_mw_per_yr,fuel_price,scenario_price",0,13,0.0,209,2025,2050,target,BRA
MUSE 1.0,PR_CP_PriceOnly,1794,13,"BiomassCap, BiomassCap - w/ CCS, BiomassCap - w/o CCS, CoalCap, CoalCap - w/ CCS, CoalCap - w/o CCS, GasCap, GasCap - w/ CCS, GasCap - w/o CCS, GeothermalCap, HydroCap, NuclearCap, OilCap",1794,0,100.0,1794,100.0,1794,100.0,1380,76.92,1794,100.0,10,"efficiency_decimal,lifetime_years,capital_cost_usd_per_mw,om_cost_usd_per_mw_per_yr,fuel_price,scenario_price",0,13,0.0,209,2025,2050,target,BRA
MUSE 1.0,PR_NDC_Intensity,1794,13,"BiomassCap, BiomassCap - w/ CCS, BiomassCap - w/o CCS, CoalCap, CoalCap - w/ CCS, CoalCap - w/o CCS, GasCap, GasCap - w/ CCS, GasCap - w/o CCS, GeothermalCap, HydroCap, NuclearCap, OilCap",1794,0,100.0,1794,100.0,1794,100.0,1380,76.92,1794,100.0,10,"efficiency_decimal,lifetime_years,capital_cost_usd_per_mw,om_cost_usd_per_mw_per_yr,fuel_price,scenario_price",0,13,0.0,209,2025,2050,target,BRA
MUSE 1.0,PR_NDC_Price,1794,13,"BiomassCap, BiomassCap - w/ CCS, BiomassCap - w/o CCS, CoalCap, CoalCap - w/ CCS, CoalCap - w/o CCS, GasCap, GasCap - w/ CCS, GasCap - w/o CCS, GeothermalCap, HydroCap, NuclearCap, OilCap",1794,0,100.0,1794,100.0,1794,100.0,1380,76.92,1794,100.0,10,"efficiency_decimal,lifetime_years,capital_cost_usd_per_mw,om_cost_usd_per_mw_per_yr,fuel_price,scenario_price",0,13,0.0,209,2025,2050,target,BRA
MUSE 1.0,PR_NDC_PriceOnly,1794,13,"BiomassCap, BiomassCap - w/ CCS, BiomassCap - w/o CCS, CoalCap, CoalCap - w/ CCS, CoalCap - w/o CCS, GasCap, GasCap - w/ CCS, GasCap - w/o CCS, GeothermalCap, HydroCap, NuclearCap, OilCap",1794,0,100.0,1794,100.0,1794,100.0,1380,76.92,1794,100.0,10,"efficiency_decimal,lifetime_years,capital_cost_usd_per_mw,om_cost_usd_per_mw_per_yr,fuel_price,scenario_price",0,13,0.0,209,2025,2050,target,BRA
MUSE 1.0,R,966,7,"BiomassCap, CoalCap - w/ CCS, CoalCap - w/o CCS, GasCap - w/ CCS, GasCap - w/o CCS, NuclearCap, OilCap",966,0,100.0,966,100.0,966,100.0,828,85.71,966,100.0,10,"efficiency_decimal,lifetime_years,capital_cost_usd_per_mw,om_cost_usd_per_mw_per_yr,fuel_price,scenario_price",0,7,0.0,209,2025,2050,target,BRA
MUSE 1.0,SH,966,7,"BiomassCap, CoalCap - w/ CCS, CoalCap - w/o CCS, GasCap - w/ CCS, GasCap - w/o CCS, NuclearCap, OilCap",966,0,100.0,966,100.0,966,100.0,828,85.71,966,100.0,10,"efficiency_decimal,lifetime_years,capital_cost_usd_per_mw,om_cost_usd_per_mw_per_yr,fuel_price,scenario_price",0,7,0.0,209,2025,2050,target,BRA
NEMESIS 5.0,PR_NEMESIS_CP,2880,15,"BiomassCap, BiomassCap - w/ CCS, BiomassCap - w/o CCS, CoalCap, CoalCap - w/ CCS, CoalCap - w/o CCS, GasCap, GasCap - w/ CCS, GasCap - w/o CCS, GeothermalCap, HydroCap, NuclearCap, OilCap, WindCap - Offshore, WindCap - Onshore",2880,0,100.0,2880,100.0,2880,100.0,1920,66.67,2880,100.0,6,"efficiency_decimal(global),lifetime_years(global),capital_cost_usd_per_mw(global),om_cost_usd_per_mw_per_yr(global),fuel_price(global),scenario_price(global)",0,15,0.0,38,2025,2050,target,AUT
NEMESIS 5.0,PR_NEMESIS_NDC,2880,15,"BiomassCap, BiomassCap - w/ CCS, BiomassCap - w/o CCS, CoalCap, CoalCap - w/ CCS, CoalCap - w/o CCS, GasCap, GasCap - w/ CCS, GasCap - w/o CCS, GeothermalCap, HydroCap, NuclearCap, OilCap, WindCap - Offshore, WindCap - Onshore",2880,0,100.0,2880,100.0,2880,100.0,1920,66.67,2880,100.0,6,"efficiency_decimal(global),lifetime_years(global),capital_cost_usd_per_mw(global),om_cost_usd_per_mw_per_yr(global),fuel_price(global),scenario_price(global)",0,15,0.0,38,2025,2050,target,AUT
PECE-China 2.0,CO_2C,180,15,"BiomassCap, BiomassCap - w/ CCS, BiomassCap - w/o CCS, CoalCap, CoalCap - w/ CCS, CoalCap - w/o CCS, GasCap, GasCap - w/ CCS, GasCap - w/o CCS, GeothermalCap, HydroCap, NuclearCap, OilCap, OilCap - w/ CCS, OilCap - w/o CCS",180,0,100.0,180,100.0,180,100.0,144,80.0,180,100.0,3,"efficiency_decimal,lifetime_years,capital_cost_usd_per_mw,om_cost_usd_per_mw_per_yr,fuel_price,scenario_price",14,15,93.33,1,2025,2050,target,CHN
PECE-China 2.0,CO_Bridge,180,15,"BiomassCap, BiomassCap - w/ CCS, BiomassCap - w/o CCS, CoalCap, CoalCap - w/ CCS, CoalCap - w/o CCS, GasCap, GasCap - w/ CCS, GasCap - w/o CCS, GeothermalCap, HydroCap, NuclearCap, OilCap, OilCap - w/ CCS, OilCap - w/o CCS",180,0,100.0,180,100.0,180,100.0,144,80.0,180,100.0,3,"efficiency_decimal,lifetime_years,capital_cost_usd_per_mw,om_cost_usd_per_mw_per_yr,fuel_price,scenario_price",14,15,93.33,1,2025,2050,target,CHN
POLES ENGAGE,EN_INDCi2030_1000,1830,20,"BiomassCap, BiomassCap - w/ CCS, BiomassCap - w/o CCS, CoalCap, CoalCap - w/ CCS, CoalCap - w/o CCS, GasCap, GasCap - w/ CCS, GasCap - w/o CCS, GeothermalCap, HydroCap, Hydrogen, NuclearCap, OilCap, OilCap - w/ CCS, OilCap - w/o CCS, SolarCap - CSP, SolarCap - PV, WindCap - Offshore, WindCap - Onshore",1502,328,82.08,656,35.85,644,35.19,1020,55.74,1190,65.03,21,scenario_price,18,20,90.0,42,2025,2050,target,ARG
POLES ENGAGE,EN_INDCi2030_1000_COV,1842,20,"BiomassCap, BiomassCap - w/ CCS, BiomassCap - w/o CCS, CoalCap, CoalCap - w/ CCS, CoalCap - w/o CCS, GasCap, GasCap - w/ CCS, GasCap - w/o CCS, GeothermalCap, HydroCap, Hydrogen, NuclearCap, OilCap, OilCap - w/ CCS, OilCap - w/o CCS, SolarCap - CSP, SolarCap - PV, WindCap - Offshore, WindCap - Onshore",1482,360,80.46,660,35.83,648,35.18,1008,54.72,1122,60.91,22,"fuel_price,scenario_price",18,20,90.0,42,2025,2050,target,ARG
POLES ENGAGE,EN_INDCi2030_1000_COV_NDCp,1830,20,"BiomassCap, BiomassCap - w/ CCS, BiomassCap - w/o CCS, CoalCap, CoalCap - w/ CCS, CoalCap - w/o CCS, GasCap, GasCap - w/ CCS, GasCap - w/o CCS, GeothermalCap, HydroCap, Hydrogen, NuclearCap, OilCap, OilCap - w/ CCS, OilCap - w/o CCS, SolarCap - CSP, SolarCap - PV, WindCap - Offshore, WindCap - Onshore",1512,318,82.62,656,35.85,644,35.19,1002,54.75,1190,65.03,22,scenario_price,18,20,90.0,42,2025,2050,target,ARG
POLES ENGAGE,EN_INDCi2030_1000_NDCp,1851,20,"BiomassCap, BiomassCap - w/ CCS, BiomassCap - w/o CCS, CoalCap, CoalCap - w/ CCS, CoalCap - w/o CCS, GasCap, GasCap - w/ CCS, GasCap - w/o CCS, GeothermalCap, HydroCap, Hydrogen, NuclearCap, OilCap, OilCap - w/ CCS, OilCap - w/o CCS, SolarCap - CSP, SolarCap - PV, WindCap - Offshore, WindCap - Onshore",1464,387,79.09,663,35.82,651,35.17,1008,54.46,1071,57.86,22,"fuel_price,scenario_price",18,20,90.0,42,2025,2050,target,ARG
POLES ENGAGE,EN_INDCi2030_1000f,1836,20,"BiomassCap, BiomassCap - w/ CCS, BiomassCap - w/o CCS, CoalCap, CoalCap - w/ CCS, CoalCap - w/o CCS, GasCap, GasCap - w/ CCS, GasCap - w/o CCS, GeothermalCap, HydroCap, Hydrogen, NuclearCap, OilCap, OilCap - w/ CCS, OilCap - w/o CCS, SolarCap - CSP, SolarCap - PV, WindCap - Offshore, WindCap - Onshore",1490,346,81.15,658,35.84,646,35.19,957,52.12,1156,62.96,22,scenario_price,18,20,90.0,42,2025,2050,target,ARG
POLES ENGAGE,EN_INDCi2030_1000f_COV,1851,20,"BiomassCap, BiomassCap - w/ CCS, BiomassCap - w/o CCS, CoalCap, CoalCap - w/ CCS, CoalCap - w/o CCS, GasCap, GasCap - w/ CCS, GasCap - w/o CCS, GeothermalCap, HydroCap, Hydrogen, NuclearCap, OilCap, OilCap - w/ CCS, OilCap - w/o CCS, SolarCap - CSP, SolarCap - PV, WindCap - Offshore, WindCap - Onshore",1448,403,78.23,663,35.82,651,35.17,819,44.25,1071,57.86,22,scenario_price,18,20,90.0,42,2025,2050,target,ARG
POLES ENGAGE,EN_INDCi2030_1000f_COV_NDCp,1845,20,"BiomassCap, BiomassCap - w/ CCS, BiomassCap - w/o CCS, CoalCap, CoalCap - w/ CCS, CoalCap - w/o CCS, GasCap, GasCap - w/ CCS, GasCap - w/o CCS, GeothermalCap, HydroCap, Hydrogen, NuclearCap, OilCap, OilCap - w/ CCS, OilCap - w/o CCS, SolarCap - CSP, SolarCap - PV, WindCap - Offshore, WindCap - Onshore",1464,381,79.35,661,35.83,649,35.18,813,44.07,1105,59.89,22,scenario_price,18,20,90.0,42,2025,2050,target,ARG
POLES ENGAGE,EN_INDCi2030_1000f_NDCp,1878,20,"BiomassCap, BiomassCap - w/ CCS, BiomassCap - w/o CCS, CoalCap, CoalCap - w/ CCS, CoalCap - w/o CCS, GasCap, GasCap - w/ CCS, GasCap - w/o CCS, GeothermalCap, HydroCap, Hydrogen, NuclearCap, OilCap, OilCap - w/ CCS, OilCap - w/o CCS, SolarCap - CSP, SolarCap - PV, WindCap - Offshore, WindCap - Onshore",1402,476,74.65,672,35.78,660,35.14,891,47.44,918,48.88,22,scenario_price,18,20,90.0,42,2025,2050,target,ARG
POLES ENGAGE,EN_INDCi2030_1200,1842,20,"BiomassCap, BiomassCap - w/ CCS, BiomassCap - w/o CCS, CoalCap, CoalCap - w/ CCS, CoalCap - w/o CCS, GasCap, GasCap - w/ CCS, GasCap - w/o CCS, GeothermalCap, HydroCap, Hydrogen, NuclearCap, OilCap, OilCap - w/ CCS, OilCap - w/o CCS, SolarCap - CSP, SolarCap - PV, WindCap - Offshore, WindCap - Onshore",1470,372,79.8,660,35.83,648,35.18,873,47.39,1122,60.91,22,scenario_price,18,20,90.0,42,2025,2050,target,ARG
POLES ENGAGE,EN_INDCi2030_1200f,1845,20,"BiomassCap, BiomassCap - w/ CCS, BiomassCap - w/o CCS, CoalCap, CoalCap - w/ CCS, CoalCap - w/o CCS, GasCap, GasCap - w/ CCS, GasCap - w/o CCS, GeothermalCap, HydroCap, Hydrogen, NuclearCap, OilCap, OilCap - w/ CCS, OilCap - w/o CCS, SolarCap - CSP, SolarCap - PV, WindCap - Offshore, WindCap - Onshore",1446,399,78.37,661,35.83,649,35.18,678,36.75,1105,59.89,22,scenario_price,18,20,90.0,42,2025,2050,target,ARG
POLES ENGAGE,EN_INDCi2030_1400,1869,20,"BiomassCap, BiomassCap - w/ CCS, BiomassCap - w/o CCS, CoalCap, CoalCap - w/ CCS, CoalCap - w/o CCS, GasCap, GasCap - w/ CCS, GasCap - w/o CCS, GeothermalCap, HydroCap, Hydrogen, NuclearCap, OilCap, OilCap - w/ CCS, OilCap - w/o CCS, SolarCap - CSP, SolarCap - PV, WindCap - Offshore, WindCap - Onshore",1378,491,73.73,669,35.79,657,35.15,612,32.74,969,51.85,22,scenario_price,18,20,90.0,42,2025,2050,target,ARG
POLES ENGAGE,EN_INDCi2030_1400f,1869,20,"BiomassCap, BiomassCap - w/ CCS, BiomassCap - w/o CCS, CoalCap, CoalCap - w/ CCS, CoalCap - w/o CCS, GasCap, GasCap - w/ CCS, GasCap - w/o CCS, GeothermalCap, HydroCap, Hydrogen, NuclearCap, OilCap, OilCap - w/ CCS, OilCap - w/o CCS, SolarCap - CSP, SolarCap - PV, WindCap - Offshore, WindCap - Onshore",1378,491,73.73,669,35.79,657,35.15,612,32.74,969,51.85,22,scenario_price,18,20,90.0,42,2025,2050,target,ARG
POLES ENGAGE,EN_INDCi2030_1600,1896,20,"BiomassCap, BiomassCap - w/ CCS, BiomassCap - w/o CCS, CoalCap, CoalCap - w/ CCS, CoalCap - w/o CCS, GasCap, GasCap - w/ CCS, GasCap - w/o CCS, GeothermalCap, HydroCap, Hydrogen, NuclearCap, OilCap, OilCap - w/ CCS, OilCap - w/o CCS, SolarCap - CSP, SolarCap - PV, WindCap - Offshore, WindCap - Onshore",1310,586,69.09,678,35.76,666,35.13,612,32.28,816,43.04,22,scenario_price,18,20,90.0,42,2025,2050,target,ARG
POLES ENGAGE,EN_INDCi2030_1600f,1896,20,"BiomassCap, BiomassCap - w/ CCS, BiomassCap - w/o CCS, CoalCap, CoalCap - w/ CCS, CoalCap - w/o CCS, GasCap, GasCap - w/ CCS, GasCap - w/o CCS, GeothermalCap, HydroCap, Hydrogen, NuclearCap, OilCap, OilCap - w/ CCS, OilCap - w/o CCS, SolarCap - CSP, SolarCap - PV, WindCap - Offshore, WindCap - Onshore",1310,586,69.09,678,35.76,666,35.13,612,32.28,816,43.04,22,scenario_price,18,20,90.0,42,2025,2050,target,ARG
POLES ENGAGE,EN_INDCi2030_1800,1923,20,"BiomassCap, BiomassCap - w/ CCS, BiomassCap - w/o CCS, CoalCap, CoalCap - w/ CCS, CoalCap - w/o CCS, GasCap, GasCap - w/ CCS, GasCap - w/o CCS, GeothermalCap, HydroCap, Hydrogen, NuclearCap, OilCap, OilCap - w/ CCS, OilCap - w/o CCS, SolarCap - CSP, SolarCap - PV, WindCap - Offshore, WindCap - Onshore",1239,684,64.43,687,35.73,675,35.1,612,31.83,663,34.48,22,scenario_price,18,20,90.0,42,2025,2050,target,ARG
POLES ENGAGE,EN_INDCi2030_1800f,1923,20,"BiomassCap, BiomassCap - w/ CCS, BiomassCap - w/o CCS, CoalCap, CoalCap - w/ CCS, CoalCap - w/o CCS, GasCap, GasCap - w/ CCS, GasCap - w/o CCS, GeothermalCap, HydroCap, Hydrogen, NuclearCap, OilCap, OilCap - w/ CCS, OilCap - w/o CCS, SolarCap - CSP, SolarCap - PV, WindCap - Offshore, WindCap - Onshore",1239,684,64.43,687,35.73,675,35.1,612,31.83,663,34.48,22,scenario_price,18,20,90.0,42,2025,2050,target,ARG
POLES ENGAGE,EN_INDCi2030_2000,1935,20,"BiomassCap, BiomassCap - w/ CCS, BiomassCap - w/o CCS, CoalCap, CoalCap - w/ CCS, CoalCap - w/o CCS, GasCap, GasCap - w/ CCS, GasCap - w/o CCS, GeothermalCap, HydroCap, Hydrogen, NuclearCap, OilCap, OilCap - w/ CCS, OilCap - w/o CCS, SolarCap - CSP, SolarCap - PV, WindCap - Offshore, WindCap - Onshore",1207,728,62.38,691,35.71,679,35.09,612,31.63,595,30.75,22,scenario_price,18,20,90.0,42,2025,2050,target,ARG
POLES ENGAGE,EN_INDCi2030_2000f,1935,20,"BiomassCap, BiomassCap - w/ CCS, BiomassCap - w/o CCS, CoalCap, CoalCap - w/ CCS, CoalCap - w/o CCS, GasCap, GasCap - w/ CCS, GasCap - w/o CCS, GeothermalCap, HydroCap, Hydrogen, NuclearCap, OilCap, OilCap - w/ CCS, OilCap - w/o CCS, SolarCap - CSP, SolarCap - PV, WindCap - Offshore, WindCap - Onshore",1207,728,62.38,691,35.71,679,35.09,612,31.63,595,30.75,22,scenario_price,18,20,90.0,42,2025,2050,target,ARG
POLES ENGAGE,EN_INDCi2030_2500,1977,20,"BiomassCap, BiomassCap - w/ CCS, BiomassCap - w/o CCS, CoalCap, CoalCap - w/ CCS, CoalCap - w/o CCS, GasCap, GasCap - w/ CCS, GasCap - w/o CCS, GeothermalCap, HydroCap, Hydrogen, NuclearCap, OilCap, OilCap - w/ CCS, OilCap - w/o CCS, SolarCap - CSP, SolarCap - PV, WindCap - Offshore, WindCap - Onshore",1098,879,55.54,705,35.66,693,35.05,612,30.96,357,18.06,23,scenario_price,18,20,90.0,42,2025,2050,target,ARG
POLES ENGAGE,EN_INDCi2030_2500f,1977,20,"BiomassCap, BiomassCap - w/ CCS, BiomassCap - w/o CCS, CoalCap, CoalCap - w/ CCS, CoalCap - w/o CCS, GasCap, GasCap - w/ CCS, GasCap - w/o CCS, GeothermalCap, HydroCap, Hydrogen, NuclearCap, OilCap, OilCap - w/ CCS, OilCap - w/o CCS, SolarCap - CSP, SolarCap - PV, WindCap - Offshore, WindCap - Onshore",1098,879,55.54,705,35.66,693,35.05,612,30.96,357,18.06,23,scenario_price,18,20,90.0,42,2025,2050,target,ARG
POLES ENGAGE,EN_INDCi2030_3000,1986,20,"BiomassCap, BiomassCap - w/ CCS, BiomassCap - w/o CCS, CoalCap, CoalCap - w/ CCS, CoalCap - w/o CCS, GasCap, GasCap - w/ CCS, GasCap - w/o CCS, GeothermalCap, HydroCap, Hydrogen, NuclearCap, OilCap, OilCap - w/ CCS, OilCap - w/o CCS, SolarCap - CSP, SolarCap - PV, WindCap - Offshore, WindCap - Onshore",1074,912,54.08,708,35.65,696,35.05,612,30.82,306,15.41,23,scenario_price,18,20,90.0,42,2025,2050,target,ARG
POLES ENGAGE,EN_INDCi2030_3000f,1986,20,"BiomassCap, BiomassCap - w/ CCS, BiomassCap - w/o CCS, CoalCap, CoalCap - w/ CCS, CoalCap - w/o CCS, GasCap, GasCap - w/ CCS, GasCap - w/o CCS, GeothermalCap, HydroCap, Hydrogen, NuclearCap, OilCap, OilCap - w/ CCS, OilCap - w/o CCS, SolarCap - CSP, SolarCap - PV, WindCap - Offshore, WindCap - Onshore",1074,912,54.08,708,35.65,696,35.05,612,30.82,306,15.41,23,scenario_price,18,20,90.0,42,2025,2050,target,ARG
POLES ENGAGE,EN_INDCi2030_300f,1827,20,"BiomassCap, BiomassCap - w/ CCS, BiomassCap - w/o CCS, CoalCap, CoalCap - w/ CCS, CoalCap - w/o CCS, GasCap, GasCap - w/ CCS, GasCap - w/o CCS, GeothermalCap, HydroCap, Hydrogen, NuclearCap, OilCap, OilCap - w/ CCS, OilCap - w/o CCS, SolarCap - CSP, SolarCap - PV, WindCap - Offshore, WindCap - Onshore",1504,323,82.32,655,35.85,643,35.19,1017,55.67,1207,66.06,23,scenario_price,18,20,90.0,42,2025,2050,target,ARG
POLES ENGAGE,EN_INDCi2030_400f,1827,20,"BiomassCap, BiomassCap - w/ CCS, BiomassCap - w/o CCS, CoalCap, CoalCap - w/ CCS, CoalCap - w/o CCS, GasCap, GasCap - w/ CCS, GasCap - w/o CCS, GeothermalCap, HydroCap, Hydrogen, NuclearCap, OilCap, OilCap - w/ CCS, OilCap - w/o CCS, SolarCap - CSP, SolarCap - PV, WindCap - Offshore, WindCap - Onshore",1500,327,82.1,655,35.85,643,35.19,1011,55.34,1207,66.06,23,scenario_price,18,20,90.0,42,2025,2050,target,ARG
POLES ENGAGE,EN_INDCi2030_500f,1824,20,"BiomassCap, BiomassCap - w/ CCS, BiomassCap - w/o CCS, CoalCap, CoalCap - w/ CCS, CoalCap - w/o CCS, GasCap, GasCap - w/ CCS, GasCap - w/o CCS, GeothermalCap, HydroCap, Hydrogen, NuclearCap, OilCap, OilCap - w/ CCS, OilCap - w/o CCS, SolarCap - CSP, SolarCap - PV, WindCap - Offshore, WindCap - Onshore",1510,314,82.79,654,35.86,642,35.2,1020,55.92,1224,67.11,23,scenario_price,18,20,90.0,42,2025,2050,target,ARG
POLES ENGAGE,EN_INDCi2030_600f,1824,20,"BiomassCap, BiomassCap - w/ CCS, BiomassCap - w/o CCS, CoalCap, CoalCap - w/ CCS, CoalCap - w/o CCS, GasCap, GasCap - w/ CCS, GasCap - w/o CCS, GeothermalCap, HydroCap, Hydrogen, NuclearCap, OilCap, OilCap - w/ CCS, OilCap - w/o CCS, SolarCap - CSP, SolarCap - PV, WindCap - Offshore, WindCap - Onshore",1510,314,82.79,654,35.86,642,35.2,1020,55.92,1224,67.11,23,scenario_price,18,20,90.0,42,2025,2050,target,ARG
POLES ENGAGE,EN_INDCi2030_600f_COV,1839,20,"BiomassCap, BiomassCap - w/ CCS, BiomassCap - w/o CCS, CoalCap, CoalCap - w/ CCS, CoalCap - w/o CCS, GasCap, GasCap - w/ CCS, GasCap - w/o CCS, GeothermalCap, HydroCap, Hydrogen, NuclearCap, OilCap, OilCap - w/ CCS, OilCap - w/o CCS, SolarCap - CSP, SolarCap - PV, WindCap - Offshore, WindCap - Onshore",1484,355,80.7,659,35.83,647,35.18,1017,55.3,1139,61.94,23,"fuel_price,scenario_price",18,20,90.0,42,2025,2050,target,ARG
POLES ENGAGE,EN_INDCi2030_600f_COV_NDCp,1827,20,"BiomassCap, BiomassCap - w/ CCS, BiomassCap - w/o CCS, CoalCap, CoalCap - w/ CCS, CoalCap - w/o CCS, GasCap, GasCap - w/ CCS, GasCap - w/o CCS, GeothermalCap, HydroCap, Hydrogen, NuclearCap, OilCap, OilCap - w/ CCS, OilCap - w/o CCS, SolarCap - CSP, SolarCap - PV, WindCap - Offshore, WindCap - Onshore",1516,311,82.98,655,35.85,643,35.19,1020,55.83,1207,66.06,23,scenario_price,18,20,90.0,42,2025,2050,target,ARG
POLES ENGAGE,EN_INDCi2030_600f_NDCp,1851,20,"BiomassCap, BiomassCap - w/ CCS, BiomassCap - w/o CCS, CoalCap, CoalCap - w/ CCS, CoalCap - w/o CCS, GasCap, GasCap - w/ CCS, GasCap - w/o CCS, GeothermalCap, HydroCap, Hydrogen, NuclearCap, OilCap, OilCap - w/ CCS, OilCap - w/o CCS, SolarCap - CSP, SolarCap - PV, WindCap - Offshore, WindCap - Onshore",1464,387,79.09,663,35.82,651,35.17,1020,55.11,1071,57.86,23,"fuel_price,scenario_price",18,20,90.0,42,2025,2050,target,ARG
POLES ENGAGE,EN_INDCi2030_700f,1830,20,"BiomassCap, BiomassCap - w/ CCS, BiomassCap - w/o CCS, CoalCap, CoalCap - w/ CCS, CoalCap - w/o CCS, GasCap, GasCap - w/ CCS, GasCap - w/o CCS, GeothermalCap, HydroCap, Hydrogen, NuclearCap, OilCap, OilCap - w/ CCS, OilCap - w/o CCS, SolarCap - CSP, SolarCap - PV, WindCap - Offshore, WindCap - Onshore",1502,328,82.08,656,35.85,644,35.19,1020,55.74,1190,65.03,23,scenario_price,18,20,90.0,42,2025,2050,target,ARG
POLES ENGAGE,EN_INDCi2030_800f,1833,20,"BiomassCap, BiomassCap - w/ CCS, BiomassCap - w/o CCS, CoalCap, CoalCap - w/ CCS, CoalCap - w/o CCS, GasCap, GasCap - w/ CCS, GasCap - w/o CCS, GeothermalCap, HydroCap, Hydrogen, NuclearCap, OilCap, OilCap - w/ CCS, OilCap - w/o CCS, SolarCap - CSP, SolarCap - PV, WindCap - Offshore, WindCap - Onshore",1498,335,81.72,657,35.84,645,35.19,1008,54.99,1173,63.99,22,scenario_price,18,20,90.0,42,2025,2050,target,ARG
POLES ENGAGE,EN_INDCi2030_900,1827,20,"BiomassCap, BiomassCap - w/ CCS, BiomassCap - w/o CCS, CoalCap, CoalCap - w/ CCS, CoalCap - w/o CCS, GasCap, GasCap - w/ CCS, GasCap - w/o CCS, GeothermalCap, HydroCap, Hydrogen, NuclearCap, OilCap, OilCap - w/ CCS, OilCap - w/o CCS, SolarCap - CSP, SolarCap - PV, WindCap - Offshore, WindCap - Onshore",1504,323,82.32,655,35.85,643,35.19,1017,55.67,1207,66.06,23,scenario_price,18,20,90.0,42,2025,2050,target,ARG
POLES ENGAGE,EN_INDCi2030_900f,1836,20,"BiomassCap, BiomassCap - w/ CCS, BiomassCap - w/o CCS, CoalCap, CoalCap - w/ CCS, CoalCap - w/o CCS, GasCap, GasCap - w/ CCS, GasCap - w/o CCS, GeothermalCap, HydroCap, Hydrogen, NuclearCap, OilCap, OilCap - w/ CCS, OilCap - w/o CCS, SolarCap - CSP, SolarCap - PV, WindCap - Offshore, WindCap - Onshore",1494,342,81.37,658,35.84,646,35.19,993,54.08,1156,62.96,22,scenario_price,18,20,90.0,42,2025,2050,target,ARG
POLES ENGAGE,EN_INDCi2100,2019,20,"BiomassCap, BiomassCap - w/ CCS, BiomassCap - w/o CCS, CoalCap, CoalCap - w/ CCS, CoalCap - w/o CCS, GasCap, GasCap - w/ CCS, GasCap - w/o CCS, GeothermalCap, HydroCap, Hydrogen, NuclearCap, OilCap, OilCap - w/ CCS, OilCap - w/o CCS, SolarCap - CSP, SolarCap - PV, WindCap - Offshore, WindCap - Onshore",980,1039,48.54,719,35.61,707,35.02,612,30.31,119,5.89,18,"efficiency_decimal(oil_coal_gas_avg),lifetime_years(oil_coal_gas_avg),capital_cost_usd_per_mw(oil_coal_gas_avg),om_cost_usd_per_mw_per_yr(oil_coal_gas_avg),fuel_price",18,20,90.0,42,2025,2050,target,ARG
POLES ENGAGE,EN_INDCi2100_COV,2019,20,"BiomassCap, BiomassCap - w/ CCS, BiomassCap - w/o CCS, CoalCap, CoalCap - w/ CCS, CoalCap - w/o CCS, GasCap, GasCap - w/ CCS, GasCap - w/o CCS, GeothermalCap, HydroCap, Hydrogen, NuclearCap, OilCap, OilCap - w/ CCS, OilCap - w/o CCS, SolarCap - CSP, SolarCap - PV, WindCap - Offshore, WindCap - Onshore",980,1039,48.54,719,35.61,707,35.02,612,30.31,119,5.89,18,"efficiency_decimal(oil_coal_gas_avg),lifetime_years(oil_coal_gas_avg),capital_cost_usd_per_mw(oil_coal_gas_avg),om_cost_usd_per_mw_per_yr(oil_coal_gas_avg),fuel_price",18,20,90.0,42,2025,2050,target,ARG
POLES ENGAGE,EN_INDCi2100_COV_NDCp,2013,20,"BiomassCap, BiomassCap - w/ CCS, BiomassCap - w/o CCS, CoalCap, CoalCap - w/ CCS, CoalCap - w/o CCS, GasCap, GasCap - w/ CCS, GasCap - w/o CCS, GeothermalCap, HydroCap, Hydrogen, NuclearCap, OilCap, OilCap - w/ CCS, OilCap - w/o CCS, SolarCap - CSP, SolarCap - PV, WindCap - Offshore, WindCap - Onshore",996,1017,49.48,717,35.62,705,35.02,612,30.4,153,7.6,18,"efficiency_decimal(oil_coal_gas_avg),lifetime_years(oil_coal_gas_avg),capital_cost_usd_per_mw(oil_coal_gas_avg),om_cost_usd_per_mw_per_yr(oil_coal_gas_avg),fuel_price",18,20,90.0,42,2025,2050,target,ARG
POLES ENGAGE,EN_INDCi2100_NDCp,2010,20,"BiomassCap, BiomassCap - w/ CCS, BiomassCap - w/o CCS, CoalCap, CoalCap - w/ CCS, CoalCap - w/o CCS, GasCap, GasCap - w/ CCS, GasCap - w/o CCS, GeothermalCap, HydroCap, Hydrogen, NuclearCap, OilCap, OilCap - w/ CCS, OilCap - w/o CCS, SolarCap - CSP, SolarCap - PV, WindCap - Offshore, WindCap - Onshore",1004,1006,49.95,716,35.62,704,35.02,612,30.45,170,8.46,18,"efficiency_decimal(oil_coal_gas_avg),lifetime_years(oil_coal_gas_avg),capital_cost_usd_per_mw(oil_coal_gas_avg),om_cost_usd_per_mw_per_yr(oil_coal_gas_avg),fuel_price",18,20,90.0,42,2025,2050,target,ARG
POLES ENGAGE,EN_NPi2020_1000,1821,20,"BiomassCap, BiomassCap - w/ CCS, BiomassCap - w/o CCS, CoalCap, CoalCap - w/ CCS, CoalCap - w/o CCS, GasCap, GasCap - w/ CCS, GasCap - w/o CCS, GeothermalCap, HydroCap, Hydrogen, NuclearCap, OilCap, OilCap - w/ CCS, OilCap - w/o CCS, SolarCap - CSP, SolarCap - PV, WindCap - Offshore, WindCap - Onshore",1528,293,83.91,653,35.86,641,35.2,867,47.61,1241,68.15,22,scenario_price,18,20,90.0,42,2025,2050,target,ARG
POLES ENGAGE,EN_NPi2020_1000_COV,1827,20,"BiomassCap, BiomassCap - w/ CCS, BiomassCap - w/o CCS, CoalCap, CoalCap - w/ CCS, CoalCap - w/o CCS, GasCap, GasCap - w/ CCS, GasCap - w/o CCS, GeothermalCap, HydroCap, Hydrogen, NuclearCap, OilCap, OilCap - w/ CCS, OilCap - w/o CCS, SolarCap - CSP, SolarCap - PV, WindCap - Offshore, WindCap - Onshore",1509,318,82.59,655,35.85,643,35.19,798,43.68,1207,66.06,22,scenario_price,18,20,90.0,42,2025,2050,target,ARG
POLES ENGAGE,EN_NPi2020_1000f,1863,20,"BiomassCap, BiomassCap - w/ CCS, BiomassCap - w/o CCS, CoalCap, CoalCap - w/ CCS, CoalCap - w/o CCS, GasCap, GasCap - w/ CCS, GasCap - w/o CCS, GeothermalCap, HydroCap, Hydrogen, NuclearCap, OilCap, OilCap - w/ CCS, OilCap - w/o CCS, SolarCap - CSP, SolarCap - PV, WindCap - Offshore, WindCap - Onshore",1404,459,75.36,667,35.8,655,35.16,726,38.97,1003,53.84,22,scenario_price,18,20,90.0,42,2025,2050,target,ARG
POLES ENGAGE,EN_NPi2020_1000f_COV,1869,20,"BiomassCap, BiomassCap - w/ CCS, BiomassCap - w/o CCS, CoalCap, CoalCap - w/ CCS, CoalCap - w/o CCS, GasCap, GasCap - w/ CCS, GasCap - w/o CCS, GeothermalCap, HydroCap, Hydrogen, NuclearCap, OilCap, OilCap - w/ CCS, OilCap - w/o CCS, SolarCap - CSP, SolarCap - PV, WindCap - Offshore, WindCap - Onshore",1382,487,73.94,669,35.79,657,35.15,663,35.47,969,51.85,22,scenario_price,18,20,90.0,42,2025,2050,target,ARG
POLES ENGAGE,EN_NPi2020_1200,1869,20,"BiomassCap, BiomassCap - w/ CCS, BiomassCap - w/o CCS, CoalCap, CoalCap - w/ CCS, CoalCap - w/o CCS, GasCap, GasCap - w/ CCS, GasCap - w/o CCS, GeothermalCap, HydroCap, Hydrogen, NuclearCap, OilCap, OilCap - w/ CCS, OilCap - w/o CCS, SolarCap - CSP, SolarCap - PV, WindCap - Offshore, WindCap - Onshore",1384,485,74.05,669,35.79,657,35.15,648,34.67,969,51.85,22,scenario_price,18,20,90.0,42,2025,2050,target,ARG
POLES ENGAGE,EN_NPi2020_1200f,1887,20,"BiomassCap, BiomassCap - w/ CCS, BiomassCap - w/o CCS, CoalCap, CoalCap - w/ CCS, CoalCap - w/o CCS, GasCap, GasCap - w/ CCS, GasCap - w/o CCS, GeothermalCap, HydroCap, Hydrogen, NuclearCap, OilCap, OilCap - w/ CCS, OilCap - w/o CCS, SolarCap - CSP, SolarCap - PV, WindCap - Offshore, WindCap - Onshore",1331,556,70.54,675,35.77,663,35.14,627,33.23,867,45.95,22,scenario_price,18,20,90.0,42,2025,2050,target,ARG
POLES ENGAGE,EN_NPi2020_1400,1917,20,"BiomassCap, BiomassCap - w/ CCS, BiomassCap - w/o CCS, CoalCap, CoalCap - w/ CCS, CoalCap - w/o CCS, GasCap, GasCap - w/ CCS, GasCap - w/o CCS, GeothermalCap, HydroCap, Hydrogen, NuclearCap, OilCap, OilCap - w/ CCS, OilCap - w/o CCS, SolarCap - CSP, SolarCap - PV, WindCap - Offshore, WindCap - Onshore",1254,663,65.41,685,35.73,673,35.11,612,31.92,697,36.36,22,scenario_price,18,20,90.0,42,2025,2050,target,ARG
POLES ENGAGE,EN_NPi2020_1400f,1929,20,"BiomassCap, BiomassCap - w/ CCS, BiomassCap - w/o CCS, CoalCap, CoalCap - w/ CCS, CoalCap - w/o CCS, GasCap, GasCap - w/ CCS, GasCap - w/o CCS, GeothermalCap, HydroCap, Hydrogen, NuclearCap, OilCap, OilCap - w/ CCS, OilCap - w/o CCS, SolarCap - CSP, SolarCap - PV, WindCap - Offshore, WindCap - Onshore",1223,706,63.4,689,35.72,677,35.1,612,31.73,629,32.61,22,scenario_price,18,20,90.0,42,2025,2050,target,ARG
POLES ENGAGE,EN_NPi2020_1600,1944,20,"BiomassCap, BiomassCap - w/ CCS, BiomassCap - w/o CCS, CoalCap, CoalCap - w/ CCS, CoalCap - w/o CCS, GasCap, GasCap - w/ CCS, GasCap - w/o CCS, GeothermalCap, HydroCap, Hydrogen, NuclearCap, OilCap, OilCap - w/ CCS, OilCap - w/o CCS, SolarCap - CSP, SolarCap - PV, WindCap - Offshore, WindCap - Onshore",1184,760,60.91,694,35.7,682,35.08,612,31.48,544,27.98,22,scenario_price,18,20,90.0,42,2025,2050,target,ARG
POLES ENGAGE,EN_NPi2020_1600f,1944,20,"BiomassCap, BiomassCap - w/ CCS, BiomassCap - w/o CCS, CoalCap, CoalCap - w/ CCS, CoalCap - w/o CCS, GasCap, GasCap - w/ CCS, GasCap - w/o CCS, GeothermalCap, HydroCap, Hydrogen, NuclearCap, OilCap, OilCap - w/ CCS, OilCap - w/o CCS, SolarCap - CSP, SolarCap - PV, WindCap - Offshore, WindCap - Onshore",1184,760,60.91,694,35.7,682,35.08,612,31.48,544,27.98,22,scenario_price,18,20,90.0,42,2025,2050,target,ARG
POLES ENGAGE,EN_NPi2020_1800,1962,20,"BiomassCap, BiomassCap - w/ CCS, BiomassCap - w/o CCS, CoalCap, CoalCap - w/ CCS, CoalCap - w/o CCS, GasCap, GasCap - w/ CCS, GasCap - w/o CCS, GeothermalCap, HydroCap, Hydrogen, NuclearCap, OilCap, OilCap - w/ CCS, OilCap - w/o CCS, SolarCap - CSP, SolarCap - PV, WindCap - Offshore, WindCap - Onshore",1137,825,57.95,700,35.68,688,35.07,612,31.19,442,22.53,22,scenario_price,18,20,90.0,42,2025,2050,target,ARG
POLES ENGAGE,EN_NPi2020_1800f,1962,20,"BiomassCap, BiomassCap - w/ CCS, BiomassCap - w/o CCS, CoalCap, CoalCap - w/ CCS, CoalCap - w/o CCS, GasCap, GasCap - w/ CCS, GasCap - w/o CCS, GeothermalCap, HydroCap, Hydrogen, NuclearCap, OilCap, OilCap - w/ CCS, OilCap - w/o CCS, SolarCap - CSP, SolarCap - PV, WindCap - Offshore, WindCap - Onshore",1137,825,57.95,700,35.68,688,35.07,612,31.19,442,22.53,22,scenario_price,18,20,90.0,42,2025,2050,target,ARG
POLES ENGAGE,EN_NPi2020_2000,1980,20,"BiomassCap, BiomassCap - w/ CCS, BiomassCap - w/o CCS, CoalCap, CoalCap - w/ CCS, CoalCap - w/o CCS, GasCap, GasCap - w/ CCS, GasCap - w/o CCS, GeothermalCap, HydroCap, Hydrogen, NuclearCap, OilCap, OilCap - w/ CCS, OilCap - w/o CCS, SolarCap - CSP, SolarCap - PV, WindCap - Offshore, WindCap - Onshore",1090,890,55.05,706,35.66,694,35.05,612,30.91,340,17.17,21,scenario_price,18,20,90.0,42,2025,2050,target,ARG
POLES ENGAGE,EN_NPi2020_2000f,1980,20,"BiomassCap, BiomassCap - w/ CCS, BiomassCap - w/o CCS, CoalCap, CoalCap - w/ CCS, CoalCap - w/o CCS, GasCap, GasCap - w/ CCS, GasCap - w/o CCS, GeothermalCap, HydroCap, Hydrogen, NuclearCap, OilCap, OilCap - w/ CCS, OilCap - w/o CCS, SolarCap - CSP, SolarCap - PV, WindCap - Offshore, WindCap - Onshore",1090,890,55.05,706,35.66,694,35.05,612,30.91,340,17.17,21,scenario_price,18,20,90.0,42,2025,2050,target,ARG
POLES ENGAGE,EN_NPi2020_2500,1989,20,"BiomassCap, BiomassCap - w/ CCS, BiomassCap - w/o CCS, CoalCap, CoalCap - w/ CCS, CoalCap - w/o CCS, GasCap, GasCap - w/ CCS, GasCap - w/o CCS, GeothermalCap, HydroCap, Hydrogen, NuclearCap, OilCap, OilCap - w/ CCS, OilCap - w/o CCS, SolarCap - CSP, SolarCap - PV, WindCap - Offshore, WindCap - Onshore",1066,923,53.59,709,35.65,697,35.04,612,30.77,289,14.53,23,"efficiency_decimal(oil_coal_gas_avg),lifetime_years(oil_coal_gas_avg),capital_cost_usd_per_mw(oil_coal_gas_avg),om_cost_usd_per_mw_per_yr(oil_coal_gas_avg),fuel_price",18,20,90.0,42,2025,2050,target,ARG
POLES ENGAGE,EN_NPi2020_2500f,1989,20,"BiomassCap, BiomassCap - w/ CCS, BiomassCap - w/o CCS, CoalCap, CoalCap - w/ CCS, CoalCap - w/o CCS, GasCap, GasCap - w/ CCS, GasCap - w/o CCS, GeothermalCap, HydroCap, Hydrogen, NuclearCap, OilCap, OilCap - w/ CCS, OilCap - w/o CCS, SolarCap - CSP, SolarCap - PV, WindCap - Offshore, WindCap - Onshore",1066,923,53.59,709,35.65,697,35.04,612,30.77,289,14.53,23,"efficiency_decimal(oil_coal_gas_avg),lifetime_years(oil_coal_gas_avg),capital_cost_usd_per_mw(oil_coal_gas_avg),om_cost_usd_per_mw_per_yr(oil_coal_gas_avg),fuel_price",18,20,90.0,42,2025,2050,target,ARG
POLES ENGAGE,EN_NPi2020_3000,1989,20,"BiomassCap, BiomassCap - w/ CCS, BiomassCap - w/o CCS, CoalCap, CoalCap - w/ CCS, CoalCap - w/o CCS, GasCap, GasCap - w/ CCS, GasCap - w/o CCS, GeothermalCap, HydroCap, Hydrogen, NuclearCap, OilCap, OilCap - w/ CCS, OilCap - w/o CCS, SolarCap - CSP, SolarCap - PV, WindCap - Offshore, WindCap - Onshore",1066,923,53.59,709,35.65,697,35.04,612,30.77,289,14.53,23,"efficiency_decimal(oil_coal_gas_avg),lifetime_years(oil_coal_gas_avg),capital_cost_usd_per_mw(oil_coal_gas_avg),om_cost_usd_per_mw_per_yr(oil_coal_gas_avg),fuel_price",18,20,90.0,42,2025,2050,target,ARG
POLES ENGAGE,EN_NPi2020_3000f,1989,20,"BiomassCap, BiomassCap - w/ CCS, BiomassCap - w/o CCS, CoalCap, CoalCap - w/ CCS, CoalCap - w/o CCS, GasCap, GasCap - w/ CCS, GasCap - w/o CCS, GeothermalCap, HydroCap, Hydrogen, NuclearCap, OilCap, OilCap - w/ CCS, OilCap - w/o CCS, SolarCap - CSP, SolarCap - PV, WindCap - Offshore, WindCap - Onshore",1066,923,53.59,709,35.65,697,35.04,612,30.77,289,14.53,23,"efficiency_decimal(oil_coal_gas_avg),lifetime_years(oil_coal_gas_avg),capital_cost_usd_per_mw(oil_coal_gas_avg),om_cost_usd_per_mw_per_yr(oil_coal_gas_avg),fuel_price",18,20,90.0,42,2025,2050,target,ARG
POLES ENGAGE,EN_NPi2020_300f,1773,20,"BiomassCap, BiomassCap - w/ CCS, BiomassCap - w/o CCS, CoalCap, CoalCap - w/ CCS, CoalCap - w/o CCS, GasCap, GasCap - w/ CCS, GasCap - w/o CCS, GeothermalCap, HydroCap, Hydrogen, NuclearCap, OilCap, OilCap - w/ CCS, OilCap - w/o CCS, SolarCap - CSP, SolarCap - PV, WindCap - Offshore, WindCap - Onshore",1654,119,93.29,637,35.93,625,35.25,1074,60.58,1513,85.34,22,scenario_price,18,20,90.0,42,2025,2050,target,ARG
POLES ENGAGE,EN_NPi2020_400f,1773,20,"BiomassCap, BiomassCap - w/ CCS, BiomassCap - w/o CCS, CoalCap, CoalCap - w/ CCS, CoalCap - w/o CCS, GasCap, GasCap - w/ CCS, GasCap - w/o CCS, GeothermalCap, HydroCap, Hydrogen, NuclearCap, OilCap, OilCap - w/ CCS, OilCap - w/o CCS, SolarCap - CSP, SolarCap - PV, WindCap - Offshore, WindCap - Onshore",1652,121,93.18,637,35.93,625,35.25,1068,60.24,1513,85.34,22,scenario_price,18,20,90.0,42,2025,2050,target,ARG
POLES ENGAGE,EN_NPi2020_500,1746,20,"BiomassCap, BiomassCap - w/ CCS, BiomassCap - w/o CCS, CoalCap, CoalCap - w/ CCS, CoalCap - w/o CCS, GasCap, GasCap - w/ CCS, GasCap - w/o CCS, GeothermalCap, HydroCap, Hydrogen, NuclearCap, OilCap, OilCap - w/ CCS, OilCap - w/o CCS, SolarCap - CSP, SolarCap - PV, WindCap - Offshore, WindCap - Onshore",1714,32,98.17,628,35.97,616,35.28,1218,69.76,1666,95.42,20,"fuel_price,scenario_price",18,20,90.0,42,2025,2050,target,ARG
POLES ENGAGE,EN_NPi2020_500f,1791,20,"BiomassCap, BiomassCap - w/ CCS, BiomassCap - w/o CCS, CoalCap, CoalCap - w/ CCS, CoalCap - w/o CCS, GasCap, GasCap - w/ CCS, GasCap - w/o CCS, GeothermalCap, HydroCap, Hydrogen, NuclearCap, OilCap, OilCap - w/ CCS, OilCap - w/o CCS, SolarCap - CSP, SolarCap - PV, WindCap - Offshore, WindCap - Onshore",1605,186,89.61,643,35.9,631,35.23,1008,56.28,1411,78.78,24,scenario_price,18,20,90.0,42,2025,2050,target,ARG
POLES ENGAGE,EN_NPi2020_600,1752,20,"BiomassCap, BiomassCap - w/ CCS, BiomassCap - w/o CCS, CoalCap, CoalCap - w/ CCS, CoalCap - w/o CCS, GasCap, GasCap - w/ CCS, GasCap - w/o CCS, GeothermalCap, HydroCap, Hydrogen, NuclearCap, OilCap, OilCap - w/ CCS, OilCap - w/o CCS, SolarCap - CSP, SolarCap - PV, WindCap - Offshore, WindCap - Onshore",1706,46,97.37,630,35.96,618,35.27,1218,69.52,1632,93.15,20,"fuel_price,scenario_price",18,20,90.0,42,2025,2050,target,ARG
POLES ENGAGE,EN_NPi2020_600f,1809,20,"BiomassCap, BiomassCap - w/ CCS, BiomassCap - w/o CCS, CoalCap, CoalCap - w/ CCS, CoalCap - w/o CCS, GasCap, GasCap - w/ CCS, GasCap - w/o CCS, GeothermalCap, HydroCap, Hydrogen, NuclearCap, OilCap, OilCap - w/ CCS, OilCap - w/o CCS, SolarCap - CSP, SolarCap - PV, WindCap - Offshore, WindCap - Onshore",1560,249,86.24,649,35.88,637,35.21,969,53.57,1309,72.36,24,scenario_price,18,20,90.0,42,2025,2050,target,ARG
POLES ENGAGE,EN_NPi2020_600f_COV,1809,20,"BiomassCap, BiomassCap - w/ CCS, BiomassCap - w/o CCS, CoalCap, CoalCap - w/ CCS, CoalCap - w/o CCS, GasCap, GasCap - w/ CCS, GasCap - w/o CCS, GeothermalCap, HydroCap, Hydrogen, NuclearCap, OilCap, OilCap - w/ CCS, OilCap - w/o CCS, SolarCap - CSP, SolarCap - PV, WindCap - Offshore, WindCap - Onshore",1564,245,86.46,649,35.88,637,35.21,966,53.4,1309,72.36,24,scenario_price,18,20,90.0,42,2025,2050,target,ARG
POLES ENGAGE,EN_NPi2020_700,1764,20,"BiomassCap, BiomassCap - w/ CCS, BiomassCap - w/o CCS, CoalCap, CoalCap - w/ CCS, CoalCap - w/o CCS, GasCap, GasCap - w/ CCS, GasCap - w/o CCS, GeothermalCap, HydroCap, Hydrogen, NuclearCap, OilCap, OilCap - w/ CCS, OilCap - w/o CCS, SolarCap - CSP, SolarCap - PV, WindCap - Offshore, WindCap - Onshore",1682,82,95.35,634,35.94,622,35.26,1122,63.61,1564,88.66,22,scenario_price,18,20,90.0,42,2025,2050,target,ARG
POLES ENGAGE,EN_NPi2020_700f,1821,20,"BiomassCap, BiomassCap - w/ CCS, BiomassCap - w/o CCS, CoalCap, CoalCap - w/ CCS, CoalCap - w/o CCS, GasCap, GasCap - w/ CCS, GasCap - w/o CCS, GeothermalCap, HydroCap, Hydrogen, NuclearCap, OilCap, OilCap - w/ CCS, OilCap - w/o CCS, SolarCap - CSP, SolarCap - PV, WindCap - Offshore, WindCap - Onshore",1524,297,83.69,653,35.86,641,35.2,867,47.61,1241,68.15,24,scenario_price,18,20,90.0,42,2025,2050,target,ARG
POLES ENGAGE,EN_NPi2020_800,1791,20,"BiomassCap, BiomassCap - w/ CCS, BiomassCap - w/o CCS, CoalCap, CoalCap - w/ CCS, CoalCap - w/o CCS, GasCap, GasCap - w/ CCS, GasCap - w/o CCS, GeothermalCap, HydroCap, Hydrogen, NuclearCap, OilCap, OilCap - w/ CCS, OilCap - w/o CCS, SolarCap - CSP, SolarCap - PV, WindCap - Offshore, WindCap - Onshore",1611,180,89.95,643,35.9,631,35.23,1020,56.95,1411,78.78,24,scenario_price,18,20,90.0,42,2025,2050,target,ARG
POLES ENGAGE,EN_NPi2020_800f,1824,20,"BiomassCap, BiomassCap - w/ CCS, BiomassCap - w/o CCS, CoalCap, CoalCap - w/ CCS, CoalCap - w/o CCS, GasCap, GasCap - w/ CCS, GasCap - w/o CCS, GeothermalCap, HydroCap, Hydrogen, NuclearCap, OilCap, OilCap - w/ CCS, OilCap - w/o CCS, SolarCap - CSP, SolarCap - PV, WindCap - Offshore, WindCap - Onshore",1512,312,82.89,654,35.86,642,35.2,834,45.72,1224,67.11,22,scenario_price,18,20,90.0,42,2025,2050,target,ARG
POLES ENGAGE,EN_NPi2020_900,1812,20,"BiomassCap, BiomassCap - w/ CCS, BiomassCap - w/o CCS, CoalCap, CoalCap - w/ CCS, CoalCap - w/o CCS, GasCap, GasCap - w/ CCS, GasCap - w/o CCS, GeothermalCap, HydroCap, Hydrogen, NuclearCap, OilCap, OilCap - w/ CCS, OilCap - w/o CCS, SolarCap - CSP, SolarCap - PV, WindCap - Offshore, WindCap - Onshore",1556,256,85.87,650,35.87,638,35.21,969,53.48,1292,71.3,24,scenario_price,18,20,90.0,42,2025,2050,target,ARG
POLES ENGAGE,EN_NPi2020_900f,1836,20,"BiomassCap, BiomassCap - w/ CCS, BiomassCap - w/o CCS, CoalCap, CoalCap - w/ CCS, CoalCap - w/o CCS, GasCap, GasCap - w/ CCS, GasCap - w/o CCS, GeothermalCap, HydroCap, Hydrogen, NuclearCap, OilCap, OilCap - w/ CCS, OilCap - w/o CCS, SolarCap - CSP, SolarCap - PV, WindCap - Offshore, WindCap - Onshore",1477,359,80.45,658,35.84,646,35.19,765,41.67,1156,62.96,22,scenario_price,18,20,90.0,42,2025,2050,target,ARG
POLES ENGAGE,EN_NPi2100,2037,20,"BiomassCap, BiomassCap - w/ CCS, BiomassCap - w/o CCS, CoalCap, CoalCap - w/ CCS, CoalCap - w/o CCS, GasCap, GasCap - w/ CCS, GasCap - w/o CCS, GeothermalCap, HydroCap, Hydrogen, NuclearCap, OilCap, OilCap - w/ CCS, OilCap - w/o CCS, SolarCap - CSP, SolarCap - PV, WindCap - Offshore, WindCap - Onshore",938,1099,46.05,725,35.59,713,35.0,612,30.04,17,0.83,17,"efficiency_decimal(oil_coal_gas_avg),lifetime_years(oil_coal_gas_avg),capital_cost_usd_per_mw(oil_coal_gas_avg),om_cost_usd_per_mw_per_yr(oil_coal_gas_avg),fuel_price",18,20,90.0,42,2025,2050,target,ARG
POLES ENGAGE,EN_NPi2100_COV,2040,20,"BiomassCap, BiomassCap - w/ CCS, BiomassCap - w/o CCS, CoalCap, CoalCap - w/ CCS, CoalCap - w/o CCS, GasCap, GasCap - w/ CCS, GasCap - w/o CCS, GeothermalCap, HydroCap, Hydrogen, NuclearCap, OilCap, OilCap - w/ CCS, OilCap - w/o CCS, SolarCap - CSP, SolarCap - PV, WindCap - Offshore, WindCap - Onshore",930,1110,45.59,726,35.59,714,35.0,612,30.0,0,0.0,12,"efficiency_decimal(oil_coal_gas_avg),lifetime_years(oil_coal_gas_avg),capital_cost_usd_per_mw(oil_coal_gas_avg),om_cost_usd_per_mw_per_yr(oil_coal_gas_avg),fuel_price",18,20,90.0,42,2025,2050,target,ARG
POLES GECO2019,CO_2Deg2020,1821,20,"BiomassCap, BiomassCap - w/ CCS, BiomassCap - w/o CCS, CoalCap, CoalCap - w/ CCS, CoalCap - w/o CCS, GasCap, GasCap - w/ CCS, GasCap - w/o CCS, GeothermalCap, HydroCap, Hydrogen, NuclearCap, OilCap, OilCap - w/ CCS, OilCap - w/o CCS, SolarCap - CSP, SolarCap - PV, WindCap - Offshore, WindCap - Onshore",1551,270,85.17,743,40.8,641,35.2,867,47.61,1241,68.15,26,scenario_price,18,20,90.0,42,2025,2050,target,ARG
POLES GECO2019,CO_2Deg2030,1851,20,"BiomassCap, BiomassCap - w/ CCS, BiomassCap - w/o CCS, CoalCap, CoalCap - w/ CCS, CoalCap - w/o CCS, GasCap, GasCap - w/ CCS, GasCap - w/o CCS, GeothermalCap, HydroCap, Hydrogen, NuclearCap, OilCap, OilCap - w/ CCS, OilCap - w/o CCS, SolarCap - CSP, SolarCap - PV, WindCap - Offshore, WindCap - Onshore",1493,358,80.66,753,40.68,651,35.17,1020,55.11,1071,57.86,25,"fuel_price,scenario_price",18,20,90.0,42,2025,2050,target,ARG
POLES GECO2019,CO_BAU,2040,20,"BiomassCap, BiomassCap - w/ CCS, BiomassCap - w/o CCS, CoalCap, CoalCap - w/ CCS, CoalCap - w/o CCS, GasCap, GasCap - w/ CCS, GasCap - w/o CCS, GeothermalCap, HydroCap, Hydrogen, NuclearCap, OilCap, OilCap - w/ CCS, OilCap - w/o CCS, SolarCap - CSP, SolarCap - PV, WindCap - Offshore, WindCap - Onshore",1024,1016,50.2,816,40.0,714,35.0,618,30.29,0,0.0,13,"efficiency_decimal(oil_coal_gas_avg),lifetime_years(oil_coal_gas_avg),capital_cost_usd_per_mw(oil_coal_gas_avg),om_cost_usd_per_mw_per_yr(oil_coal_gas_avg),fuel_price",17,20,85.0,42,2025,2050,target,ARG
POLES GECO2019,CO_Bridge,1971,20,"BiomassCap, BiomassCap - w/ CCS, BiomassCap - w/o CCS, CoalCap, CoalCap - w/ CCS, CoalCap - w/o CCS, GasCap, GasCap - w/ CCS, GasCap - w/o CCS, GeothermalCap, HydroCap, Hydrogen, NuclearCap, OilCap, OilCap - w/ CCS, OilCap - w/o CCS, SolarCap - CSP, SolarCap - PV, WindCap - Offshore, WindCap - Onshore",1231,740,62.46,793,40.23,691,35.06,735,37.29,391,19.84,25,"efficiency_decimal(oil_coal_gas_avg),lifetime_years(oil_coal_gas_avg),capital_cost_usd_per_mw(oil_coal_gas_avg),om_cost_usd_per_mw_per_yr(oil_coal_gas_avg),fuel_price",17,20,85.0,42,2025,2050,target,ARG
POLES GECO2019,CO_Bridge_notax,1857,20,"BiomassCap, BiomassCap - w/ CCS, BiomassCap - w/o CCS, CoalCap, CoalCap - w/ CCS, CoalCap - w/o CCS, GasCap, GasCap - w/ CCS, GasCap - w/o CCS, GeothermalCap, HydroCap, Hydrogen, NuclearCap, OilCap, OilCap - w/ CCS, OilCap - w/o CCS, SolarCap - CSP, SolarCap - PV, WindCap - Offshore, WindCap - Onshore",1483,374,79.86,755,40.66,653,35.16,1005,54.12,1037,55.84,23,"fuel_price,scenario_price",17,20,85.0,42,2025,2050,target,ARG
POLES GECO2019,CO_CurPol,2022,20,"BiomassCap, BiomassCap - w/ CCS, BiomassCap - w/o CCS, CoalCap, CoalCap - w/ CCS, CoalCap - w/o CCS, GasCap, GasCap - w/ CCS, GasCap - w/o CCS, GeothermalCap, HydroCap, Hydrogen, NuclearCap, OilCap, OilCap - w/ CCS, OilCap - w/o CCS, SolarCap - CSP, SolarCap - PV, WindCap - Offshore, WindCap - Onshore",1064,958,52.62,810,40.06,708,35.01,615,30.42,102,5.04,19,"efficiency_decimal(oil_coal_gas_avg),lifetime_years(oil_coal_gas_avg),capital_cost_usd_per_mw(oil_coal_gas_avg),om_cost_usd_per_mw_per_yr(oil_coal_gas_avg),fuel_price",18,20,90.0,42,2025,2050,target,ARG
POLES GECO2019,CO_GPP,1995,20,"BiomassCap, BiomassCap - w/ CCS, BiomassCap - w/o CCS, CoalCap, CoalCap - w/ CCS, CoalCap - w/o CCS, GasCap, GasCap - w/ CCS, GasCap - w/o CCS, GeothermalCap, HydroCap, Hydrogen, NuclearCap, OilCap, OilCap - w/ CCS, OilCap - w/o CCS, SolarCap - CSP, SolarCap - PV, WindCap - Offshore, WindCap - Onshore",1125,870,56.39,801,40.15,699,35.04,612,30.68,255,12.78,24,"efficiency_decimal(oil_coal_gas_avg),lifetime_years(oil_coal_gas_avg),capital_cost_usd_per_mw(oil_coal_gas_avg),om_cost_usd_per_mw_per_yr(oil_coal_gas_avg),fuel_price",17,20,85.0,42,2025,2050,target,ARG
POLES GECO2019,CO_GPP_notax,2022,20,"BiomassCap, BiomassCap - w/ CCS, BiomassCap - w/o CCS, CoalCap, CoalCap - w/ CCS, CoalCap - w/o CCS, GasCap, GasCap - w/ CCS, GasCap - w/o CCS, GeothermalCap, HydroCap, Hydrogen, NuclearCap, OilCap, OilCap - w/ CCS, OilCap - w/o CCS, SolarCap - CSP, SolarCap - PV, WindCap - Offshore, WindCap - Onshore",1064,958,52.62,810,40.06,708,35.01,615,30.42,102,5.04,19,"efficiency_decimal(oil_coal_gas_avg),lifetime_years(oil_coal_gas_avg),capital_cost_usd_per_mw(oil_coal_gas_avg),om_cost_usd_per_mw_per_yr(oil_coal_gas_avg),fuel_price",15,20,75.0,42,2025,2050,target,ARG
POLES GECO2019,CO_NDC_2050convergence,2019,20,"BiomassCap, BiomassCap - w/ CCS, BiomassCap - w/o CCS, CoalCap, CoalCap - w/ CCS, CoalCap - w/o CCS, GasCap, GasCap - w/ CCS, GasCap - w/o CCS, GeothermalCap, HydroCap, Hydrogen, NuclearCap, OilCap, OilCap - w/ CCS, OilCap - w/o CCS, SolarCap - CSP, SolarCap - PV, WindCap - Offshore, WindCap - Onshore",1071,948,53.05,809,40.07,707,35.02,615,30.46,119,5.89,19,"efficiency_decimal(oil_coal_gas_avg),lifetime_years(oil_coal_gas_avg),capital_cost_usd_per_mw(oil_coal_gas_avg),om_cost_usd_per_mw_per_yr(oil_coal_gas_avg),fuel_price",18,20,90.0,42,2025,2050,target,ARG
POLES GECO2019,CO_NDCplus,2019,20,"BiomassCap, BiomassCap - w/ CCS, BiomassCap - w/o CCS, CoalCap, CoalCap - w/ CCS, CoalCap - w/o CCS, GasCap, GasCap - w/ CCS, GasCap - w/o CCS, GeothermalCap, HydroCap, Hydrogen, NuclearCap, OilCap, OilCap - w/ CCS, OilCap - w/o CCS, SolarCap - CSP, SolarCap - PV, WindCap - Offshore, WindCap - Onshore",1071,948,53.05,809,40.07,707,35.02,615,30.46,119,5.89,19,"efficiency_decimal(oil_coal_gas_avg),lifetime_years(oil_coal_gas_avg),capital_cost_usd_per_mw(oil_coal_gas_avg),om_cost_usd_per_mw_per_yr(oil_coal_gas_avg),fuel_price",18,20,90.0,42,2025,2050,target,ARG
POLES GECO2019,NDCMCS,2019,20,"BiomassCap, BiomassCap - w/ CCS, BiomassCap - w/o CCS, CoalCap, CoalCap - w/ CCS, CoalCap - w/o CCS, GasCap, GasCap - w/ CCS, GasCap - w/o CCS, GeothermalCap, HydroCap, Hydrogen, NuclearCap, OilCap, OilCap - w/ CCS, OilCap - w/o CCS, SolarCap - CSP, SolarCap - PV, WindCap - Offshore, WindCap - Onshore",1071,948,53.05,809,40.07,707,35.02,615,30.46,119,5.89,25,"efficiency_decimal(oil_coal_gas_avg),lifetime_years(oil_coal_gas_avg),capital_cost_usd_per_mw(oil_coal_gas_avg),om_cost_usd_per_mw_per_yr(oil_coal_gas_avg),fuel_price",18,20,90.0,42,2025,2050,target,ARG
PRIMES 1.0,CO_2Deg2020,180,15,"BiomassCap, BiomassCap - w/ CCS, BiomassCap - w/o CCS, CoalCap, CoalCap - w/ CCS, CoalCap - w/o CCS, GasCap, GasCap - w/ CCS, GasCap - w/o CCS, GeothermalCap, HydroCap, NuclearCap, OilCap, OilCap - w/ CCS, OilCap - w/o CCS",180,0,100.0,180,100.0,180,100.0,144,80.0,180,100.0,3,"efficiency_decimal,lifetime_years,capital_cost_usd_per_mw,om_cost_usd_per_mw_per_yr,fuel_price,scenario_price",0,15,0.0,27,2025,2050,target,EU
PRIMES 1.0,CO_2Deg2030,180,15,"BiomassCap, BiomassCap - w/ CCS, BiomassCap - w/o CCS, CoalCap, CoalCap - w/ CCS, CoalCap - w/o CCS, GasCap, GasCap - w/ CCS, GasCap - w/o CCS, GeothermalCap, HydroCap, NuclearCap, OilCap, OilCap - w/ CCS, OilCap - w/o CCS",180,0,100.0,180,100.0,180,100.0,144,80.0,180,100.0,3,"efficiency_decimal,lifetime_years,capital_cost_usd_per_mw,om_cost_usd_per_mw_per_yr,fuel_price,scenario_price",0,15,0.0,27,2025,2050,target,EU
PRIMES 1.0,CO_BAU,180,15,"BiomassCap, BiomassCap - w/ CCS, BiomassCap - w/o CCS, CoalCap, CoalCap - w/ CCS, CoalCap - w/o CCS, GasCap, GasCap - w/ CCS, GasCap - w/o CCS, GeothermalCap, HydroCap, NuclearCap, OilCap, OilCap - w/ CCS, OilCap - w/o CCS",180,0,100.0,180,100.0,180,100.0,144,80.0,180,100.0,3,"efficiency_decimal,lifetime_years,capital_cost_usd_per_mw,om_cost_usd_per_mw_per_yr,fuel_price,scenario_price",0,15,0.0,27,2025,2050,target,EU
PRIMES 1.0,CO_Baseline,36,3,"BiomassCap, GeothermalCap, HydroCap",36,0,100.0,36,100.0,36,100.0,12,33.33,36,100.0,2,"lifetime_years,capital_cost_usd_per_mw,om_cost_usd_per_mw_per_yr,scenario_price",0,3,0.0,27,2025,2050,target,EU
PRIMES 1.0,CO_Bridge,180,15,"BiomassCap, BiomassCap - w/ CCS, BiomassCap - w/o CCS, CoalCap, CoalCap - w/ CCS, CoalCap - w/o CCS, GasCap, GasCap - w/ CCS, GasCap - w/o CCS, GeothermalCap, HydroCap, NuclearCap, OilCap, OilCap - w/ CCS, OilCap - w/o CCS",180,0,100.0,180,100.0,180,100.0,144,80.0,180,100.0,3,"efficiency_decimal,lifetime_years,capital_cost_usd_per_mw,om_cost_usd_per_mw_per_yr,fuel_price,scenario_price",0,15,0.0,27,2025,2050,target,EU
PRIMES 1.0,CO_CurPol,180,15,"BiomassCap, BiomassCap - w/ CCS, BiomassCap - w/o CCS, CoalCap, CoalCap - w/ CCS, CoalCap - w/o CCS, GasCap, GasCap - w/ CCS, GasCap - w/o CCS, GeothermalCap, HydroCap, NuclearCap, OilCap, OilCap - w/ CCS, OilCap - w/o CCS",180,0,100.0,180,100.0,180,100.0,144,80.0,180,100.0,3,"efficiency_decimal,lifetime_years,capital_cost_usd_per_mw,om_cost_usd_per_mw_per_yr,fuel_price,scenario_price",0,15,0.0,27,2025,2050,target,EU
PRIMES 1.0,CO_GPP,180,15,"BiomassCap, BiomassCap - w/ CCS, BiomassCap - w/o CCS, CoalCap, CoalCap - w/ CCS, CoalCap - w/o CCS, GasCap, GasCap - w/ CCS, GasCap - w/o CCS, GeothermalCap, HydroCap, NuclearCap, OilCap, OilCap - w/ CCS, OilCap - w/o CCS",180,0,100.0,180,100.0,180,100.0,144,80.0,180,100.0,3,"efficiency_decimal,lifetime_years,capital_cost_usd_per_mw,om_cost_usd_per_mw_per_yr,fuel_price,scenario_price",0,15,0.0,27,2025,2050,target,EU
PRIMES 1.0,CO_LowCarbon,36,3,"BiomassCap, GeothermalCap, HydroCap",36,0,100.0,36,100.0,36,100.0,12,33.33,36,100.0,2,"lifetime_years,capital_cost_usd_per_mw,om_cost_usd_per_mw_per_yr,scenario_price",0,3,0.0,27,2025,2050,target,EU
PRIMES 1.0,CO_NDCplus,180,15,"BiomassCap, BiomassCap - w/ CCS, BiomassCap - w/o CCS, CoalCap, CoalCap - w/ CCS, CoalCap - w/o CCS, GasCap, GasCap - w/ CCS, GasCap - w/o CCS, GeothermalCap, HydroCap, NuclearCap, OilCap, OilCap - w/ CCS, OilCap - w/o CCS",180,0,100.0,180,100.0,180,100.0,144,80.0,180,100.0,3,"efficiency_decimal,lifetime_years,capital_cost_usd_per_mw,om_cost_usd_per_mw_per_yr,fuel_price,scenario_price",0,15,0.0,27,2025,2050,target,EU
PRIMES_V1,CD-LINKS_INDC2030_low,144,12,"BiomassCap, BiomassCap - w/o CCS, CoalCap, CoalCap - w/ CCS, CoalCap - w/o CCS, GasCap, GasCap - w/ CCS, GasCap - w/o CCS, GeothermalCap, HydroCap, NuclearCap, OilCap",144,0,100.0,144,100.0,144,100.0,108,75.0,144,100.0,3,"efficiency_decimal,lifetime_years,capital_cost_usd_per_mw,om_cost_usd_per_mw_per_yr,fuel_price,scenario_price",0,12,0.0,27,2025,2050,target,EU
PRIMES_V1,CD-LINKS_NPi,144,12,"BiomassCap, BiomassCap - w/o CCS, CoalCap, CoalCap - w/ CCS, CoalCap - w/o CCS, GasCap, GasCap - w/ CCS, GasCap - w/o CCS, GeothermalCap, HydroCap, NuclearCap, OilCap",144,0,100.0,144,100.0,144,100.0,108,75.0,144,100.0,3,"efficiency_decimal,lifetime_years,capital_cost_usd_per_mw,om_cost_usd_per_mw_per_yr,fuel_price,scenario_price",0,12,0.0,27,2025,2050,target,EU
PRIMES_V1,CD-LINKS_NPi2020_low,144,12,"BiomassCap, BiomassCap - w/o CCS, CoalCap, CoalCap - w/ CCS, CoalCap - w/o CCS, GasCap, GasCap - w/ CCS, GasCap - w/o CCS, GeothermalCap, HydroCap, NuclearCap, OilCap",144,0,100.0,144,100.0,144,100.0,108,75.0,144,100.0,3,"efficiency_decimal,lifetime_years,capital_cost_usd_per_mw,om_cost_usd_per_mw_per_yr,fuel_price,scenario_price",0,12,0.0,27,2025,2050,target,EU
PRIMES_V1,CD-LINKS_NPi2020_verylow,144,12,"BiomassCap, BiomassCap - w/o CCS, CoalCap, CoalCap - w/ CCS, CoalCap - w/o CCS, GasCap, GasCap - w/ CCS, GasCap - w/o CCS, GeothermalCap, HydroCap, NuclearCap, OilCap",144,0,100.0,144,100.0,144,100.0,108,75.0,144,100.0,3,"efficiency_decimal,lifetime_years,capital_cost_usd_per_mw,om_cost_usd_per_mw_per_yr,fuel_price,scenario_price",0,12,0.0,27,2025,2050,target,EU
PROMETHEUS 1.0,CO_2Deg2020,1152,16,"BiomassCap, BiomassCap - w/ CCS, BiomassCap - w/o CCS, CoalCap, CoalCap - w/ CCS, CoalCap - w/o CCS, GasCap, GasCap - w/ CCS, GasCap - w/o CCS, HydroCap, NuclearCap, OilCap, OilCap - w/ CCS, OilCap - w/o CCS, WindCap - Offshore, WindCap - Onshore",1152,0,100.0,1152,100.0,1152,100.0,864,75.0,1152,100.0,9,"efficiency_decimal,lifetime_years,capital_cost_usd_per_mw,om_cost_usd_per_mw_per_yr,fuel_price,scenario_price",0,16,0.0,124,2025,2050,target,CHN
PROMETHEUS 1.0,CO_2Deg2030,1152,16,"BiomassCap, BiomassCap - w/ CCS, BiomassCap - w/o CCS, CoalCap, CoalCap - w/ CCS, CoalCap - w/o CCS, GasCap, GasCap - w/ CCS, GasCap - w/o CCS, HydroCap, NuclearCap, OilCap, OilCap - w/ CCS, OilCap - w/o CCS, WindCap - Offshore, WindCap - Onshore",1152,0,100.0,1152,100.0,1152,100.0,864,75.0,1152,100.0,9,"efficiency_decimal,lifetime_years,capital_cost_usd_per_mw,om_cost_usd_per_mw_per_yr,fuel_price,scenario_price",0,16,0.0,124,2025,2050,target,CHN
PROMETHEUS 1.0,CO_BAU,1152,16,"BiomassCap, BiomassCap - w/ CCS, BiomassCap - w/o CCS, CoalCap, CoalCap - w/ CCS, CoalCap - w/o CCS, GasCap, GasCap - w/ CCS, GasCap - w/o CCS, HydroCap, NuclearCap, OilCap, OilCap - w/ CCS, OilCap - w/o CCS, WindCap - Offshore, WindCap - Onshore",1152,0,100.0,1152,100.0,1152,100.0,864,75.0,1152,100.0,9,"efficiency_decimal,lifetime_years,capital_cost_usd_per_mw,om_cost_usd_per_mw_per_yr,fuel_price,scenario_price",0,16,0.0,124,2025,2050,target,CHN
PROMETHEUS 1.0,CO_Bridge,1150,16,"BiomassCap, BiomassCap - w/ CCS, BiomassCap - w/o CCS, CoalCap, CoalCap - w/ CCS, CoalCap - w/o CCS, GasCap, GasCap - w/ CCS, GasCap - w/o CCS, HydroCap, NuclearCap, OilCap, OilCap - w/ CCS, OilCap - w/o CCS, WindCap - Offshore, WindCap - Onshore",1150,0,100.0,1150,100.0,1150,100.0,862,74.96,1150,100.0,9,"efficiency_decimal,lifetime_years,capital_cost_usd_per_mw,om_cost_usd_per_mw_per_yr,fuel_price,scenario_price",0,16,0.0,124,2025,2050,target,CHN
PROMETHEUS 1.0,CO_CurPol,1152,16,"BiomassCap, BiomassCap - w/ CCS, BiomassCap - w/o CCS, CoalCap, CoalCap - w/ CCS, CoalCap - w/o CCS, GasCap, GasCap - w/ CCS, GasCap - w/o CCS, HydroCap, NuclearCap, OilCap, OilCap - w/ CCS, OilCap - w/o CCS, WindCap - Offshore, WindCap - Onshore",1152,0,100.0,1152,100.0,1152,100.0,864,75.0,1152,100.0,9,"efficiency_decimal,lifetime_years,capital_cost_usd_per_mw,om_cost_usd_per_mw_per_yr,fuel_price,scenario_price",0,16,0.0,124,2025,2050,target,CHN
PROMETHEUS 1.0,CO_GPP,1152,16,"BiomassCap, BiomassCap - w/ CCS, BiomassCap - w/o CCS, CoalCap, CoalCap - w/ CCS, CoalCap - w/o CCS, GasCap, GasCap - w/ CCS, GasCap - w/o CCS, HydroCap, NuclearCap, OilCap, OilCap - w/ CCS, OilCap - w/o CCS, WindCap - Offshore, WindCap - Onshore",1152,0,100.0,1152,100.0,1152,100.0,864,75.0,1152,100.0,9,"efficiency_decimal,lifetime_years,capital_cost_usd_per_mw,om_cost_usd_per_mw_per_yr,fuel_price,scenario_price",0,16,0.0,124,2025,2050,target,CHN
PROMETHEUS 1.0,CO_NDCplus,1152,16,"BiomassCap, BiomassCap - w/ CCS, BiomassCap - w/o CCS, CoalCap, CoalCap - w/ CCS, CoalCap - w/o CCS, GasCap, GasCap - w/ CCS, GasCap - w/o CCS, HydroCap, NuclearCap, OilCap, OilCap - w/ CCS, OilCap - w/o CCS, WindCap - Offshore, WindCap - Onshore",1152,0,100.0,1152,100.0,1152,100.0,864,75.0,1152,100.0,9,"efficiency_decimal,lifetime_years,capital_cost_usd_per_mw,om_cost_usd_per_mw_per_yr,fuel_price,scenario_price",0,16,0.0,124,2025,2050,target,CHN
PyPSA-Eur-Sec 0.0.2,Baseline,1392,8,"CoalCap, CoalCap - w/o CCS, GasCap, GasCap - w/o CCS, HydroCap, NuclearCap, WindCap - Offshore, WindCap - Onshore",1392,0,100.0,688,49.43,938,67.39,696,50.0,1392,100.0,8,"efficiency_decimal(global),lifetime_years(global),capital_cost_usd_per_mw(global),om_cost_usd_per_mw_per_yr(global),fuel_price(global),scenario_price(global)",6,8,75.0,38,2025,2050,target,AUT
PyPSA-Eur-Sec 0.0.2,District heating expansion,1920,10,"BiomassCap, BiomassCap - w/o CCS, CoalCap, CoalCap - w/o CCS, GasCap, GasCap - w/o CCS, HydroCap, NuclearCap, WindCap - Offshore, WindCap - Onshore",1920,0,100.0,645,33.59,1029,53.59,1152,60.0,1920,100.0,10,scenario_price(global),7,10,70.0,38,2025,2050,target,AUT
PyPSA-Eur-Sec 0.0.2,Early and Steady,1920,10,"BiomassCap, BiomassCap - w/o CCS, CoalCap, CoalCap - w/o CCS, GasCap, GasCap - w/o CCS, HydroCap, NuclearCap, WindCap - Offshore, WindCap - Onshore",1920,0,100.0,642,33.44,1026,53.44,1152,60.0,1920,100.0,10,scenario_price(global),7,10,70.0,38,2025,2050,target,AUT
PyPSA-Eur-Sec 0.0.2,Including road and rail transport,1920,10,"BiomassCap, BiomassCap - w/o CCS, CoalCap, CoalCap - w/o CCS, GasCap, GasCap - w/o CCS, HydroCap, NuclearCap, WindCap - Offshore, WindCap - Onshore",1920,0,100.0,649,33.8,1033,53.8,1152,60.0,1920,100.0,10,scenario_price(global),7,10,70.0,38,2025,2050,target,AUT
PyPSA-Eur-Sec 0.0.2,Late and Rapid,1920,10,"BiomassCap, BiomassCap - w/o CCS, CoalCap, CoalCap - w/o CCS, GasCap, GasCap - w/o CCS, HydroCap, NuclearCap, WindCap - Offshore, WindCap - Onshore",1920,0,100.0,663,34.53,1045,54.43,1152,60.0,1920,100.0,10,scenario_price(global),7,10,70.0,38,2025,2050,target,AUT
PyPSA-Eur-Sec 0.0.2,Space heat savings due to building renovation,1920,10,"BiomassCap, BiomassCap - w/o CCS, CoalCap, CoalCap - w/o CCS, GasCap, GasCap - w/o CCS, HydroCap, NuclearCap, WindCap - Offshore, WindCap - Onshore",1920,0,100.0,643,33.49,1027,53.49,1152,60.0,1920,100.0,10,scenario_price(global),7,10,70.0,38,2025,2050,target,AUT
PyPSA-Eur-Sec 0.0.2,Transmission expansion after 2030,1920,10,"BiomassCap, BiomassCap - w/o CCS, CoalCap, CoalCap - w/o CCS, GasCap, GasCap - w/o CCS, HydroCap, NuclearCap, WindCap - Offshore, WindCap - Onshore",1920,0,100.0,644,33.54,1028,53.54,1152,60.0,1920,100.0,10,scenario_price(global),7,10,70.0,38,2025,2050,target,AUT
REMIND 2.1,CEMICS_GDPgrowth_1p5,1830,17,"BiomassCap, BiomassCap - w/ CCS, BiomassCap - w/o CCS, CoalCap, CoalCap - w/ CCS, CoalCap - w/o CCS, GasCap, GasCap - w/ CCS, GasCap - w/o CCS, GeothermalCap, HydroCap, Hydrogen, NuclearCap, OilCap, OilCap - w/o CCS, SolarCap - CSP, SolarCap - PV",1098,732,60.0,682,37.27,600,32.79,864,47.21,28,1.53,18,fuel_price,16,17,94.12,210,2025,2050,target,CHN
REMIND 2.1,CEMICS_GDPgrowth_2C,1836,17,"BiomassCap, BiomassCap - w/ CCS, BiomassCap - w/o CCS, CoalCap, CoalCap - w/ CCS, CoalCap - w/o CCS, GasCap, GasCap - w/ CCS, GasCap - w/o CCS, GeothermalCap, HydroCap, Hydrogen, NuclearCap, OilCap, OilCap - w/o CCS, SolarCap - CSP, SolarCap - PV",1092,744,59.48,684,37.25,600,32.68,864,47.06,0,0.0,13,fuel_price,16,17,94.12,210,2025,2050,target,CHN
REMIND 2.1,CEMICS_HotellingConst_1p5,1836,17,"BiomassCap, BiomassCap - w/ CCS, BiomassCap - w/o CCS, CoalCap, CoalCap - w/ CCS, CoalCap - w/o CCS, GasCap, GasCap - w/ CCS, GasCap - w/o CCS, GeothermalCap, HydroCap, Hydrogen, NuclearCap, OilCap, OilCap - w/o CCS, SolarCap - CSP, SolarCap - PV",1092,744,59.48,684,37.25,600,32.68,864,47.06,0,0.0,13,fuel_price,16,17,94.12,210,2025,2050,target,CHN
REMIND 2.1,CEMICS_HotellingConst_2C,1836,17,"BiomassCap, BiomassCap - w/ CCS, BiomassCap - w/o CCS, CoalCap, CoalCap - w/ CCS, CoalCap - w/o CCS, GasCap, GasCap - w/ CCS, GasCap - w/o CCS, GeothermalCap, HydroCap, Hydrogen, NuclearCap, OilCap, OilCap - w/o CCS, SolarCap - CSP, SolarCap - PV",1092,744,59.48,684,37.25,600,32.68,864,47.06,0,0.0,13,fuel_price,16,17,94.12,210,2025,2050,target,CHN
REMIND 2.1,CEMICS_Linear_1p5,1836,17,"BiomassCap, BiomassCap - w/ CCS, BiomassCap - w/o CCS, CoalCap, CoalCap - w/ CCS, CoalCap - w/o CCS, GasCap, GasCap - w/ CCS, GasCap - w/o CCS, GeothermalCap, HydroCap, Hydrogen, NuclearCap, OilCap, OilCap - w/o CCS, SolarCap - CSP, SolarCap - PV",1092,744,59.48,684,37.25,600,32.68,864,47.06,0,0.0,13,fuel_price,16,17,94.12,210,2025,2050,target,CHN
REMIND 2.1,CEMICS_Linear_2C,1836,17,"BiomassCap, BiomassCap - w/ CCS, BiomassCap - w/o CCS, CoalCap, CoalCap - w/ CCS, CoalCap - w/o CCS, GasCap, GasCap - w/ CCS, GasCap - w/o CCS, GeothermalCap, HydroCap, Hydrogen, NuclearCap, OilCap, OilCap - w/o CCS, SolarCap - CSP, SolarCap - PV",1092,744,59.48,684,37.25,600,32.68,864,47.06,0,0.0,13,fuel_price,16,17,94.12,210,2025,2050,target,CHN
REMIND 2.1,CEMICS_NPI,1836,17,"BiomassCap, BiomassCap - w/ CCS, BiomassCap - w/o CCS, CoalCap, CoalCap - w/ CCS, CoalCap - w/o CCS, GasCap, GasCap - w/ CCS, GasCap - w/o CCS, GeothermalCap, HydroCap, Hydrogen, NuclearCap, OilCap, OilCap - w/o CCS, SolarCap - CSP, SolarCap - PV",1092,744,59.48,684,37.25,600,32.68,864,47.06,0,0.0,13,fuel_price,15,17,88.24,210,2025,2050,target,CHN
REMIND 2.1,CEMICS_opt_1p5,1836,17,"BiomassCap, BiomassCap - w/ CCS, BiomassCap - w/o CCS, CoalCap, CoalCap - w/ CCS, CoalCap - w/o CCS, GasCap, GasCap - w/ CCS, GasCap - w/o CCS, GeothermalCap, HydroCap, Hydrogen, NuclearCap, OilCap, OilCap - w/o CCS, SolarCap - CSP, SolarCap - PV",1092,744,59.48,684,37.25,600,32.68,864,47.06,0,0.0,13,fuel_price,16,17,94.12,210,2025,2050,target,CHN
REMIND 2.1,CEMICS_opt_2C,1836,17,"BiomassCap, BiomassCap - w/ CCS, BiomassCap - w/o CCS, CoalCap, CoalCap - w/ CCS, CoalCap - w/o CCS, GasCap, GasCap - w/ CCS, GasCap - w/o CCS, GeothermalCap, HydroCap, Hydrogen, NuclearCap, OilCap, OilCap - w/o CCS, SolarCap - CSP, SolarCap - PV",1092,744,59.48,684,37.25,600,32.68,864,47.06,0,0.0,13,fuel_price,16,17,94.12,210,2025,2050,target,CHN
REMIND 2.1,LeastTotalCost_Base_brkLR15_SSP1_P50,1836,17,"BiomassCap, BiomassCap - w/ CCS, BiomassCap - w/o CCS, CoalCap, CoalCap - w/ CCS, CoalCap - w/o CCS, GasCap, GasCap - w/ CCS, GasCap - w/o CCS, GeothermalCap, HydroCap, Hydrogen, NuclearCap, OilCap, OilCap - w/o CCS, SolarCap - CSP, SolarCap - PV",1212,624,66.01,996,54.25,890,48.47,864,47.06,0,0.0,17,"efficiency_decimal,lifetime_years,capital_cost_usd_per_mw,om_cost_usd_per_mw_per_yr,fuel_price",13,17,76.47,210,2025,2050,target,CHN
REMIND 2.1,LeastTotalCost_Base_brkLR15_SSP2_P50,1836,17,"BiomassCap, BiomassCap - w/ CCS, BiomassCap - w/o CCS, CoalCap, CoalCap - w/ CCS, CoalCap - w/o CCS, GasCap, GasCap - w/ CCS, GasCap - w/o CCS, GeothermalCap, HydroCap, Hydrogen, NuclearCap, OilCap, OilCap - w/o CCS, SolarCap - CSP, SolarCap - PV",1188,648,64.71,972,52.94,888,48.37,864,47.06,0,0.0,13,"efficiency_decimal,lifetime_years,capital_cost_usd_per_mw,om_cost_usd_per_mw_per_yr,fuel_price",13,17,76.47,210,2025,2050,target,CHN
REMIND 2.1,LeastTotalCost_Base_brkLR15_SSP5_P50,1836,17,"BiomassCap, BiomassCap - w/ CCS, BiomassCap - w/o CCS, CoalCap, CoalCap - w/ CCS, CoalCap - w/o CCS, GasCap, GasCap - w/ CCS, GasCap - w/o CCS, GeothermalCap, HydroCap, Hydrogen, NuclearCap, OilCap, OilCap - w/o CCS, SolarCap - CSP, SolarCap - PV",1188,648,64.71,972,52.94,888,48.37,864,47.06,0,0.0,12,"efficiency_decimal,lifetime_years,capital_cost_usd_per_mw,om_cost_usd_per_mw_per_yr,fuel_price",13,17,76.47,210,2025,2050,target,CHN
REMIND 2.1,LeastTotalCost_Base_brkSR15_SSP1_P50,1836,17,"BiomassCap, BiomassCap - w/ CCS, BiomassCap - w/o CCS, CoalCap, CoalCap - w/ CCS, CoalCap - w/o CCS, GasCap, GasCap - w/ CCS, GasCap - w/o CCS, GeothermalCap, HydroCap, Hydrogen, NuclearCap, OilCap, OilCap - w/o CCS, SolarCap - CSP, SolarCap - PV",1212,624,66.01,996,54.25,890,48.47,864,47.06,0,0.0,17,"efficiency_decimal,lifetime_years,capital_cost_usd_per_mw,om_cost_usd_per_mw_per_yr,fuel_price",13,17,76.47,210,2025,2050,target,CHN
REMIND 2.1,LeastTotalCost_Base_brkSR15_SSP2_P50,1836,17,"BiomassCap, BiomassCap - w/ CCS, BiomassCap - w/o CCS, CoalCap, CoalCap - w/ CCS, CoalCap - w/o CCS, GasCap, GasCap - w/ CCS, GasCap - w/o CCS, GeothermalCap, HydroCap, Hydrogen, NuclearCap, OilCap, OilCap - w/o CCS, SolarCap - CSP, SolarCap - PV",1188,648,64.71,972,52.94,888,48.37,864,47.06,0,0.0,13,"efficiency_decimal,lifetime_years,capital_cost_usd_per_mw,om_cost_usd_per_mw_per_yr,fuel_price",13,17,76.47,210,2025,2050,target,CHN
REMIND 2.1,LeastTotalCost_Base_brkSR15_SSP5_P50,1836,17,"BiomassCap, BiomassCap - w/ CCS, BiomassCap - w/o CCS, CoalCap, CoalCap - w/ CCS, CoalCap - w/o CCS, GasCap, GasCap - w/ CCS, GasCap - w/o CCS, GeothermalCap, HydroCap, Hydrogen, NuclearCap, OilCap, OilCap - w/o CCS, SolarCap - CSP, SolarCap - PV",1188,648,64.71,972,52.94,888,48.37,864,47.06,0,0.0,12,"efficiency_decimal,lifetime_years,capital_cost_usd_per_mw,om_cost_usd_per_mw_per_yr,fuel_price",13,17,76.47,210,2025,2050,target,CHN
REMIND 2.1,LeastTotalCost_CBA_brkLR15_SSP2_P50,1836,17,"BiomassCap, BiomassCap - w/ CCS, BiomassCap - w/o CCS, CoalCap, CoalCap - w/ CCS, CoalCap - w/o CCS, GasCap, GasCap - w/ CCS, GasCap - w/o CCS, GeothermalCap, HydroCap, Hydrogen, NuclearCap, OilCap, OilCap - w/o CCS, SolarCap - CSP, SolarCap - PV",1092,744,59.48,684,37.25,600,32.68,864,47.06,0,0.0,13,fuel_price,16,17,94.12,210,2025,2050,target,CHN
REMIND 2.1,LeastTotalCost_CBA_brkSR15_SSP2_P50,1836,17,"BiomassCap, BiomassCap - w/ CCS, BiomassCap - w/o CCS, CoalCap, CoalCap - w/ CCS, CoalCap - w/o CCS, GasCap, GasCap - w/ CCS, GasCap - w/o CCS, GeothermalCap, HydroCap, Hydrogen, NuclearCap, OilCap, OilCap - w/o CCS, SolarCap - CSP, SolarCap - PV",1092,744,59.48,684,37.25,600,32.68,864,47.06,0,0.0,13,fuel_price,16,17,94.12,210,2025,2050,target,CHN
REMIND 2.1,LeastTotalCost_CEA_brkLR15_SSP2_P50,1836,17,"BiomassCap, BiomassCap - w/ CCS, BiomassCap - w/o CCS, CoalCap, CoalCap - w/ CCS, CoalCap - w/o CCS, GasCap, GasCap - w/ CCS, GasCap - w/o CCS, GeothermalCap, HydroCap, Hydrogen, NuclearCap, OilCap, OilCap - w/o CCS, SolarCap - CSP, SolarCap - PV",1092,744,59.48,684,37.25,600,32.68,864,47.06,0,0.0,13,fuel_price,16,17,94.12,210,2025,2050,target,CHN
REMIND 2.1,LeastTotalCost_CEA_brkSR15_SSP2_P50,1836,17,"BiomassCap, BiomassCap - w/ CCS, BiomassCap - w/o CCS, CoalCap, CoalCap - w/ CCS, CoalCap - w/o CCS, GasCap, GasCap - w/ CCS, GasCap - w/o CCS, GeothermalCap, HydroCap, Hydrogen, NuclearCap, OilCap, OilCap - w/o CCS, SolarCap - CSP, SolarCap - PV",1092,744,59.48,684,37.25,600,32.68,864,47.06,0,0.0,13,fuel_price,16,17,94.12,210,2025,2050,target,CHN
REMIND 2.1,LeastTotalCost_LTC_brkLR15_SSP1_P50,1836,17,"BiomassCap, BiomassCap - w/ CCS, BiomassCap - w/o CCS, CoalCap, CoalCap - w/ CCS, CoalCap - w/o CCS, GasCap, GasCap - w/ CCS, GasCap - w/o CCS, GeothermalCap, HydroCap, Hydrogen, NuclearCap, OilCap, OilCap - w/o CCS, SolarCap - CSP, SolarCap - PV",1116,720,60.78,708,38.56,600,32.68,864,47.06,0,0.0,15,fuel_price,16,17,94.12,210,2025,2050,target,CHN
REMIND 2.1,LeastTotalCost_LTC_brkLR15_SSP2_P50,1836,17,"BiomassCap, BiomassCap - w/ CCS, BiomassCap - w/o CCS, CoalCap, CoalCap - w/ CCS, CoalCap - w/o CCS, GasCap, GasCap - w/ CCS, GasCap - w/o CCS, GeothermalCap, HydroCap, Hydrogen, NuclearCap, OilCap, OilCap - w/o CCS, SolarCap - CSP, SolarCap - PV",1092,744,59.48,684,37.25,600,32.68,864,47.06,0,0.0,13,fuel_price,16,17,94.12,210,2025,2050,target,CHN
REMIND 2.1,LeastTotalCost_LTC_brkLR15_SSP5_P50,1836,17,"BiomassCap, BiomassCap - w/ CCS, BiomassCap - w/o CCS, CoalCap, CoalCap - w/ CCS, CoalCap - w/o CCS, GasCap, GasCap - w/ CCS, GasCap - w/o CCS, GeothermalCap, HydroCap, Hydrogen, NuclearCap, OilCap, OilCap - w/o CCS, SolarCap - CSP, SolarCap - PV",1092,744,59.48,684,37.25,600,32.68,864,47.06,0,0.0,13,fuel_price,16,17,94.12,210,2025,2050,target,CHN
REMIND 2.1,LeastTotalCost_LTC_brkSR15_SSP1_P50,1836,17,"BiomassCap, BiomassCap - w/ CCS, BiomassCap - w/o CCS, CoalCap, CoalCap - w/ CCS, CoalCap - w/o CCS, GasCap, GasCap - w/ CCS, GasCap - w/o CCS, GeothermalCap, HydroCap, Hydrogen, NuclearCap, OilCap, OilCap - w/o CCS, SolarCap - CSP, SolarCap - PV",1116,720,60.78,708,38.56,600,32.68,864,47.06,0,0.0,15,fuel_price,16,17,94.12,210,2025,2050,target,CHN
REMIND 2.1,LeastTotalCost_LTC_brkSR15_SSP2_P50,1836,17,"BiomassCap, BiomassCap - w/ CCS, BiomassCap - w/o CCS, CoalCap, CoalCap - w/ CCS, CoalCap - w/o CCS, GasCap, GasCap - w/ CCS, GasCap - w/o CCS, GeothermalCap, HydroCap, Hydrogen, NuclearCap, OilCap, OilCap - w/o CCS, SolarCap - CSP, SolarCap - PV",1092,744,59.48,684,37.25,600,32.68,864,47.06,0,0.0,13,fuel_price,16,17,94.12,210,2025,2050,target,CHN
REMIND 2.1,LeastTotalCost_LTC_brkSR15_SSP5_P50,1836,17,"BiomassCap, BiomassCap - w/ CCS, BiomassCap - w/o CCS, CoalCap, CoalCap - w/ CCS, CoalCap - w/o CCS, GasCap, GasCap - w/ CCS, GasCap - w/o CCS, GeothermalCap, HydroCap, Hydrogen, NuclearCap, OilCap, OilCap - w/o CCS, SolarCap - CSP, SolarCap - PV",1092,744,59.48,684,37.25,600,32.68,864,47.06,0,0.0,13,fuel_price,16,17,94.12,210,2025,2050,target,CHN
REMIND 2.1,LeastTotalCost_NDC_brkLR15_SSP2_P50,1836,17,"BiomassCap, BiomassCap - w/ CCS, BiomassCap - w/o CCS, CoalCap, CoalCap - w/ CCS, CoalCap - w/o CCS, GasCap, GasCap - w/ CCS, GasCap - w/o CCS, GeothermalCap, HydroCap, Hydrogen, NuclearCap, OilCap, OilCap - w/o CCS, SolarCap - CSP, SolarCap - PV",1092,744,59.48,684,37.25,600,32.68,864,47.06,0,0.0,14,fuel_price,16,17,94.12,210,2025,2050,target,CHN
REMIND 2.1,LeastTotalCost_NDC_brkSR15_SSP2_P50,1836,17,"BiomassCap, BiomassCap - w/ CCS, BiomassCap - w/o CCS, CoalCap, CoalCap - w/ CCS, CoalCap - w/o CCS, GasCap, GasCap - w/ CCS, GasCap - w/o CCS, GeothermalCap, HydroCap, Hydrogen, NuclearCap, OilCap, OilCap - w/o CCS, SolarCap - CSP, SolarCap - PV",1092,744,59.48,684,37.25,600,32.68,864,47.06,0,0.0,14,fuel_price,16,17,94.12,210,2025,2050,target,CHN
REMIND 2.1,LeastTotalCost_NPi_brkLR15_SSP1_P50,1836,17,"BiomassCap, BiomassCap - w/ CCS, BiomassCap - w/o CCS, CoalCap, CoalCap - w/ CCS, CoalCap - w/o CCS, GasCap, GasCap - w/ CCS, GasCap - w/o CCS, GeothermalCap, HydroCap, Hydrogen, NuclearCap, OilCap, OilCap - w/o CCS, SolarCap - CSP, SolarCap - PV",1118,718,60.89,710,38.67,604,32.9,864,47.06,0,0.0,18,fuel_price,15,17,88.24,210,2025,2050,target,CHN
REMIND 2.1,LeastTotalCost_NPi_brkLR15_SSP2_P50,1836,17,"BiomassCap, BiomassCap - w/ CCS, BiomassCap - w/o CCS, CoalCap, CoalCap - w/ CCS, CoalCap - w/o CCS, GasCap, GasCap - w/ CCS, GasCap - w/o CCS, GeothermalCap, HydroCap, Hydrogen, NuclearCap, OilCap, OilCap - w/o CCS, SolarCap - CSP, SolarCap - PV",1092,744,59.48,684,37.25,600,32.68,864,47.06,0,0.0,13,fuel_price,15,17,88.24,210,2025,2050,target,CHN
REMIND 2.1,LeastTotalCost_NPi_brkLR15_SSP5_P50,1836,17,"BiomassCap, BiomassCap - w/ CCS, BiomassCap - w/o CCS, CoalCap, CoalCap - w/ CCS, CoalCap - w/o CCS, GasCap, GasCap - w/ CCS, GasCap - w/o CCS, GeothermalCap, HydroCap, Hydrogen, NuclearCap, OilCap, OilCap - w/o CCS, SolarCap - CSP, SolarCap - PV",1092,744,59.48,684,37.25,600,32.68,864,47.06,0,0.0,12,fuel_price,15,17,88.24,210,2025,2050,target,CHN
REMIND 2.1,LeastTotalCost_NPi_brkSR15_SSP1_P50,1836,17,"BiomassCap, BiomassCap - w/ CCS, BiomassCap - w/o CCS, CoalCap, CoalCap - w/ CCS, CoalCap - w/o CCS, GasCap, GasCap - w/ CCS, GasCap - w/o CCS, GeothermalCap, HydroCap, Hydrogen, NuclearCap, OilCap, OilCap - w/o CCS, SolarCap - CSP, SolarCap - PV",1118,718,60.89,710,38.67,604,32.9,864,47.06,0,0.0,18,fuel_price,15,17,88.24,210,2025,2050,target,CHN
REMIND 2.1,LeastTotalCost_NPi_brkSR15_SSP2_P50,1836,17,"BiomassCap, BiomassCap - w/ CCS, BiomassCap - w/o CCS, CoalCap, CoalCap - w/ CCS, CoalCap - w/o CCS, GasCap, GasCap - w/ CCS, GasCap - w/o CCS, GeothermalCap, HydroCap, Hydrogen, NuclearCap, OilCap, OilCap - w/o CCS, SolarCap - CSP, SolarCap - PV",1092,744,59.48,684,37.25,600,32.68,864,47.06,0,0.0,13,fuel_price,15,17,88.24,210,2025,2050,target,CHN
REMIND 2.1,LeastTotalCost_NPi_brkSR15_SSP5_P50,1836,17,"BiomassCap, BiomassCap - w/ CCS, BiomassCap - w/o CCS, CoalCap, CoalCap - w/ CCS, CoalCap - w/o CCS, GasCap, GasCap - w/ CCS, GasCap - w/o CCS, GeothermalCap, HydroCap, Hydrogen, NuclearCap, OilCap, OilCap - w/o CCS, SolarCap - CSP, SolarCap - PV",1092,744,59.48,684,37.25,600,32.68,864,47.06,0,0.0,12,fuel_price,15,17,88.24,210,2025,2050,target,CHN
REMIND 2.1,R2p1_SSP1-Base,1836,17,"BiomassCap, BiomassCap - w/ CCS, BiomassCap - w/o CCS, CoalCap, CoalCap - w/ CCS, CoalCap - w/o CCS, GasCap, GasCap - w/ CCS, GasCap - w/o CCS, GeothermalCap, HydroCap, Hydrogen, NuclearCap, OilCap, OilCap - w/o CCS, SolarCap - CSP, SolarCap - PV",1188,648,64.71,972,52.94,888,48.37,864,47.06,0,0.0,13,"efficiency_decimal,lifetime_years,capital_cost_usd_per_mw,om_cost_usd_per_mw_per_yr,fuel_price",13,17,76.47,210,2025,2050,target,CHN
REMIND 2.1,R2p1_SSP1-NDC,1836,17,"BiomassCap, BiomassCap - w/ CCS, BiomassCap - w/o CCS, CoalCap, CoalCap - w/ CCS, CoalCap - w/o CCS, GasCap, GasCap - w/ CCS, GasCap - w/o CCS, GeothermalCap, HydroCap, Hydrogen, NuclearCap, OilCap, OilCap - w/o CCS, SolarCap - CSP, SolarCap - PV",1092,744,59.48,684,37.25,600,32.68,864,47.06,0,0.0,14,fuel_price,15,17,88.24,210,2025,2050,target,CHN
REMIND 2.1,R2p1_SSP1-NPi,1836,17,"BiomassCap, BiomassCap - w/ CCS, BiomassCap - w/o CCS, CoalCap, CoalCap - w/ CCS, CoalCap - w/o CCS, GasCap, GasCap - w/ CCS, GasCap - w/o CCS, GeothermalCap, HydroCap, Hydrogen, NuclearCap, OilCap, OilCap - w/o CCS, SolarCap - CSP, SolarCap - PV",1092,744,59.48,684,37.25,600,32.68,864,47.06,0,0.0,14,fuel_price,15,17,88.24,210,2025,2050,target,CHN
REMIND 2.1,R2p1_SSP1-PkBudg1100,1836,17,"BiomassCap, BiomassCap - w/ CCS, BiomassCap - w/o CCS, CoalCap, CoalCap - w/ CCS, CoalCap - w/o CCS, GasCap, GasCap - w/ CCS, GasCap - w/o CCS, GeothermalCap, HydroCap, Hydrogen, NuclearCap, OilCap, OilCap - w/o CCS, SolarCap - CSP, SolarCap - PV",1092,744,59.48,684,37.25,600,32.68,864,47.06,0,0.0,13,fuel_price,16,17,94.12,210,2025,2050,target,CHN
REMIND 2.1,R2p1_SSP1-PkBudg1300,1836,17,"BiomassCap, BiomassCap - w/ CCS, BiomassCap - w/o CCS, CoalCap, CoalCap - w/ CCS, CoalCap - w/o CCS, GasCap, GasCap - w/ CCS, GasCap - w/o CCS, GeothermalCap, HydroCap, Hydrogen, NuclearCap, OilCap, OilCap - w/o CCS, SolarCap - CSP, SolarCap - PV",1092,744,59.48,684,37.25,600,32.68,864,47.06,0,0.0,13,fuel_price,15,17,88.24,210,2025,2050,target,CHN
REMIND 2.1,R2p1_SSP1-PkBudg900,1830,17,"BiomassCap, BiomassCap - w/ CCS, BiomassCap - w/o CCS, CoalCap, CoalCap - w/ CCS, CoalCap - w/o CCS, GasCap, GasCap - w/ CCS, GasCap - w/o CCS, GeothermalCap, HydroCap, Hydrogen, NuclearCap, OilCap, OilCap - w/o CCS, SolarCap - CSP, SolarCap - PV",1100,730,60.11,682,37.27,600,32.79,864,47.21,28,1.53,18,fuel_price,15,17,88.24,210,2025,2050,target,CHN
REMIND 2.1,R2p1_SSP2-Base,1836,17,"BiomassCap, BiomassCap - w/ CCS, BiomassCap - w/o CCS, CoalCap, CoalCap - w/ CCS, CoalCap - w/o CCS, GasCap, GasCap - w/ CCS, GasCap - w/o CCS, GeothermalCap, HydroCap, Hydrogen, NuclearCap, OilCap, OilCap - w/o CCS, SolarCap - CSP, SolarCap - PV",1188,648,64.71,972,52.94,888,48.37,864,47.06,0,0.0,13,"efficiency_decimal,lifetime_years,capital_cost_usd_per_mw,om_cost_usd_per_mw_per_yr,fuel_price",13,17,76.47,210,2025,2050,target,CHN
REMIND 2.1,R2p1_SSP2-NDC,1836,17,"BiomassCap, BiomassCap - w/ CCS, BiomassCap - w/o CCS, CoalCap, CoalCap - w/ CCS, CoalCap - w/o CCS, GasCap, GasCap - w/ CCS, GasCap - w/o CCS, GeothermalCap, HydroCap, Hydrogen, NuclearCap, OilCap, OilCap - w/o CCS, SolarCap - CSP, SolarCap - PV",1092,744,59.48,684,37.25,600,32.68,864,47.06,0,0.0,14,fuel_price,15,17,88.24,210,2025,2050,target,CHN
REMIND 2.1,R2p1_SSP2-NPi,1836,17,"BiomassCap, BiomassCap - w/ CCS, BiomassCap - w/o CCS, CoalCap, CoalCap - w/ CCS, CoalCap - w/o CCS, GasCap, GasCap - w/ CCS, GasCap - w/o CCS, GeothermalCap, HydroCap, Hydrogen, NuclearCap, OilCap, OilCap - w/o CCS, SolarCap - CSP, SolarCap - PV",1092,744,59.48,684,37.25,600,32.68,864,47.06,0,0.0,13,fuel_price,15,17,88.24,210,2025,2050,target,CHN
REMIND 2.1,R2p1_SSP2-PkBudg1100,1836,17,"BiomassCap, BiomassCap - w/ CCS, BiomassCap - w/o CCS, CoalCap, CoalCap - w/ CCS, CoalCap - w/o CCS, GasCap, GasCap - w/ CCS, GasCap - w/o CCS, GeothermalCap, HydroCap, Hydrogen, NuclearCap, OilCap, OilCap - w/o CCS, SolarCap - CSP, SolarCap - PV",1092,744,59.48,684,37.25,600,32.68,864,47.06,0,0.0,13,fuel_price,16,17,94.12,210,2025,2050,target,CHN
REMIND 2.1,R2p1_SSP2-PkBudg1300,1836,17,"BiomassCap, BiomassCap - w/ CCS, BiomassCap - w/o CCS, CoalCap, CoalCap - w/ CCS, CoalCap - w/o CCS, GasCap, GasCap - w/ CCS, GasCap - w/o CCS, GeothermalCap, HydroCap, Hydrogen, NuclearCap, OilCap, OilCap - w/o CCS, SolarCap - CSP, SolarCap - PV",1092,744,59.48,684,37.25,600,32.68,864,47.06,0,0.0,13,fuel_price,15,17,88.24,210,2025,2050,target,CHN
REMIND 2.1,R2p1_SSP2-PkBudg900,1830,17,"BiomassCap, BiomassCap - w/ CCS, BiomassCap - w/o CCS, CoalCap, CoalCap - w/ CCS, CoalCap - w/o CCS, GasCap, GasCap - w/ CCS, GasCap - w/o CCS, GeothermalCap, HydroCap, Hydrogen, NuclearCap, OilCap, OilCap - w/o CCS, SolarCap - CSP, SolarCap - PV",1100,730,60.11,682,37.27,600,32.79,864,47.21,28,1.53,18,fuel_price,16,17,94.12,210,2025,2050,target,CHN
REMIND 2.1,R2p1_SSP5-Base,1836,17,"BiomassCap, BiomassCap - w/ CCS, BiomassCap - w/o CCS, CoalCap, CoalCap - w/ CCS, CoalCap - w/o CCS, GasCap, GasCap - w/ CCS, GasCap - w/o CCS, GeothermalCap, HydroCap, Hydrogen, NuclearCap, OilCap, OilCap - w/o CCS, SolarCap - CSP, SolarCap - PV",1188,648,64.71,972,52.94,888,48.37,864,47.06,0,0.0,12,"efficiency_decimal,lifetime_years,capital_cost_usd_per_mw,om_cost_usd_per_mw_per_yr,fuel_price",13,17,76.47,210,2025,2050,target,CHN
REMIND 2.1,R2p1_SSP5-NDC,1836,17,"BiomassCap, BiomassCap - w/ CCS, BiomassCap - w/o CCS, CoalCap, CoalCap - w/ CCS, CoalCap - w/o CCS, GasCap, GasCap - w/ CCS, GasCap - w/o CCS, GeothermalCap, HydroCap, Hydrogen, NuclearCap, OilCap, OilCap - w/o CCS, SolarCap - CSP, SolarCap - PV",1092,744,59.48,684,37.25,600,32.68,864,47.06,0,0.0,13,fuel_price,16,17,94.12,210,2025,2050,target,CHN
REMIND 2.1,R2p1_SSP5-NPi,1836,17,"BiomassCap, BiomassCap - w/ CCS, BiomassCap - w/o CCS, CoalCap, CoalCap - w/ CCS, CoalCap - w/o CCS, GasCap, GasCap - w/ CCS, GasCap - w/o CCS, GeothermalCap, HydroCap, Hydrogen, NuclearCap, OilCap, OilCap - w/o CCS, SolarCap - CSP, SolarCap - PV",1092,744,59.48,684,37.25,600,32.68,864,47.06,0,0.0,12,fuel_price,15,17,88.24,210,2025,2050,target,CHN
REMIND 2.1,R2p1_SSP5-PkBudg1100,1824,17,"BiomassCap, BiomassCap - w/ CCS, BiomassCap - w/o CCS, CoalCap, CoalCap - w/ CCS, CoalCap - w/o CCS, GasCap, GasCap - w/ CCS, GasCap - w/o CCS, GeothermalCap, HydroCap, Hydrogen, NuclearCap, OilCap, OilCap - w/o CCS, SolarCap - CSP, SolarCap - PV",1108,716,60.75,680,37.28,600,32.89,864,47.37,56,3.07,18,fuel_price,16,17,94.12,210,2025,2050,target,CHN
REMIND 2.1,R2p1_SSP5-PkBudg1300,1830,17,"BiomassCap, BiomassCap - w/ CCS, BiomassCap - w/o CCS, CoalCap, CoalCap - w/ CCS, CoalCap - w/o CCS, GasCap, GasCap - w/ CCS, GasCap - w/o CCS, GeothermalCap, HydroCap, Hydrogen, NuclearCap, OilCap, OilCap - w/o CCS, SolarCap - CSP, SolarCap - PV",1100,730,60.11,682,37.27,600,32.79,864,47.21,28,1.53,18,fuel_price,16,17,94.12,210,2025,2050,target,CHN
REMIND 2.1,R2p1_SSP5-PkBudg900,1812,17,"BiomassCap, BiomassCap - w/ CCS, BiomassCap - w/o CCS, CoalCap, CoalCap - w/ CCS, CoalCap - w/o CCS, GasCap, GasCap - w/ CCS, GasCap - w/o CCS, GeothermalCap, HydroCap, Hydrogen, NuclearCap, OilCap, OilCap - w/o CCS, SolarCap - CSP, SolarCap - PV",1134,678,62.58,676,37.31,600,33.11,882,48.68,112,6.18,26,fuel_price,16,17,94.12,210,2025,2050,target,CHN
REMIND 2.1,TechCost-SSP2-B1100-bioH,1836,17,"BiomassCap, BiomassCap - w/ CCS, BiomassCap - w/o CCS, CoalCap, CoalCap - w/ CCS, CoalCap - w/o CCS, GasCap, GasCap - w/ CCS, GasCap - w/o CCS, GeothermalCap, HydroCap, Hydrogen, NuclearCap, OilCap, OilCap - w/o CCS, SolarCap - CSP, SolarCap - PV",1092,744,59.48,684,37.25,600,32.68,864,47.06,0,0.0,13,fuel_price,16,17,94.12,210,2025,2050,target,CHN
REMIND 2.1,TechCost-SSP2-B1100-ccsH,1836,17,"BiomassCap, BiomassCap - w/ CCS, BiomassCap - w/o CCS, CoalCap, CoalCap - w/ CCS, CoalCap - w/o CCS, GasCap, GasCap - w/ CCS, GasCap - w/o CCS, GeothermalCap, HydroCap, Hydrogen, NuclearCap, OilCap, OilCap - w/o CCS, SolarCap - CSP, SolarCap - PV",1092,744,59.48,684,37.25,600,32.68,864,47.06,0,0.0,13,fuel_price,16,17,94.12,210,2025,2050,target,CHN
REMIND 2.1,TechCost-SSP2-B1100-coalH,1836,17,"BiomassCap, BiomassCap - w/ CCS, BiomassCap - w/o CCS, CoalCap, CoalCap - w/ CCS, CoalCap - w/o CCS, GasCap, GasCap - w/ CCS, GasCap - w/o CCS, GeothermalCap, HydroCap, Hydrogen, NuclearCap, OilCap, OilCap - w/o CCS, SolarCap - CSP, SolarCap - PV",1092,744,59.48,684,37.25,600,32.68,864,47.06,0,0.0,13,fuel_price,16,17,94.12,210,2025,2050,target,CHN
REMIND 2.1,TechCost-SSP2-B1100-elh2H,1836,17,"BiomassCap, BiomassCap - w/ CCS, BiomassCap - w/o CCS, CoalCap, CoalCap - w/ CCS, CoalCap - w/o CCS, GasCap, GasCap - w/ CCS, GasCap - w/o CCS, GeothermalCap, HydroCap, Hydrogen, NuclearCap, OilCap, OilCap - w/o CCS, SolarCap - CSP, SolarCap - PV",1092,744,59.48,684,37.25,600,32.68,864,47.06,0,0.0,13,fuel_price,16,17,94.12,210,2025,2050,target,CHN
REMIND 2.1,TechCost-SSP2-B1100-gasH,1836,17,"BiomassCap, BiomassCap - w/ CCS, BiomassCap - w/o CCS, CoalCap, CoalCap - w/ CCS, CoalCap - w/o CCS, GasCap, GasCap - w/ CCS, GasCap - w/o CCS, GeothermalCap, HydroCap, Hydrogen, NuclearCap, OilCap, OilCap - w/o CCS, SolarCap - CSP, SolarCap - PV",1092,744,59.48,684,37.25,600,32.68,864,47.06,0,0.0,13,fuel_price,16,17,94.12,210,2025,2050,target,CHN
REMIND 2.1,TechCost-SSP2-B1100-nucH,1836,17,"BiomassCap, BiomassCap - w/ CCS, BiomassCap - w/o CCS, CoalCap, CoalCap - w/ CCS, CoalCap - w/o CCS, GasCap, GasCap - w/ CCS, GasCap - w/o CCS, GeothermalCap, HydroCap, Hydrogen, NuclearCap, OilCap, OilCap - w/o CCS, SolarCap - CSP, SolarCap - PV",1092,744,59.48,684,37.25,600,32.68,864,47.06,0,0.0,13,fuel_price,16,17,94.12,210,2025,2050,target,CHN
REMIND 2.1,TechCost-SSP2-B1100-oilH,1836,17,"BiomassCap, BiomassCap - w/ CCS, BiomassCap - w/o CCS, CoalCap, CoalCap - w/ CCS, CoalCap - w/o CCS, GasCap, GasCap - w/ CCS, GasCap - w/o CCS, GeothermalCap, HydroCap, Hydrogen, NuclearCap, OilCap, OilCap - w/o CCS, SolarCap - CSP, SolarCap - PV",1092,744,59.48,684,37.25,600,32.68,864,47.06,0,0.0,13,fuel_price,16,17,94.12,210,2025,2050,target,CHN
REMIND 2.1,TechCost-SSP2-B1100-spvH,1836,17,"BiomassCap, BiomassCap - w/ CCS, BiomassCap - w/o CCS, CoalCap, CoalCap - w/ CCS, CoalCap - w/o CCS, GasCap, GasCap - w/ CCS, GasCap - w/o CCS, GeothermalCap, HydroCap, Hydrogen, NuclearCap, OilCap, OilCap - w/o CCS, SolarCap - CSP, SolarCap - PV",1092,744,59.48,684,37.25,600,32.68,864,47.06,0,0.0,13,fuel_price,16,17,94.12,210,2025,2050,target,CHN
REMIND 2.1,TechCost-SSP2-B1100-windH,1836,17,"BiomassCap, BiomassCap - w/ CCS, BiomassCap - w/o CCS, CoalCap, CoalCap - w/ CCS, CoalCap - w/o CCS, GasCap, GasCap - w/ CCS, GasCap - w/o CCS, GeothermalCap, HydroCap, Hydrogen, NuclearCap, OilCap, OilCap - w/o CCS, SolarCap - CSP, SolarCap - PV",1092,744,59.48,684,37.25,600,32.68,864,47.06,0,0.0,13,fuel_price,16,17,94.12,210,2025,2050,target,CHN
REMIND-Buildings 2.0,BEG-Base,1836,17,"BiomassCap, BiomassCap - w/ CCS, BiomassCap - w/o CCS, CoalCap, CoalCap - w/ CCS, CoalCap - w/o CCS, GasCap, GasCap - w/ CCS, GasCap - w/o CCS, GeothermalCap, HydroCap, Hydrogen, NuclearCap, OilCap, OilCap - w/o CCS, SolarCap - CSP, SolarCap - PV",1188,648,64.71,972,52.94,888,48.37,864,47.06,0,0.0,17,"efficiency_decimal,capital_cost_usd_per_mw,om_cost_usd_per_mw_per_yr,fuel_price",12,17,70.59,210,2025,2050,target,CHN
REMIND-Buildings 2.0,BEG-Budg600,1836,17,"BiomassCap, BiomassCap - w/ CCS, BiomassCap - w/o CCS, CoalCap, CoalCap - w/ CCS, CoalCap - w/o CCS, GasCap, GasCap - w/ CCS, GasCap - w/o CCS, GeothermalCap, HydroCap, Hydrogen, NuclearCap, OilCap, OilCap - w/o CCS, SolarCap - CSP, SolarCap - PV",1092,744,59.48,684,37.25,600,32.68,864,47.06,0,0.0,17,fuel_price,15,17,88.24,210,2025,2050,target,CHN
REMIND-Buildings 2.0,BEG-Budg600-EG,1836,17,"BiomassCap, BiomassCap - w/ CCS, BiomassCap - w/o CCS, CoalCap, CoalCap - w/ CCS, CoalCap - w/o CCS, GasCap, GasCap - w/ CCS, GasCap - w/o CCS, GeothermalCap, HydroCap, Hydrogen, NuclearCap, OilCap, OilCap - w/o CCS, SolarCap - CSP, SolarCap - PV",1092,744,59.48,684,37.25,600,32.68,864,47.06,0,0.0,17,fuel_price,15,17,88.24,210,2025,2050,target,CHN
REMIND-Buildings 2.0,BEG-EG,1836,17,"BiomassCap, BiomassCap - w/ CCS, BiomassCap - w/o CCS, CoalCap, CoalCap - w/ CCS, CoalCap - w/o CCS, GasCap, GasCap - w/ CCS, GasCap - w/o CCS, GeothermalCap, HydroCap, Hydrogen, NuclearCap, OilCap, OilCap - w/o CCS, SolarCap - CSP, SolarCap - PV",1188,648,64.71,972,52.94,888,48.37,864,47.06,0,0.0,17,"efficiency_decimal,capital_cost_usd_per_mw,om_cost_usd_per_mw_per_yr,fuel_price",12,17,70.59,210,2025,2050,target,CHN
REMIND-H13 2.1,START_BAU,1836,17,"BiomassCap, BiomassCap - w/ CCS, BiomassCap - w/o CCS, CoalCap, CoalCap - w/ CCS, CoalCap - w/o CCS, GasCap, GasCap - w/ CCS, GasCap - w/o CCS, GeothermalCap, HydroCap, Hydrogen, NuclearCap, OilCap, OilCap - w/o CCS, SolarCap - CSP, SolarCap - PV",1188,648,64.71,972,52.94,882,48.04,864,47.06,0,0.0,17,"efficiency_decimal,lifetime_years,capital_cost_usd_per_mw,om_cost_usd_per_mw_per_yr,fuel_price",12,17,70.59,210,2025,2050,target,CHN
REMIND-H13 2.1,START_Current_Policies,1836,17,"BiomassCap, BiomassCap - w/ CCS, BiomassCap - w/o CCS, CoalCap, CoalCap - w/ CCS, CoalCap - w/o CCS, GasCap, GasCap - w/ CCS, GasCap - w/o CCS, GeothermalCap, HydroCap, Hydrogen, NuclearCap, OilCap, OilCap - w/o CCS, SolarCap - CSP, SolarCap - PV",1091,745,59.42,681,37.09,591,32.19,864,47.06,0,0.0,16,fuel_price,14,17,82.35,210,2025,2050,target,CHN
REMIND-H13 2.1,START_Net-zero,1836,17,"BiomassCap, BiomassCap - w/ CCS, BiomassCap - w/o CCS, CoalCap, CoalCap - w/ CCS, CoalCap - w/o CCS, GasCap, GasCap - w/ CCS, GasCap - w/o CCS, GeothermalCap, HydroCap, Hydrogen, NuclearCap, OilCap, OilCap - w/o CCS, SolarCap - CSP, SolarCap - PV",1091,745,59.42,681,37.09,591,32.19,864,47.06,0,0.0,16,fuel_price,15,17,88.24,210,2025,2050,target,CHN
REMIND-H13 2.1,START_Net-zero_noLandUse_CDRlim,1833,17,"BiomassCap, BiomassCap - w/ CCS, BiomassCap - w/o CCS, CoalCap, CoalCap - w/ CCS, CoalCap - w/o CCS, GasCap, GasCap - w/ CCS, GasCap - w/o CCS, GeothermalCap, HydroCap, Hydrogen, NuclearCap, OilCap, OilCap - w/o CCS, SolarCap - CSP, SolarCap - PV",1095,738,59.74,680,37.1,591,32.24,864,47.14,14,0.76,21,fuel_price,15,17,88.24,210,2025,2050,target,CHN
REMIND-H13 2.1,START_Net-zero_noNuc_lowVRE,1836,17,"BiomassCap, BiomassCap - w/ CCS, BiomassCap - w/o CCS, CoalCap, CoalCap - w/ CCS, CoalCap - w/o CCS, GasCap, GasCap - w/ CCS, GasCap - w/o CCS, GeothermalCap, HydroCap, Hydrogen, NuclearCap, OilCap, OilCap - w/o CCS, SolarCap - CSP, SolarCap - PV",1109,727,60.4,699,38.07,591,32.19,864,47.06,0,0.0,17,fuel_price,15,17,88.24,210,2025,2050,target,CHN
REMIND-MAgPIE 1.7-3.0,CD-LINKS_INDC2030i_1000,1848,19,"BiomassCap, BiomassCap - w/ CCS, BiomassCap - w/o CCS, CoalCap, CoalCap - w/ CCS, CoalCap - w/o CCS, GasCap, GasCap - w/ CCS, GasCap - w/o CCS, GeothermalCap, HydroCap, Hydrogen, NuclearCap, OilCap, OilCap - w/o CCS, SolarCap - CSP, SolarCap - PV, WindCap - Offshore, WindCap - Onshore",972,876,52.6,540,29.22,756,40.91,864,46.75,0,0.0,12,fuel_price,12,19,63.16,210,2025,2050,target,CHN
REMIND-MAgPIE 1.7-3.0,CD-LINKS_INDC2030i_1600,1848,19,"BiomassCap, BiomassCap - w/ CCS, BiomassCap - w/o CCS, CoalCap, CoalCap - w/ CCS, CoalCap - w/o CCS, GasCap, GasCap - w/ CCS, GasCap - w/o CCS, GeothermalCap, HydroCap, Hydrogen, NuclearCap, OilCap, OilCap - w/o CCS, SolarCap - CSP, SolarCap - PV, WindCap - Offshore, WindCap - Onshore",972,876,52.6,540,29.22,756,40.91,864,46.75,0,0.0,12,fuel_price,12,19,63.16,210,2025,2050,target,CHN
REMIND-MAgPIE 1.7-3.0,CD-LINKS_INDC2030i_400,1848,19,"BiomassCap, BiomassCap - w/ CCS, BiomassCap - w/o CCS, CoalCap, CoalCap - w/ CCS, CoalCap - w/o CCS, GasCap, GasCap - w/ CCS, GasCap - w/o CCS, GeothermalCap, HydroCap, Hydrogen, NuclearCap, OilCap, OilCap - w/o CCS, SolarCap - CSP, SolarCap - PV, WindCap - Offshore, WindCap - Onshore",972,876,52.6,540,29.22,756,40.91,864,46.75,0,0.0,12,fuel_price,12,19,63.16,210,2025,2050,target,CHN
REMIND-MAgPIE 1.7-3.0,CD-LINKS_INDCi,1848,19,"BiomassCap, BiomassCap - w/ CCS, BiomassCap - w/o CCS, CoalCap, CoalCap - w/ CCS, CoalCap - w/o CCS, GasCap, GasCap - w/ CCS, GasCap - w/o CCS, GeothermalCap, HydroCap, Hydrogen, NuclearCap, OilCap, OilCap - w/o CCS, SolarCap - CSP, SolarCap - PV, WindCap - Offshore, WindCap - Onshore",972,876,52.6,540,29.22,756,40.91,864,46.75,0,0.0,12,fuel_price,11,19,57.89,210,2025,2050,target,CHN
REMIND-MAgPIE 1.7-3.0,CD-LINKS_NPi,1848,19,"BiomassCap, BiomassCap - w/ CCS, BiomassCap - w/o CCS, CoalCap, CoalCap - w/ CCS, CoalCap - w/o CCS, GasCap, GasCap - w/ CCS, GasCap - w/o CCS, GeothermalCap, HydroCap, Hydrogen, NuclearCap, OilCap, OilCap - w/o CCS, SolarCap - CSP, SolarCap - PV, WindCap - Offshore, WindCap - Onshore",972,876,52.6,540,29.22,756,40.91,864,46.75,0,0.0,12,fuel_price,11,19,57.89,210,2025,2050,target,CHN
REMIND-MAgPIE 1.7-3.0,CD-LINKS_NPi2020_1000,1848,19,"BiomassCap, BiomassCap - w/ CCS, BiomassCap - w/o CCS, CoalCap, CoalCap - w/ CCS, CoalCap - w/o CCS, GasCap, GasCap - w/ CCS, GasCap - w/o CCS, GeothermalCap, HydroCap, Hydrogen, NuclearCap, OilCap, OilCap - w/o CCS, SolarCap - CSP, SolarCap - PV, WindCap - Offshore, WindCap - Onshore",972,876,52.6,540,29.22,756,40.91,864,46.75,0,0.0,12,fuel_price,12,19,63.16,210,2025,2050,target,CHN
REMIND-MAgPIE 1.7-3.0,CD-LINKS_NPi2020_1600,1848,19,"BiomassCap, BiomassCap - w/ CCS, BiomassCap - w/o CCS, CoalCap, CoalCap - w/ CCS, CoalCap - w/o CCS, GasCap, GasCap - w/ CCS, GasCap - w/o CCS, GeothermalCap, HydroCap, Hydrogen, NuclearCap, OilCap, OilCap - w/o CCS, SolarCap - CSP, SolarCap - PV, WindCap - Offshore, WindCap - Onshore",972,876,52.6,540,29.22,756,40.91,864,46.75,0,0.0,12,fuel_price,12,19,63.16,210,2025,2050,target,CHN
REMIND-MAgPIE 1.7-3.0,CD-LINKS_NPi2020_400,1848,19,"BiomassCap, BiomassCap - w/ CCS, BiomassCap - w/o CCS, CoalCap, CoalCap - w/ CCS, CoalCap - w/o CCS, GasCap, GasCap - w/ CCS, GasCap - w/o CCS, GeothermalCap, HydroCap, Hydrogen, NuclearCap, OilCap, OilCap - w/o CCS, SolarCap - CSP, SolarCap - PV, WindCap - Offshore, WindCap - Onshore",972,876,52.6,540,29.22,756,40.91,864,46.75,0,0.0,12,fuel_price,12,19,63.16,210,2025,2050,target,CHN
REMIND-MAgPIE 1.7-3.0,CD-LINKS_NoPolicy,1848,19,"BiomassCap, BiomassCap - w/ CCS, BiomassCap - w/o CCS, CoalCap, CoalCap - w/ CCS, CoalCap - w/o CCS, GasCap, GasCap - w/ CCS, GasCap - w/o CCS, GeothermalCap, HydroCap, Hydrogen, NuclearCap, OilCap, OilCap - w/o CCS, SolarCap - CSP, SolarCap - PV, WindCap - Offshore, WindCap - Onshore",972,876,52.6,540,29.22,756,40.91,864,46.75,0,0.0,12,fuel_price,10,19,52.63,210,2025,2050,target,CHN
REMIND-MAgPIE 1.7-3.0,CO_2Deg2020,1836,17,"BiomassCap, BiomassCap - w/ CCS, BiomassCap - w/o CCS, CoalCap, CoalCap - w/ CCS, CoalCap - w/o CCS, GasCap, GasCap - w/ CCS, GasCap - w/o CCS, GeothermalCap, HydroCap, Hydrogen, NuclearCap, OilCap, OilCap - w/o CCS, SolarCap - CSP, SolarCap - PV",1188,648,64.71,972,52.94,864,47.06,864,47.06,0,0.0,13,"efficiency_decimal,lifetime_years,capital_cost_usd_per_mw,om_cost_usd_per_mw_per_yr,fuel_price",12,17,70.59,210,2025,2050,target,CHN
REMIND-MAgPIE 1.7-3.0,CO_2Deg2030,1836,17,"BiomassCap, BiomassCap - w/ CCS, BiomassCap - w/o CCS, CoalCap, CoalCap - w/ CCS, CoalCap - w/o CCS, GasCap, GasCap - w/ CCS, GasCap - w/o CCS, GeothermalCap, HydroCap, Hydrogen, NuclearCap, OilCap, OilCap - w/o CCS, SolarCap - CSP, SolarCap - PV",1188,648,64.71,972,52.94,864,47.06,864,47.06,0,0.0,13,"efficiency_decimal,lifetime_years,capital_cost_usd_per_mw,om_cost_usd_per_mw_per_yr,fuel_price",12,17,70.59,210,2025,2050,target,CHN
REMIND-MAgPIE 1.7-3.0,CO_BAU,1836,17,"BiomassCap, BiomassCap - w/ CCS, BiomassCap - w/o CCS, CoalCap, CoalCap - w/ CCS, CoalCap - w/o CCS, GasCap, GasCap - w/ CCS, GasCap - w/o CCS, GeothermalCap, HydroCap, Hydrogen, NuclearCap, OilCap, OilCap - w/o CCS, SolarCap - CSP, SolarCap - PV",1296,540,70.59,1188,64.71,1080,58.82,864,47.06,0,0.0,17,"efficiency_decimal,lifetime_years,capital_cost_usd_per_mw,om_cost_usd_per_mw_per_yr,fuel_price",10,17,58.82,210,2025,2050,target,CHN
REMIND-MAgPIE 1.7-3.0,CO_Bridge,1836,17,"BiomassCap, BiomassCap - w/ CCS, BiomassCap - w/o CCS, CoalCap, CoalCap - w/ CCS, CoalCap - w/o CCS, GasCap, GasCap - w/ CCS, GasCap - w/o CCS, GeothermalCap, HydroCap, Hydrogen, NuclearCap, OilCap, OilCap - w/o CCS, SolarCap - CSP, SolarCap - PV",1188,648,64.71,972,52.94,864,47.06,864,47.06,0,0.0,13,"efficiency_decimal,lifetime_years,capital_cost_usd_per_mw,om_cost_usd_per_mw_per_yr,fuel_price",12,17,70.59,210,2025,2050,target,CHN
REMIND-MAgPIE 1.7-3.0,CO_CurPol,1836,17,"BiomassCap, BiomassCap - w/ CCS, BiomassCap - w/o CCS, CoalCap, CoalCap - w/ CCS, CoalCap - w/o CCS, GasCap, GasCap - w/ CCS, GasCap - w/o CCS, GeothermalCap, HydroCap, Hydrogen, NuclearCap, OilCap, OilCap - w/o CCS, SolarCap - CSP, SolarCap - PV",1188,648,64.71,972,52.94,864,47.06,864,47.06,0,0.0,13,"efficiency_decimal,lifetime_years,capital_cost_usd_per_mw,om_cost_usd_per_mw_per_yr,fuel_price",11,17,64.71,210,2025,2050,target,CHN
REMIND-MAgPIE 1.7-3.0,CO_GPP,1836,17,"BiomassCap, BiomassCap - w/ CCS, BiomassCap - w/o CCS, CoalCap, CoalCap - w/ CCS, CoalCap - w/o CCS, GasCap, GasCap - w/ CCS, GasCap - w/o CCS, GeothermalCap, HydroCap, Hydrogen, NuclearCap, OilCap, OilCap - w/o CCS, SolarCap - CSP, SolarCap - PV",1188,648,64.71,972,52.94,864,47.06,864,47.06,0,0.0,13,"efficiency_decimal,lifetime_years,capital_cost_usd_per_mw,om_cost_usd_per_mw_per_yr,fuel_price",12,17,70.59,210,2025,2050,target,CHN
REMIND-MAgPIE 1.7-3.0,CO_NDCplus,1836,17,"BiomassCap, BiomassCap - w/ CCS, BiomassCap - w/o CCS, CoalCap, CoalCap - w/ CCS, CoalCap - w/o CCS, GasCap, GasCap - w/ CCS, GasCap - w/o CCS, GeothermalCap, HydroCap, Hydrogen, NuclearCap, OilCap, OilCap - w/o CCS, SolarCap - CSP, SolarCap - PV",1188,648,64.71,972,52.94,864,47.06,864,47.06,0,0.0,13,"efficiency_decimal,lifetime_years,capital_cost_usd_per_mw,om_cost_usd_per_mw_per_yr,fuel_price",11,17,64.71,210,2025,2050,target,CHN
REMIND-MAgPIE 1.7-3.0,PEP_1p5C_full_NDC,1848,19,"BiomassCap, BiomassCap - w/ CCS, BiomassCap - w/o CCS, CoalCap, CoalCap - w/ CCS, CoalCap - w/o CCS, GasCap, GasCap - w/ CCS, GasCap - w/o CCS, GeothermalCap, HydroCap, Hydrogen, NuclearCap, OilCap, OilCap - w/o CCS, SolarCap - CSP, SolarCap - PV, WindCap - Offshore, WindCap - Onshore",972,876,52.6,540,29.22,756,40.91,864,46.75,0,0.0,12,fuel_price,12,19,63.16,210,2025,2050,target,CHN
REMIND-MAgPIE 1.7-3.0,PEP_1p5C_full_eff,1848,19,"BiomassCap, BiomassCap - w/ CCS, BiomassCap - w/o CCS, CoalCap, CoalCap - w/ CCS, CoalCap - w/o CCS, GasCap, GasCap - w/ CCS, GasCap - w/o CCS, GeothermalCap, HydroCap, Hydrogen, NuclearCap, OilCap, OilCap - w/o CCS, SolarCap - CSP, SolarCap - PV, WindCap - Offshore, WindCap - Onshore",972,876,52.6,540,29.22,756,40.91,864,46.75,0,0.0,12,fuel_price,12,19,63.16,210,2025,2050,target,CHN
REMIND-MAgPIE 1.7-3.0,PEP_1p5C_full_goodpractice,1848,19,"BiomassCap, BiomassCap - w/ CCS, BiomassCap - w/o CCS, CoalCap, CoalCap - w/ CCS, CoalCap - w/o CCS, GasCap, GasCap - w/ CCS, GasCap - w/o CCS, GeothermalCap, HydroCap, Hydrogen, NuclearCap, OilCap, OilCap - w/o CCS, SolarCap - CSP, SolarCap - PV, WindCap - Offshore, WindCap - Onshore",972,876,52.6,540,29.22,756,40.91,864,46.75,0,0.0,12,fuel_price,12,19,63.16,210,2025,2050,target,CHN
REMIND-MAgPIE 1.7-3.0,PEP_1p5C_full_netzero,1848,19,"BiomassCap, BiomassCap - w/ CCS, BiomassCap - w/o CCS, CoalCap, CoalCap - w/ CCS, CoalCap - w/o CCS, GasCap, GasCap - w/ CCS, GasCap - w/o CCS, GeothermalCap, HydroCap, Hydrogen, NuclearCap, OilCap, OilCap - w/o CCS, SolarCap - CSP, SolarCap - PV, WindCap - Offshore, WindCap - Onshore",972,876,52.6,540,29.22,756,40.91,864,46.75,0,0.0,12,fuel_price,12,19,63.16,210,2025,2050,target,CHN
REMIND-MAgPIE 1.7-3.0,PEP_1p5C_red_eff,1848,19,"BiomassCap, BiomassCap - w/ CCS, BiomassCap - w/o CCS, CoalCap, CoalCap - w/ CCS, CoalCap - w/o CCS, GasCap, GasCap - w/ CCS, GasCap - w/o CCS, GeothermalCap, HydroCap, Hydrogen, NuclearCap, OilCap, OilCap - w/o CCS, SolarCap - CSP, SolarCap - PV, WindCap - Offshore, WindCap - Onshore",1038,810,56.17,540,29.22,756,40.91,963,52.11,0,0.0,12,fuel_price,12,19,63.16,210,2025,2050,target,CHN
REMIND-MAgPIE 1.7-3.0,PEP_2C_full_NDC,1848,19,"BiomassCap, BiomassCap - w/ CCS, BiomassCap - w/o CCS, CoalCap, CoalCap - w/ CCS, CoalCap - w/o CCS, GasCap, GasCap - w/ CCS, GasCap - w/o CCS, GeothermalCap, HydroCap, Hydrogen, NuclearCap, OilCap, OilCap - w/o CCS, SolarCap - CSP, SolarCap - PV, WindCap - Offshore, WindCap - Onshore",972,876,52.6,540,29.22,756,40.91,864,46.75,0,0.0,12,fuel_price,12,19,63.16,210,2025,2050,target,CHN
REMIND-MAgPIE 1.7-3.0,PEP_2C_full_eff,1848,19,"BiomassCap, BiomassCap - w/ CCS, BiomassCap - w/o CCS, CoalCap, CoalCap - w/ CCS, CoalCap - w/o CCS, GasCap, GasCap - w/ CCS, GasCap - w/o CCS, GeothermalCap, HydroCap, Hydrogen, NuclearCap, OilCap, OilCap - w/o CCS, SolarCap - CSP, SolarCap - PV, WindCap - Offshore, WindCap - Onshore",972,876,52.6,540,29.22,756,40.91,864,46.75,0,0.0,12,fuel_price,12,19,63.16,210,2025,2050,target,CHN
REMIND-MAgPIE 1.7-3.0,PEP_2C_full_goodpractice,1848,19,"BiomassCap, BiomassCap - w/ CCS, BiomassCap - w/o CCS, CoalCap, CoalCap - w/ CCS, CoalCap - w/o CCS, GasCap, GasCap - w/ CCS, GasCap - w/o CCS, GeothermalCap, HydroCap, Hydrogen, NuclearCap, OilCap, OilCap - w/o CCS, SolarCap - CSP, SolarCap - PV, WindCap - Offshore, WindCap - Onshore",972,876,52.6,540,29.22,756,40.91,864,46.75,0,0.0,12,fuel_price,12,19,63.16,210,2025,2050,target,CHN
REMIND-MAgPIE 1.7-3.0,PEP_2C_full_netzero,1848,19,"BiomassCap, BiomassCap - w/ CCS, BiomassCap - w/o CCS, CoalCap, CoalCap - w/ CCS, CoalCap - w/o CCS, GasCap, GasCap - w/ CCS, GasCap - w/o CCS, GeothermalCap, HydroCap, Hydrogen, NuclearCap, OilCap, OilCap - w/o CCS, SolarCap - CSP, SolarCap - PV, WindCap - Offshore, WindCap - Onshore",972,876,52.6,540,29.22,756,40.91,864,46.75,0,0.0,12,fuel_price,12,19,63.16,210,2025,2050,target,CHN
REMIND-MAgPIE 1.7-3.0,PEP_2C_red_NDC,1848,19,"BiomassCap, BiomassCap - w/ CCS, BiomassCap - w/o CCS, CoalCap, CoalCap - w/ CCS, CoalCap - w/o CCS, GasCap, GasCap - w/ CCS, GasCap - w/o CCS, GeothermalCap, HydroCap, Hydrogen, NuclearCap, OilCap, OilCap - w/o CCS, SolarCap - CSP, SolarCap - PV, WindCap - Offshore, WindCap - Onshore",972,876,52.6,540,29.22,756,40.91,864,46.75,0,0.0,12,fuel_price,12,19,63.16,210,2025,2050,target,CHN
REMIND-MAgPIE 1.7-3.0,PEP_2C_red_eff,1848,19,"BiomassCap, BiomassCap - w/ CCS, BiomassCap - w/o CCS, CoalCap, CoalCap - w/ CCS, CoalCap - w/o CCS, GasCap, GasCap - w/ CCS, GasCap - w/o CCS, GeothermalCap, HydroCap, Hydrogen, NuclearCap, OilCap, OilCap - w/o CCS, SolarCap - CSP, SolarCap - PV, WindCap - Offshore, WindCap - Onshore",972,876,52.6,540,29.22,756,40.91,864,46.75,0,0.0,12,fuel_price,12,19,63.16,210,2025,2050,target,CHN
REMIND-MAgPIE 1.7-3.0,PEP_2C_red_goodpractice,1848,19,"BiomassCap, BiomassCap - w/ CCS, BiomassCap - w/o CCS, CoalCap, CoalCap - w/ CCS, CoalCap - w/o CCS, GasCap, GasCap - w/ CCS, GasCap - w/o CCS, GeothermalCap, HydroCap, Hydrogen, NuclearCap, OilCap, OilCap - w/o CCS, SolarCap - CSP, SolarCap - PV, WindCap - Offshore, WindCap - Onshore",972,876,52.6,540,29.22,756,40.91,864,46.75,0,0.0,12,fuel_price,12,19,63.16,210,2025,2050,target,CHN
REMIND-MAgPIE 1.7-3.0,PEP_2C_red_netzero,1848,19,"BiomassCap, BiomassCap - w/ CCS, BiomassCap - w/o CCS, CoalCap, CoalCap - w/ CCS, CoalCap - w/o CCS, GasCap, GasCap - w/ CCS, GasCap - w/o CCS, GeothermalCap, HydroCap, Hydrogen, NuclearCap, OilCap, OilCap - w/o CCS, SolarCap - CSP, SolarCap - PV, WindCap - Offshore, WindCap - Onshore",972,876,52.6,540,29.22,756,40.91,864,46.75,0,0.0,12,fuel_price,12,19,63.16,210,2025,2050,target,CHN
REMIND-MAgPIE 1.7-3.0,PEP_NDC,1848,19,"BiomassCap, BiomassCap - w/ CCS, BiomassCap - w/o CCS, CoalCap, CoalCap - w/ CCS, CoalCap - w/o CCS, GasCap, GasCap - w/ CCS, GasCap - w/o CCS, GeothermalCap, HydroCap, Hydrogen, NuclearCap, OilCap, OilCap - w/o CCS, SolarCap - CSP, SolarCap - PV, WindCap - Offshore, WindCap - Onshore",972,876,52.6,540,29.22,756,40.91,864,46.75,0,0.0,12,fuel_price,11,19,57.89,210,2025,2050,target,CHN
REMIND-MAgPIE 1.7-3.0,PEP_NPi,1848,19,"BiomassCap, BiomassCap - w/ CCS, BiomassCap - w/o CCS, CoalCap, CoalCap - w/ CCS, CoalCap - w/o CCS, GasCap, GasCap - w/ CCS, GasCap - w/o CCS, GeothermalCap, HydroCap, Hydrogen, NuclearCap, OilCap, OilCap - w/o CCS, SolarCap - CSP, SolarCap - PV, WindCap - Offshore, WindCap - Onshore",972,876,52.6,540,29.22,756,40.91,864,46.75,0,0.0,12,fuel_price,11,19,57.89,210,2025,2050,target,CHN
REMIND-MAgPIE 1.7-3.0,PEP_NoPolicy,1848,19,"BiomassCap, BiomassCap - w/ CCS, BiomassCap - w/o CCS, CoalCap, CoalCap - w/ CCS, CoalCap - w/o CCS, GasCap, GasCap - w/ CCS, GasCap - w/o CCS, GeothermalCap, HydroCap, Hydrogen, NuclearCap, OilCap, OilCap - w/o CCS, SolarCap - CSP, SolarCap - PV, WindCap - Offshore, WindCap - Onshore",972,876,52.6,540,29.22,756,40.91,864,46.75,0,0.0,12,fuel_price,10,19,52.63,210,2025,2050,target,CHN
REMIND-MAgPIE 1.7-3.0,PEP_goodpractice,1848,19,"BiomassCap, BiomassCap - w/ CCS, BiomassCap - w/o CCS, CoalCap, CoalCap - w/ CCS, CoalCap - w/o CCS, GasCap, GasCap - w/ CCS, GasCap - w/o CCS, GeothermalCap, HydroCap, Hydrogen, NuclearCap, OilCap, OilCap - w/o CCS, SolarCap - CSP, SolarCap - PV, WindCap - Offshore, WindCap - Onshore",972,876,52.6,540,29.22,756,40.91,864,46.75,0,0.0,12,fuel_price,12,19,63.16,210,2025,2050,target,CHN
REMIND-MAgPIE 1.7-3.0,PEP_netzero,1848,19,"BiomassCap, BiomassCap - w/ CCS, BiomassCap - w/o CCS, CoalCap, CoalCap - w/ CCS, CoalCap - w/o CCS, GasCap, GasCap - w/ CCS, GasCap - w/o CCS, GeothermalCap, HydroCap, Hydrogen, NuclearCap, OilCap, OilCap - w/o CCS, SolarCap - CSP, SolarCap - PV, WindCap - Offshore, WindCap - Onshore",972,876,52.6,540,29.22,756,40.91,864,46.75,0,0.0,12,fuel_price,12,19,63.16,210,2025,2050,target,CHN
REMIND-MAgPIE 2.0-4.1,Diff_1300Gt_hybrid_def,1731,17,"BiomassCap, BiomassCap - w/ CCS, BiomassCap - w/o CCS, CoalCap, CoalCap - w/ CCS, CoalCap - w/o CCS, GasCap, GasCap - w/ CCS, GasCap - w/o CCS, GeothermalCap, HydroCap, Hydrogen, NuclearCap, OilCap, OilCap - w/o CCS, SolarCap - CSP, SolarCap - PV",939,792,54.25,535,30.91,554,32.0,816,47.14,0,0.0,18,fuel_price,15,17,88.24,208,2025,2050,target,CHN
REMIND-MAgPIE 2.0-4.1,Diff_1300Gt_no-transfer_def,1716,17,"BiomassCap, BiomassCap - w/ CCS, BiomassCap - w/o CCS, CoalCap, CoalCap - w/ CCS, CoalCap - w/o CCS, GasCap, GasCap - w/ CCS, GasCap - w/o CCS, GeothermalCap, HydroCap, Hydrogen, NuclearCap, OilCap, OilCap - w/o CCS, SolarCap - CSP, SolarCap - PV",980,736,57.11,535,31.18,554,32.28,843,49.13,70,4.08,23,fuel_price,15,17,88.24,208,2025,2050,target,CHN
REMIND-MAgPIE 2.0-4.1,Diff_1300Gt_uniform-pricing_def,1731,17,"BiomassCap, BiomassCap - w/ CCS, BiomassCap - w/o CCS, CoalCap, CoalCap - w/ CCS, CoalCap - w/o CCS, GasCap, GasCap - w/ CCS, GasCap - w/o CCS, GeothermalCap, HydroCap, Hydrogen, NuclearCap, OilCap, OilCap - w/o CCS, SolarCap - CSP, SolarCap - PV",939,792,54.25,538,31.08,554,32.0,816,47.14,0,0.0,20,fuel_price,15,17,88.24,208,2025,2050,target,CHN
REMIND-MAgPIE 2.0-4.1,Diff_No-policy_baseline,1731,17,"BiomassCap, BiomassCap - w/ CCS, BiomassCap - w/o CCS, CoalCap, CoalCap - w/ CCS, CoalCap - w/o CCS, GasCap, GasCap - w/ CCS, GasCap - w/o CCS, GeothermalCap, HydroCap, Hydrogen, NuclearCap, OilCap, OilCap - w/o CCS, SolarCap - CSP, SolarCap - PV",939,792,54.25,535,30.91,554,32.0,816,47.14,0,0.0,18,fuel_price,12,17,70.59,208,2025,2050,target,CHN
REMIND-MAgPIE 2.1-4.2,CEMICS_SSP1-1p5C-fullCDR,1830,17,"BiomassCap, BiomassCap - w/ CCS, BiomassCap - w/o CCS, CoalCap, CoalCap - w/ CCS, CoalCap - w/o CCS, GasCap, GasCap - w/ CCS, GasCap - w/o CCS, GeothermalCap, HydroCap, Hydrogen, NuclearCap, OilCap, OilCap - w/o CCS, SolarCap - CSP, SolarCap - PV",1124,706,61.42,706,38.58,600,32.79,864,47.21,28,1.53,20,fuel_price,16,17,94.12,210,2025,2050,target,CHN
REMIND-MAgPIE 2.1-4.2,CEMICS_SSP1-1p5C-minCDR,1824,17,"BiomassCap, BiomassCap - w/ CCS, BiomassCap - w/o CCS, CoalCap, CoalCap - w/ CCS, CoalCap - w/o CCS, GasCap, GasCap - w/ CCS, GasCap - w/o CCS, GeothermalCap, HydroCap, Hydrogen, NuclearCap, OilCap, OilCap - w/o CCS, SolarCap - CSP, SolarCap - PV",1130,694,61.95,800,43.86,696,38.16,864,47.37,56,3.07,20,"efficiency_decimal,lifetime_years,capital_cost_usd_per_mw,om_cost_usd_per_mw_per_yr,fuel_price",15,17,88.24,210,2025,2050,target,CHN
REMIND-MAgPIE 2.1-4.2,CEMICS_SSP1-Npi,1836,17,"BiomassCap, BiomassCap - w/ CCS, BiomassCap - w/o CCS, CoalCap, CoalCap - w/ CCS, CoalCap - w/o CCS, GasCap, GasCap - w/ CCS, GasCap - w/o CCS, GeothermalCap, HydroCap, Hydrogen, NuclearCap, OilCap, OilCap - w/o CCS, SolarCap - CSP, SolarCap - PV",1116,720,60.78,804,43.79,698,38.02,864,47.06,0,0.0,17,"efficiency_decimal,lifetime_years,capital_cost_usd_per_mw,om_cost_usd_per_mw_per_yr,fuel_price",14,17,82.35,210,2025,2050,target,CHN
REMIND-MAgPIE 2.1-4.2,CEMICS_SSP2-1p5C-fullCDR,1830,17,"BiomassCap, BiomassCap - w/ CCS, BiomassCap - w/o CCS, CoalCap, CoalCap - w/ CCS, CoalCap - w/o CCS, GasCap, GasCap - w/ CCS, GasCap - w/o CCS, GeothermalCap, HydroCap, Hydrogen, NuclearCap, OilCap, OilCap - w/o CCS, SolarCap - CSP, SolarCap - PV",1100,730,60.11,682,37.27,600,32.79,864,47.21,28,1.53,18,fuel_price,16,17,94.12,210,2025,2050,target,CHN
REMIND-MAgPIE 2.1-4.2,CEMICS_SSP2-1p5C-minCDR,1800,17,"BiomassCap, BiomassCap - w/ CCS, BiomassCap - w/o CCS, CoalCap, CoalCap - w/ CCS, CoalCap - w/o CCS, GasCap, GasCap - w/ CCS, GasCap - w/o CCS, GeothermalCap, HydroCap, Hydrogen, NuclearCap, OilCap, OilCap - w/o CCS, SolarCap - CSP, SolarCap - PV",1150,650,63.89,768,42.67,696,38.67,882,49.0,168,9.33,26,"efficiency_decimal,lifetime_years,capital_cost_usd_per_mw,om_cost_usd_per_mw_per_yr,fuel_price",14,17,82.35,210,2025,2050,target,CHN
REMIND-MAgPIE 2.1-4.2,CEMICS_SSP2-2C-fullCDR,1836,17,"BiomassCap, BiomassCap - w/ CCS, BiomassCap - w/o CCS, CoalCap, CoalCap - w/ CCS, CoalCap - w/o CCS, GasCap, GasCap - w/ CCS, GasCap - w/o CCS, GeothermalCap, HydroCap, Hydrogen, NuclearCap, OilCap, OilCap - w/o CCS, SolarCap - CSP, SolarCap - PV",1092,744,59.48,684,37.25,600,32.68,864,47.06,0,0.0,13,fuel_price,16,17,94.12,210,2025,2050,target,CHN
REMIND-MAgPIE 2.1-4.2,CEMICS_SSP2-2C-minCDR,1836,17,"BiomassCap, BiomassCap - w/ CCS, BiomassCap - w/o CCS, CoalCap, CoalCap - w/ CCS, CoalCap - w/o CCS, GasCap, GasCap - w/ CCS, GasCap - w/o CCS, GeothermalCap, HydroCap, Hydrogen, NuclearCap, OilCap, OilCap - w/o CCS, SolarCap - CSP, SolarCap - PV",1092,744,59.48,780,42.48,696,37.91,864,47.06,0,0.0,13,"efficiency_decimal,lifetime_years,capital_cost_usd_per_mw,om_cost_usd_per_mw_per_yr,fuel_price",15,17,88.24,210,2025,2050,target,CHN
REMIND-MAgPIE 2.1-4.2,CEMICS_SSP2-Npi,1836,17,"BiomassCap, BiomassCap - w/ CCS, BiomassCap - w/o CCS, CoalCap, CoalCap - w/ CCS, CoalCap - w/o CCS, GasCap, GasCap - w/ CCS, GasCap - w/o CCS, GeothermalCap, HydroCap, Hydrogen, NuclearCap, OilCap, OilCap - w/o CCS, SolarCap - CSP, SolarCap - PV",1092,744,59.48,780,42.48,696,37.91,864,47.06,0,0.0,13,"efficiency_decimal,lifetime_years,capital_cost_usd_per_mw,om_cost_usd_per_mw_per_yr,fuel_price",14,17,82.35,210,2025,2050,target,CHN
REMIND-MAgPIE 2.1-4.2,EN_INDCi2030_1000,1842,18,"BiomassCap, BiomassCap - w/ CCS, BiomassCap - w/o CCS, CoalCap, CoalCap - w/ CCS, CoalCap - w/o CCS, GasCap, GasCap - w/ CCS, GasCap - w/o CCS, GeothermalCap, HydroCap, Hydrogen, NuclearCap, OilCap, OilCap - w/ CCS, OilCap - w/o CCS, SolarCap - CSP, SolarCap - PV",894,948,48.53,690,37.46,606,32.9,546,29.64,0,0.0,13,"efficiency_decimal,lifetime_years,capital_cost_usd_per_mw,om_cost_usd_per_mw_per_yr",15,18,83.33,210,2025,2050,target,CHN
REMIND-MAgPIE 2.1-4.2,EN_INDCi2030_1000_COV,1842,18,"BiomassCap, BiomassCap - w/ CCS, BiomassCap - w/o CCS, CoalCap, CoalCap - w/ CCS, CoalCap - w/o CCS, GasCap, GasCap - w/ CCS, GasCap - w/o CCS, GeothermalCap, HydroCap, Hydrogen, NuclearCap, OilCap, OilCap - w/ CCS, OilCap - w/o CCS, SolarCap - CSP, SolarCap - PV",896,946,48.64,690,37.46,606,32.9,549,29.8,0,0.0,13,"efficiency_decimal,lifetime_years,capital_cost_usd_per_mw,om_cost_usd_per_mw_per_yr",14,18,77.78,210,2025,2050,target,CHN
REMIND-MAgPIE 2.1-4.2,EN_INDCi2030_1000_COV_NDCp,1842,18,"BiomassCap, BiomassCap - w/ CCS, BiomassCap - w/o CCS, CoalCap, CoalCap - w/ CCS, CoalCap - w/o CCS, GasCap, GasCap - w/ CCS, GasCap - w/o CCS, GeothermalCap, HydroCap, Hydrogen, NuclearCap, OilCap, OilCap - w/ CCS, OilCap - w/o CCS, SolarCap - CSP, SolarCap - PV",896,946,48.64,690,37.46,606,32.9,549,29.8,0,0.0,13,"efficiency_decimal,lifetime_years,capital_cost_usd_per_mw,om_cost_usd_per_mw_per_yr",14,18,77.78,210,2025,2050,target,CHN
REMIND-MAgPIE 2.1-4.2,EN_INDCi2030_1000_NDCp,1842,18,"BiomassCap, BiomassCap - w/ CCS, BiomassCap - w/o CCS, CoalCap, CoalCap - w/ CCS, CoalCap - w/o CCS, GasCap, GasCap - w/ CCS, GasCap - w/o CCS, GeothermalCap, HydroCap, Hydrogen, NuclearCap, OilCap, OilCap - w/ CCS, OilCap - w/o CCS, SolarCap - CSP, SolarCap - PV",894,948,48.53,690,37.46,606,32.9,546,29.64,0,0.0,13,"efficiency_decimal,lifetime_years,capital_cost_usd_per_mw,om_cost_usd_per_mw_per_yr",15,18,83.33,210,2025,2050,target,CHN
REMIND-MAgPIE 2.1-4.2,EN_INDCi2030_1000f,1842,18,"BiomassCap, BiomassCap - w/ CCS, BiomassCap - w/o CCS, CoalCap, CoalCap - w/ CCS, CoalCap - w/o CCS, GasCap, GasCap - w/ CCS, GasCap - w/o CCS, GeothermalCap, HydroCap, Hydrogen, NuclearCap, OilCap, OilCap - w/ CCS, OilCap - w/o CCS, SolarCap - CSP, SolarCap - PV",894,948,48.53,690,37.46,606,32.9,546,29.64,0,0.0,13,"efficiency_decimal,lifetime_years,capital_cost_usd_per_mw,om_cost_usd_per_mw_per_yr",15,18,83.33,210,2025,2050,target,CHN
REMIND-MAgPIE 2.1-4.2,EN_INDCi2030_1000f_COV,1842,18,"BiomassCap, BiomassCap - w/ CCS, BiomassCap - w/o CCS, CoalCap, CoalCap - w/ CCS, CoalCap - w/o CCS, GasCap, GasCap - w/ CCS, GasCap - w/o CCS, GeothermalCap, HydroCap, Hydrogen, NuclearCap, OilCap, OilCap - w/ CCS, OilCap - w/o CCS, SolarCap - CSP, SolarCap - PV",896,946,48.64,690,37.46,606,32.9,549,29.8,0,0.0,13,"efficiency_decimal,lifetime_years,capital_cost_usd_per_mw,om_cost_usd_per_mw_per_yr",15,18,83.33,210,2025,2050,target,CHN
REMIND-MAgPIE 2.1-4.2,EN_INDCi2030_1000f_COV_NDCp,1842,18,"BiomassCap, BiomassCap - w/ CCS, BiomassCap - w/o CCS, CoalCap, CoalCap - w/ CCS, CoalCap - w/o CCS, GasCap, GasCap - w/ CCS, GasCap - w/o CCS, GeothermalCap, HydroCap, Hydrogen, NuclearCap, OilCap, OilCap - w/ CCS, OilCap - w/o CCS, SolarCap - CSP, SolarCap - PV",896,946,48.64,690,37.46,606,32.9,549,29.8,0,0.0,13,"efficiency_decimal,lifetime_years,capital_cost_usd_per_mw,om_cost_usd_per_mw_per_yr",14,18,77.78,210,2025,2050,target,CHN
REMIND-MAgPIE 2.1-4.2,EN_INDCi2030_1000f_NDCp,1842,18,"BiomassCap, BiomassCap - w/ CCS, BiomassCap - w/o CCS, CoalCap, CoalCap - w/ CCS, CoalCap - w/o CCS, GasCap, GasCap - w/ CCS, GasCap - w/o CCS, GeothermalCap, HydroCap, Hydrogen, NuclearCap, OilCap, OilCap - w/ CCS, OilCap - w/o CCS, SolarCap - CSP, SolarCap - PV",894,948,48.53,690,37.46,606,32.9,546,29.64,0,0.0,13,"efficiency_decimal,lifetime_years,capital_cost_usd_per_mw,om_cost_usd_per_mw_per_yr",15,18,83.33,210,2025,2050,target,CHN
REMIND-MAgPIE 2.1-4.2,EN_INDCi2030_1200,1842,18,"BiomassCap, BiomassCap - w/ CCS, BiomassCap - w/o CCS, CoalCap, CoalCap - w/ CCS, CoalCap - w/o CCS, GasCap, GasCap - w/ CCS, GasCap - w/o CCS, GeothermalCap, HydroCap, Hydrogen, NuclearCap, OilCap, OilCap - w/ CCS, OilCap - w/o CCS, SolarCap - CSP, SolarCap - PV",894,948,48.53,690,37.46,606,32.9,546,29.64,0,0.0,13,"efficiency_decimal,lifetime_years,capital_cost_usd_per_mw,om_cost_usd_per_mw_per_yr",14,18,77.78,210,2025,2050,target,CHN
REMIND-MAgPIE 2.1-4.2,EN_INDCi2030_1200f,1842,18,"BiomassCap, BiomassCap - w/ CCS, BiomassCap - w/o CCS, CoalCap, CoalCap - w/ CCS, CoalCap - w/o CCS, GasCap, GasCap - w/ CCS, GasCap - w/o CCS, GeothermalCap, HydroCap, Hydrogen, NuclearCap, OilCap, OilCap - w/ CCS, OilCap - w/o CCS, SolarCap - CSP, SolarCap - PV",894,948,48.53,690,37.46,606,32.9,546,29.64,0,0.0,13,"efficiency_decimal,lifetime_years,capital_cost_usd_per_mw,om_cost_usd_per_mw_per_yr",14,18,77.78,210,2025,2050,target,CHN
REMIND-MAgPIE 2.1-4.2,EN_INDCi2030_1400,1842,18,"BiomassCap, BiomassCap - w/ CCS, BiomassCap - w/o CCS, CoalCap, CoalCap - w/ CCS, CoalCap - w/o CCS, GasCap, GasCap - w/ CCS, GasCap - w/o CCS, GeothermalCap, HydroCap, Hydrogen, NuclearCap, OilCap, OilCap - w/ CCS, OilCap - w/o CCS, SolarCap - CSP, SolarCap - PV",894,948,48.53,690,37.46,606,32.9,546,29.64,0,0.0,14,"efficiency_decimal,lifetime_years,capital_cost_usd_per_mw,om_cost_usd_per_mw_per_yr",15,18,83.33,210,2025,2050,target,CHN
REMIND-MAgPIE 2.1-4.2,EN_INDCi2030_1400f,1842,18,"BiomassCap, BiomassCap - w/ CCS, BiomassCap - w/o CCS, CoalCap, CoalCap - w/ CCS, CoalCap - w/o CCS, GasCap, GasCap - w/ CCS, GasCap - w/o CCS, GeothermalCap, HydroCap, Hydrogen, NuclearCap, OilCap, OilCap - w/ CCS, OilCap - w/o CCS, SolarCap - CSP, SolarCap - PV",894,948,48.53,690,37.46,606,32.9,546,29.64,0,0.0,14,"efficiency_decimal,lifetime_years,capital_cost_usd_per_mw,om_cost_usd_per_mw_per_yr",15,18,83.33,210,2025,2050,target,CHN
REMIND-MAgPIE 2.1-4.2,EN_INDCi2030_1600,1842,18,"BiomassCap, BiomassCap - w/ CCS, BiomassCap - w/o CCS, CoalCap, CoalCap - w/ CCS, CoalCap - w/o CCS, GasCap, GasCap - w/ CCS, GasCap - w/o CCS, GeothermalCap, HydroCap, Hydrogen, NuclearCap, OilCap, OilCap - w/ CCS, OilCap - w/o CCS, SolarCap - CSP, SolarCap - PV",894,948,48.53,690,37.46,606,32.9,546,29.64,0,0.0,14,"efficiency_decimal,lifetime_years,capital_cost_usd_per_mw,om_cost_usd_per_mw_per_yr",15,18,83.33,210,2025,2050,target,CHN
REMIND-MAgPIE 2.1-4.2,EN_INDCi2030_1600f,1842,18,"BiomassCap, BiomassCap - w/ CCS, BiomassCap - w/o CCS, CoalCap, CoalCap - w/ CCS, CoalCap - w/o CCS, GasCap, GasCap - w/ CCS, GasCap - w/o CCS, GeothermalCap, HydroCap, Hydrogen, NuclearCap, OilCap, OilCap - w/ CCS, OilCap - w/o CCS, SolarCap - CSP, SolarCap - PV",894,948,48.53,690,37.46,606,32.9,546,29.64,0,0.0,14,"efficiency_decimal,lifetime_years,capital_cost_usd_per_mw,om_cost_usd_per_mw_per_yr",15,18,83.33,210,2025,2050,target,CHN
REMIND-MAgPIE 2.1-4.2,EN_INDCi2030_1800,1842,18,"BiomassCap, BiomassCap - w/ CCS, BiomassCap - w/o CCS, CoalCap, CoalCap - w/ CCS, CoalCap - w/o CCS, GasCap, GasCap - w/ CCS, GasCap - w/o CCS, GeothermalCap, HydroCap, Hydrogen, NuclearCap, OilCap, OilCap - w/ CCS, OilCap - w/o CCS, SolarCap - CSP, SolarCap - PV",894,948,48.53,690,37.46,606,32.9,546,29.64,0,0.0,14,"efficiency_decimal,lifetime_years,capital_cost_usd_per_mw,om_cost_usd_per_mw_per_yr",15,18,83.33,210,2025,2050,target,CHN
REMIND-MAgPIE 2.1-4.2,EN_INDCi2030_1800f,1842,18,"BiomassCap, BiomassCap - w/ CCS, BiomassCap - w/o CCS, CoalCap, CoalCap - w/ CCS, CoalCap - w/o CCS, GasCap, GasCap - w/ CCS, GasCap - w/o CCS, GeothermalCap, HydroCap, Hydrogen, NuclearCap, OilCap, OilCap - w/ CCS, OilCap - w/o CCS, SolarCap - CSP, SolarCap - PV",894,948,48.53,690,37.46,606,32.9,546,29.64,0,0.0,14,"efficiency_decimal,lifetime_years,capital_cost_usd_per_mw,om_cost_usd_per_mw_per_yr",15,18,83.33,210,2025,2050,target,CHN
REMIND-MAgPIE 2.1-4.2,EN_INDCi2030_2000,1842,18,"BiomassCap, BiomassCap - w/ CCS, BiomassCap - w/o CCS, CoalCap, CoalCap - w/ CCS, CoalCap - w/o CCS, GasCap, GasCap - w/ CCS, GasCap - w/o CCS, GeothermalCap, HydroCap, Hydrogen, NuclearCap, OilCap, OilCap - w/ CCS, OilCap - w/o CCS, SolarCap - CSP, SolarCap - PV",894,948,48.53,690,37.46,606,32.9,546,29.64,0,0.0,14,"efficiency_decimal,lifetime_years,capital_cost_usd_per_mw,om_cost_usd_per_mw_per_yr",15,18,83.33,210,2025,2050,target,CHN
REMIND-MAgPIE 2.1-4.2,EN_INDCi2030_2000f,1842,18,"BiomassCap, BiomassCap - w/ CCS, BiomassCap - w/o CCS, CoalCap, CoalCap - w/ CCS, CoalCap - w/o CCS, GasCap, GasCap - w/ CCS, GasCap - w/o CCS, GeothermalCap, HydroCap, Hydrogen, NuclearCap, OilCap, OilCap - w/ CCS, OilCap - w/o CCS, SolarCap - CSP, SolarCap - PV",894,948,48.53,690,37.46,606,32.9,546,29.64,0,0.0,14,"efficiency_decimal,lifetime_years,capital_cost_usd_per_mw,om_cost_usd_per_mw_per_yr",15,18,83.33,210,2025,2050,target,CHN
REMIND-MAgPIE 2.1-4.2,EN_INDCi2030_2500,1842,18,"BiomassCap, BiomassCap - w/ CCS, BiomassCap - w/o CCS, CoalCap, CoalCap - w/ CCS, CoalCap - w/o CCS, GasCap, GasCap - w/ CCS, GasCap - w/o CCS, GeothermalCap, HydroCap, Hydrogen, NuclearCap, OilCap, OilCap - w/ CCS, OilCap - w/o CCS, SolarCap - CSP, SolarCap - PV",894,948,48.53,690,37.46,606,32.9,546,29.64,0,0.0,13,"efficiency_decimal,lifetime_years,capital_cost_usd_per_mw,om_cost_usd_per_mw_per_yr",15,18,83.33,210,2025,2050,target,CHN
REMIND-MAgPIE 2.1-4.2,EN_INDCi2030_2500f,1842,18,"BiomassCap, BiomassCap - w/ CCS, BiomassCap - w/o CCS, CoalCap, CoalCap - w/ CCS, CoalCap - w/o CCS, GasCap, GasCap - w/ CCS, GasCap - w/o CCS, GeothermalCap, HydroCap, Hydrogen, NuclearCap, OilCap, OilCap - w/ CCS, OilCap - w/o CCS, SolarCap - CSP, SolarCap - PV",894,948,48.53,690,37.46,606,32.9,546,29.64,0,0.0,13,"efficiency_decimal,lifetime_years,capital_cost_usd_per_mw,om_cost_usd_per_mw_per_yr",15,18,83.33,210,2025,2050,target,CHN
REMIND-MAgPIE 2.1-4.2,EN_INDCi2030_3000,1842,18,"BiomassCap, BiomassCap - w/ CCS, BiomassCap - w/o CCS, CoalCap, CoalCap - w/ CCS, CoalCap - w/o CCS, GasCap, GasCap - w/ CCS, GasCap - w/o CCS, GeothermalCap, HydroCap, Hydrogen, NuclearCap, OilCap, OilCap - w/ CCS, OilCap - w/o CCS, SolarCap - CSP, SolarCap - PV",894,948,48.53,690,37.46,606,32.9,546,29.64,0,0.0,13,"efficiency_decimal,lifetime_years,capital_cost_usd_per_mw,om_cost_usd_per_mw_per_yr",15,18,83.33,210,2025,2050,target,CHN
REMIND-MAgPIE 2.1-4.2,EN_INDCi2030_3000f,1842,18,"BiomassCap, BiomassCap - w/ CCS, BiomassCap - w/o CCS, CoalCap, CoalCap - w/ CCS, CoalCap - w/o CCS, GasCap, GasCap - w/ CCS, GasCap - w/o CCS, GeothermalCap, HydroCap, Hydrogen, NuclearCap, OilCap, OilCap - w/ CCS, OilCap - w/o CCS, SolarCap - CSP, SolarCap - PV",894,948,48.53,690,37.46,606,32.9,546,29.64,0,0.0,13,"efficiency_decimal,lifetime_years,capital_cost_usd_per_mw,om_cost_usd_per_mw_per_yr",15,18,83.33,210,2025,2050,target,CHN
REMIND-MAgPIE 2.1-4.2,EN_INDCi2030_300f,1842,18,"BiomassCap, BiomassCap - w/ CCS, BiomassCap - w/o CCS, CoalCap, CoalCap - w/ CCS, CoalCap - w/o CCS, GasCap, GasCap - w/ CCS, GasCap - w/o CCS, GeothermalCap, HydroCap, Hydrogen, NuclearCap, OilCap, OilCap - w/ CCS, OilCap - w/o CCS, SolarCap - CSP, SolarCap - PV",894,948,48.53,690,37.46,606,32.9,546,29.64,0,0.0,13,"efficiency_decimal,lifetime_years,capital_cost_usd_per_mw,om_cost_usd_per_mw_per_yr",15,18,83.33,210,2025,2050,target,CHN
REMIND-MAgPIE 2.1-4.2,EN_INDCi2030_400f,1842,18,"BiomassCap, BiomassCap - w/ CCS, BiomassCap - w/o CCS, CoalCap, CoalCap - w/ CCS, CoalCap - w/o CCS, GasCap, GasCap - w/ CCS, GasCap - w/o CCS, GeothermalCap, HydroCap, Hydrogen, NuclearCap, OilCap, OilCap - w/ CCS, OilCap - w/o CCS, SolarCap - CSP, SolarCap - PV",894,948,48.53,690,37.46,606,32.9,546,29.64,0,0.0,13,"efficiency_decimal,lifetime_years,capital_cost_usd_per_mw,om_cost_usd_per_mw_per_yr",15,18,83.33,210,2025,2050,target,CHN
REMIND-MAgPIE 2.1-4.2,EN_INDCi2030_500f,1842,18,"BiomassCap, BiomassCap - w/ CCS, BiomassCap - w/o CCS, CoalCap, CoalCap - w/ CCS, CoalCap - w/o CCS, GasCap, GasCap - w/ CCS, GasCap - w/o CCS, GeothermalCap, HydroCap, Hydrogen, NuclearCap, OilCap, OilCap - w/ CCS, OilCap - w/o CCS, SolarCap - CSP, SolarCap - PV",894,948,48.53,690,37.46,606,32.9,546,29.64,0,0.0,13,"efficiency_decimal,lifetime_years,capital_cost_usd_per_mw,om_cost_usd_per_mw_per_yr",15,18,83.33,210,2025,2050,target,CHN
REMIND-MAgPIE 2.1-4.2,EN_INDCi2030_600_COV,1824,18,"BiomassCap, BiomassCap - w/ CCS, BiomassCap - w/o CCS, CoalCap, CoalCap - w/ CCS, CoalCap - w/o CCS, GasCap, GasCap - w/ CCS, GasCap - w/o CCS, GeothermalCap, HydroCap, Hydrogen, NuclearCap, OilCap, OilCap - w/ CCS, OilCap - w/o CCS, SolarCap - CSP, SolarCap - PV",1018,806,55.81,684,37.5,606,33.22,702,38.49,84,4.61,18,fuel_price,15,18,83.33,210,2025,2050,target,CHN
REMIND-MAgPIE 2.1-4.2,EN_INDCi2030_600_COV_NDCp,1824,18,"BiomassCap, BiomassCap - w/ CCS, BiomassCap - w/o CCS, CoalCap, CoalCap - w/ CCS, CoalCap - w/o CCS, GasCap, GasCap - w/ CCS, GasCap - w/o CCS, GeothermalCap, HydroCap, Hydrogen, NuclearCap, OilCap, OilCap - w/ CCS, OilCap - w/o CCS, SolarCap - CSP, SolarCap - PV",1022,802,56.03,684,37.5,606,33.22,702,38.49,84,4.61,18,fuel_price,15,18,83.33,210,2025,2050,target,CHN
REMIND-MAgPIE 2.1-4.2,EN_INDCi2030_600f,1842,18,"BiomassCap, BiomassCap - w/ CCS, BiomassCap - w/o CCS, CoalCap, CoalCap - w/ CCS, CoalCap - w/o CCS, GasCap, GasCap - w/ CCS, GasCap - w/o CCS, GeothermalCap, HydroCap, Hydrogen, NuclearCap, OilCap, OilCap - w/ CCS, OilCap - w/o CCS, SolarCap - CSP, SolarCap - PV",894,948,48.53,690,37.46,606,32.9,546,29.64,0,0.0,13,"efficiency_decimal,lifetime_years,capital_cost_usd_per_mw,om_cost_usd_per_mw_per_yr",15,18,83.33,210,2025,2050,target,CHN
REMIND-MAgPIE 2.1-4.2,EN_INDCi2030_600f_COV,1842,18,"BiomassCap, BiomassCap - w/ CCS, BiomassCap - w/o CCS, CoalCap, CoalCap - w/ CCS, CoalCap - w/o CCS, GasCap, GasCap - w/ CCS, GasCap - w/o CCS, GeothermalCap, HydroCap, Hydrogen, NuclearCap, OilCap, OilCap - w/ CCS, OilCap - w/o CCS, SolarCap - CSP, SolarCap - PV",896,946,48.64,690,37.46,606,32.9,549,29.8,0,0.0,13,"efficiency_decimal,lifetime_years,capital_cost_usd_per_mw,om_cost_usd_per_mw_per_yr",15,18,83.33,210,2025,2050,target,CHN
REMIND-MAgPIE 2.1-4.2,EN_INDCi2030_600f_COV_NDCp,1842,18,"BiomassCap, BiomassCap - w/ CCS, BiomassCap - w/o CCS, CoalCap, CoalCap - w/ CCS, CoalCap - w/o CCS, GasCap, GasCap - w/ CCS, GasCap - w/o CCS, GeothermalCap, HydroCap, Hydrogen, NuclearCap, OilCap, OilCap - w/ CCS, OilCap - w/o CCS, SolarCap - CSP, SolarCap - PV",896,946,48.64,690,37.46,606,32.9,549,29.8,0,0.0,13,"efficiency_decimal,lifetime_years,capital_cost_usd_per_mw,om_cost_usd_per_mw_per_yr",15,18,83.33,210,2025,2050,target,CHN
REMIND-MAgPIE 2.1-4.2,EN_INDCi2030_600f_NDCp,1842,18,"BiomassCap, BiomassCap - w/ CCS, BiomassCap - w/o CCS, CoalCap, CoalCap - w/ CCS, CoalCap - w/o CCS, GasCap, GasCap - w/ CCS, GasCap - w/o CCS, GeothermalCap, HydroCap, Hydrogen, NuclearCap, OilCap, OilCap - w/ CCS, OilCap - w/o CCS, SolarCap - CSP, SolarCap - PV",894,948,48.53,690,37.46,606,32.9,546,29.64,0,0.0,13,"efficiency_decimal,lifetime_years,capital_cost_usd_per_mw,om_cost_usd_per_mw_per_yr",15,18,83.33,210,2025,2050,target,CHN
REMIND-MAgPIE 2.1-4.2,EN_INDCi2030_700,1836,18,"BiomassCap, BiomassCap - w/ CCS, BiomassCap - w/o CCS, CoalCap, CoalCap - w/ CCS, CoalCap - w/o CCS, GasCap, GasCap - w/ CCS, GasCap - w/o CCS, GeothermalCap, HydroCap, Hydrogen, NuclearCap, OilCap, OilCap - w/ CCS, OilCap - w/o CCS, SolarCap - CSP, SolarCap - PV",976,860,53.16,688,37.47,606,33.01,657,35.78,28,1.53,18,fuel_price,15,18,83.33,210,2025,2050,target,CHN
REMIND-MAgPIE 2.1-4.2,EN_INDCi2030_700f,1842,18,"BiomassCap, BiomassCap - w/ CCS, BiomassCap - w/o CCS, CoalCap, CoalCap - w/ CCS, CoalCap - w/o CCS, GasCap, GasCap - w/ CCS, GasCap - w/o CCS, GeothermalCap, HydroCap, Hydrogen, NuclearCap, OilCap, OilCap - w/ CCS, OilCap - w/o CCS, SolarCap - CSP, SolarCap - PV",894,948,48.53,690,37.46,606,32.9,546,29.64,0,0.0,13,"efficiency_decimal,lifetime_years,capital_cost_usd_per_mw,om_cost_usd_per_mw_per_yr",15,18,83.33,210,2025,2050,target,CHN
REMIND-MAgPIE 2.1-4.2,EN_INDCi2030_800,1842,18,"BiomassCap, BiomassCap - w/ CCS, BiomassCap - w/o CCS, CoalCap, CoalCap - w/ CCS, CoalCap - w/o CCS, GasCap, GasCap - w/ CCS, GasCap - w/o CCS, GeothermalCap, HydroCap, Hydrogen, NuclearCap, OilCap, OilCap - w/ CCS, OilCap - w/o CCS, SolarCap - CSP, SolarCap - PV",900,942,48.86,690,37.46,606,32.9,555,30.13,0,0.0,13,"efficiency_decimal,lifetime_years,capital_cost_usd_per_mw,om_cost_usd_per_mw_per_yr",15,18,83.33,210,2025,2050,target,CHN
REMIND-MAgPIE 2.1-4.2,EN_INDCi2030_800f,1842,18,"BiomassCap, BiomassCap - w/ CCS, BiomassCap - w/o CCS, CoalCap, CoalCap - w/ CCS, CoalCap - w/o CCS, GasCap, GasCap - w/ CCS, GasCap - w/o CCS, GeothermalCap, HydroCap, Hydrogen, NuclearCap, OilCap, OilCap - w/ CCS, OilCap - w/o CCS, SolarCap - CSP, SolarCap - PV",894,948,48.53,690,37.46,606,32.9,546,29.64,0,0.0,13,"efficiency_decimal,lifetime_years,capital_cost_usd_per_mw,om_cost_usd_per_mw_per_yr",15,18,83.33,210,2025,2050,target,CHN
REMIND-MAgPIE 2.1-4.2,EN_INDCi2030_900,1842,18,"BiomassCap, BiomassCap - w/ CCS, BiomassCap - w/o CCS, CoalCap, CoalCap - w/ CCS, CoalCap - w/o CCS, GasCap, GasCap - w/ CCS, GasCap - w/o CCS, GeothermalCap, HydroCap, Hydrogen, NuclearCap, OilCap, OilCap - w/ CCS, OilCap - w/o CCS, SolarCap - CSP, SolarCap - PV",894,948,48.53,690,37.46,606,32.9,546,29.64,0,0.0,13,"efficiency_decimal,lifetime_years,capital_cost_usd_per_mw,om_cost_usd_per_mw_per_yr",15,18,83.33,210,2025,2050,target,CHN
REMIND-MAgPIE 2.1-4.2,EN_INDCi2030_900f,1842,18,"BiomassCap, BiomassCap - w/ CCS, BiomassCap - w/o CCS, CoalCap, CoalCap - w/ CCS, CoalCap - w/o CCS, GasCap, GasCap - w/ CCS, GasCap - w/o CCS, GeothermalCap, HydroCap, Hydrogen, NuclearCap, OilCap, OilCap - w/ CCS, OilCap - w/o CCS, SolarCap - CSP, SolarCap - PV",894,948,48.53,690,37.46,606,32.9,546,29.64,0,0.0,13,"efficiency_decimal,lifetime_years,capital_cost_usd_per_mw,om_cost_usd_per_mw_per_yr",15,18,83.33,210,2025,2050,target,CHN
REMIND-MAgPIE 2.1-4.2,EN_INDCi2100,1842,18,"BiomassCap, BiomassCap - w/ CCS, BiomassCap - w/o CCS, CoalCap, CoalCap - w/ CCS, CoalCap - w/o CCS, GasCap, GasCap - w/ CCS, GasCap - w/o CCS, GeothermalCap, HydroCap, Hydrogen, NuclearCap, OilCap, OilCap - w/ CCS, OilCap - w/o CCS, SolarCap - CSP, SolarCap - PV",894,948,48.53,690,37.46,606,32.9,546,29.64,0,0.0,14,"efficiency_decimal,lifetime_years,capital_cost_usd_per_mw,om_cost_usd_per_mw_per_yr",14,18,77.78,210,2025,2050,target,CHN
REMIND-MAgPIE 2.1-4.2,EN_INDCi2100_COV,1842,18,"BiomassCap, BiomassCap - w/ CCS, BiomassCap - w/o CCS, CoalCap, CoalCap - w/ CCS, CoalCap - w/o CCS, GasCap, GasCap - w/ CCS, GasCap - w/o CCS, GeothermalCap, HydroCap, Hydrogen, NuclearCap, OilCap, OilCap - w/ CCS, OilCap - w/o CCS, SolarCap - CSP, SolarCap - PV",896,946,48.64,690,37.46,606,32.9,549,29.8,0,0.0,14,"efficiency_decimal,lifetime_years,capital_cost_usd_per_mw,om_cost_usd_per_mw_per_yr",14,18,77.78,210,2025,2050,target,CHN
REMIND-MAgPIE 2.1-4.2,EN_INDCi2100_COV_NDCp,1842,18,"BiomassCap, BiomassCap - w/ CCS, BiomassCap - w/o CCS, CoalCap, CoalCap - w/ CCS, CoalCap - w/o CCS, GasCap, GasCap - w/ CCS, GasCap - w/o CCS, GeothermalCap, HydroCap, Hydrogen, NuclearCap, OilCap, OilCap - w/ CCS, OilCap - w/o CCS, SolarCap - CSP, SolarCap - PV",896,946,48.64,690,37.46,606,32.9,549,29.8,0,0.0,14,"efficiency_decimal,lifetime_years,capital_cost_usd_per_mw,om_cost_usd_per_mw_per_yr",14,18,77.78,210,2025,2050,target,CHN
REMIND-MAgPIE 2.1-4.2,EN_INDCi2100_NDCp,1842,18,"BiomassCap, BiomassCap - w/ CCS, BiomassCap - w/o CCS, CoalCap, CoalCap - w/ CCS, CoalCap - w/o CCS, GasCap, GasCap - w/ CCS, GasCap - w/o CCS, GeothermalCap, HydroCap, Hydrogen, NuclearCap, OilCap, OilCap - w/ CCS, OilCap - w/o CCS, SolarCap - CSP, SolarCap - PV",894,948,48.53,690,37.46,606,32.9,546,29.64,0,0.0,14,"efficiency_decimal,lifetime_years,capital_cost_usd_per_mw,om_cost_usd_per_mw_per_yr",14,18,77.78,210,2025,2050,target,CHN
REMIND-MAgPIE 2.1-4.2,EN_NPi2020_1000,1842,18,"BiomassCap, BiomassCap - w/ CCS, BiomassCap - w/o CCS, CoalCap, CoalCap - w/ CCS, CoalCap - w/o CCS, GasCap, GasCap - w/ CCS, GasCap - w/o CCS, GeothermalCap, HydroCap, Hydrogen, NuclearCap, OilCap, OilCap - w/ CCS, OilCap - w/o CCS, SolarCap - CSP, SolarCap - PV",894,948,48.53,690,37.46,606,32.9,546,29.64,0,0.0,13,"efficiency_decimal,lifetime_years,capital_cost_usd_per_mw,om_cost_usd_per_mw_per_yr",15,18,83.33,210,2025,2050,target,CHN
REMIND-MAgPIE 2.1-4.2,EN_NPi2020_1000_COV,1842,18,"BiomassCap, BiomassCap - w/ CCS, BiomassCap - w/o CCS, CoalCap, CoalCap - w/ CCS, CoalCap - w/o CCS, GasCap, GasCap - w/ CCS, GasCap - w/o CCS, GeothermalCap, HydroCap, Hydrogen, NuclearCap, OilCap, OilCap - w/ CCS, OilCap - w/o CCS, SolarCap - CSP, SolarCap - PV",896,946,48.64,690,37.46,606,32.9,549,29.8,0,0.0,13,"efficiency_decimal,lifetime_years,capital_cost_usd_per_mw,om_cost_usd_per_mw_per_yr",14,18,77.78,210,2025,2050,target,CHN
REMIND-MAgPIE 2.1-4.2,EN_NPi2020_1000f,1842,18,"BiomassCap, BiomassCap - w/ CCS, BiomassCap - w/o CCS, CoalCap, CoalCap - w/ CCS, CoalCap - w/o CCS, GasCap, GasCap - w/ CCS, GasCap - w/o CCS, GeothermalCap, HydroCap, Hydrogen, NuclearCap, OilCap, OilCap - w/ CCS, OilCap - w/o CCS, SolarCap - CSP, SolarCap - PV",894,948,48.53,690,37.46,606,32.9,546,29.64,0,0.0,13,"efficiency_decimal,lifetime_years,capital_cost_usd_per_mw,om_cost_usd_per_mw_per_yr",15,18,83.33,210,2025,2050,target,CHN
REMIND-MAgPIE 2.1-4.2,EN_NPi2020_1000f_COV,1842,18,"BiomassCap, BiomassCap - w/ CCS, BiomassCap - w/o CCS, CoalCap, CoalCap - w/ CCS, CoalCap - w/o CCS, GasCap, GasCap - w/ CCS, GasCap - w/o CCS, GeothermalCap, HydroCap, Hydrogen, NuclearCap, OilCap, OilCap - w/ CCS, OilCap - w/o CCS, SolarCap - CSP, SolarCap - PV",896,946,48.64,690,37.46,606,32.9,549,29.8,0,0.0,13,"efficiency_decimal,lifetime_years,capital_cost_usd_per_mw,om_cost_usd_per_mw_per_yr",15,18,83.33,210,2025,2050,target,CHN
REMIND-MAgPIE 2.1-4.2,EN_NPi2020_1200,1842,18,"BiomassCap, BiomassCap - w/ CCS, BiomassCap - w/o CCS, CoalCap, CoalCap - w/ CCS, CoalCap - w/o CCS, GasCap, GasCap - w/ CCS, GasCap - w/o CCS, GeothermalCap, HydroCap, Hydrogen, NuclearCap, OilCap, OilCap - w/ CCS, OilCap - w/o CCS, SolarCap - CSP, SolarCap - PV",894,948,48.53,690,37.46,606,32.9,546,29.64,0,0.0,13,"efficiency_decimal,lifetime_years,capital_cost_usd_per_mw,om_cost_usd_per_mw_per_yr",15,18,83.33,210,2025,2050,target,CHN
REMIND-MAgPIE 2.1-4.2,EN_NPi2020_1200f,1842,18,"BiomassCap, BiomassCap - w/ CCS, BiomassCap - w/o CCS, CoalCap, CoalCap - w/ CCS, CoalCap - w/o CCS, GasCap, GasCap - w/ CCS, GasCap - w/o CCS, GeothermalCap, HydroCap, Hydrogen, NuclearCap, OilCap, OilCap - w/ CCS, OilCap - w/o CCS, SolarCap - CSP, SolarCap - PV",894,948,48.53,690,37.46,606,32.9,546,29.64,0,0.0,13,"efficiency_decimal,lifetime_years,capital_cost_usd_per_mw,om_cost_usd_per_mw_per_yr",15,18,83.33,210,2025,2050,target,CHN
REMIND-MAgPIE 2.1-4.2,EN_NPi2020_1400,1842,18,"BiomassCap, BiomassCap - w/ CCS, BiomassCap - w/o CCS, CoalCap, CoalCap - w/ CCS, CoalCap - w/o CCS, GasCap, GasCap - w/ CCS, GasCap - w/o CCS, GeothermalCap, HydroCap, Hydrogen, NuclearCap, OilCap, OilCap - w/ CCS, OilCap - w/o CCS, SolarCap - CSP, SolarCap - PV",894,948,48.53,690,37.46,606,32.9,546,29.64,0,0.0,14,"efficiency_decimal,lifetime_years,capital_cost_usd_per_mw,om_cost_usd_per_mw_per_yr",14,18,77.78,210,2025,2050,target,CHN
REMIND-MAgPIE 2.1-4.2,EN_NPi2020_1400f,1842,18,"BiomassCap, BiomassCap - w/ CCS, BiomassCap - w/o CCS, CoalCap, CoalCap - w/ CCS, CoalCap - w/o CCS, GasCap, GasCap - w/ CCS, GasCap - w/o CCS, GeothermalCap, HydroCap, Hydrogen, NuclearCap, OilCap, OilCap - w/ CCS, OilCap - w/o CCS, SolarCap - CSP, SolarCap - PV",894,948,48.53,690,37.46,606,32.9,546,29.64,0,0.0,14,"efficiency_decimal,lifetime_years,capital_cost_usd_per_mw,om_cost_usd_per_mw_per_yr",14,18,77.78,210,2025,2050,target,CHN
REMIND-MAgPIE 2.1-4.2,EN_NPi2020_1600,1842,18,"BiomassCap, BiomassCap - w/ CCS, BiomassCap - w/o CCS, CoalCap, CoalCap - w/ CCS, CoalCap - w/o CCS, GasCap, GasCap - w/ CCS, GasCap - w/o CCS, GeothermalCap, HydroCap, Hydrogen, NuclearCap, OilCap, OilCap - w/ CCS, OilCap - w/o CCS, SolarCap - CSP, SolarCap - PV",894,948,48.53,690,37.46,606,32.9,546,29.64,0,0.0,14,"efficiency_decimal,lifetime_years,capital_cost_usd_per_mw,om_cost_usd_per_mw_per_yr",14,18,77.78,210,2025,2050,target,CHN
REMIND-MAgPIE 2.1-4.2,EN_NPi2020_1600f,1842,18,"BiomassCap, BiomassCap - w/ CCS, BiomassCap - w/o CCS, CoalCap, CoalCap - w/ CCS, CoalCap - w/o CCS, GasCap, GasCap - w/ CCS, GasCap - w/o CCS, GeothermalCap, HydroCap, Hydrogen, NuclearCap, OilCap, OilCap - w/ CCS, OilCap - w/o CCS, SolarCap - CSP, SolarCap - PV",894,948,48.53,690,37.46,606,32.9,546,29.64,0,0.0,14,"efficiency_decimal,lifetime_years,capital_cost_usd_per_mw,om_cost_usd_per_mw_per_yr",14,18,77.78,210,2025,2050,target,CHN
REMIND-MAgPIE 2.1-4.2,EN_NPi2020_1800,1842,18,"BiomassCap, BiomassCap - w/ CCS, BiomassCap - w/o CCS, CoalCap, CoalCap - w/ CCS, CoalCap - w/o CCS, GasCap, GasCap - w/ CCS, GasCap - w/o CCS, GeothermalCap, HydroCap, Hydrogen, NuclearCap, OilCap, OilCap - w/ CCS, OilCap - w/o CCS, SolarCap - CSP, SolarCap - PV",894,948,48.53,690,37.46,606,32.9,546,29.64,0,0.0,14,"efficiency_decimal,lifetime_years,capital_cost_usd_per_mw,om_cost_usd_per_mw_per_yr",14,18,77.78,210,2025,2050,target,CHN
REMIND-MAgPIE 2.1-4.2,EN_NPi2020_1800f,1842,18,"BiomassCap, BiomassCap - w/ CCS, BiomassCap - w/o CCS, CoalCap, CoalCap - w/ CCS, CoalCap - w/o CCS, GasCap, GasCap - w/ CCS, GasCap - w/o CCS, GeothermalCap, HydroCap, Hydrogen, NuclearCap, OilCap, OilCap - w/ CCS, OilCap - w/o CCS, SolarCap - CSP, SolarCap - PV",894,948,48.53,690,37.46,606,32.9,546,29.64,0,0.0,14,"efficiency_decimal,lifetime_years,capital_cost_usd_per_mw,om_cost_usd_per_mw_per_yr",14,18,77.78,210,2025,2050,target,CHN
REMIND-MAgPIE 2.1-4.2,EN_NPi2020_2000,1842,18,"BiomassCap, BiomassCap - w/ CCS, BiomassCap - w/o CCS, CoalCap, CoalCap - w/ CCS, CoalCap - w/o CCS, GasCap, GasCap - w/ CCS, GasCap - w/o CCS, GeothermalCap, HydroCap, Hydrogen, NuclearCap, OilCap, OilCap - w/ CCS, OilCap - w/o CCS, SolarCap - CSP, SolarCap - PV",894,948,48.53,690,37.46,606,32.9,546,29.64,0,0.0,14,"efficiency_decimal,lifetime_years,capital_cost_usd_per_mw,om_cost_usd_per_mw_per_yr",14,18,77.78,210,2025,2050,target,CHN
REMIND-MAgPIE 2.1-4.2,EN_NPi2020_2000f,1842,18,"BiomassCap, BiomassCap - w/ CCS, BiomassCap - w/o CCS, CoalCap, CoalCap - w/ CCS, CoalCap - w/o CCS, GasCap, GasCap - w/ CCS, GasCap - w/o CCS, GeothermalCap, HydroCap, Hydrogen, NuclearCap, OilCap, OilCap - w/ CCS, OilCap - w/o CCS, SolarCap - CSP, SolarCap - PV",894,948,48.53,690,37.46,606,32.9,546,29.64,0,0.0,14,"efficiency_decimal,lifetime_years,capital_cost_usd_per_mw,om_cost_usd_per_mw_per_yr",14,18,77.78,210,2025,2050,target,CHN
REMIND-MAgPIE 2.1-4.2,EN_NPi2020_200f,1842,18,"BiomassCap, BiomassCap - w/ CCS, BiomassCap - w/o CCS, CoalCap, CoalCap - w/ CCS, CoalCap - w/o CCS, GasCap, GasCap - w/ CCS, GasCap - w/o CCS, GeothermalCap, HydroCap, Hydrogen, NuclearCap, OilCap, OilCap - w/ CCS, OilCap - w/o CCS, SolarCap - CSP, SolarCap - PV",894,948,48.53,690,37.46,606,32.9,546,29.64,0,0.0,13,"efficiency_decimal,lifetime_years,capital_cost_usd_per_mw,om_cost_usd_per_mw_per_yr",15,18,83.33,210,2025,2050,target,CHN
REMIND-MAgPIE 2.1-4.2,EN_NPi2020_2500,1842,18,"BiomassCap, BiomassCap - w/ CCS, BiomassCap - w/o CCS, CoalCap, CoalCap - w/ CCS, CoalCap - w/o CCS, GasCap, GasCap - w/ CCS, GasCap - w/o CCS, GeothermalCap, HydroCap, Hydrogen, NuclearCap, OilCap, OilCap - w/ CCS, OilCap - w/o CCS, SolarCap - CSP, SolarCap - PV",894,948,48.53,690,37.46,606,32.9,546,29.64,0,0.0,13,"efficiency_decimal,lifetime_years,capital_cost_usd_per_mw,om_cost_usd_per_mw_per_yr",14,18,77.78,210,2025,2050,target,CHN
REMIND-MAgPIE 2.1-4.2,EN_NPi2020_2500f,1830,18,"BiomassCap, BiomassCap - w/ CCS, BiomassCap - w/o CCS, CoalCap, CoalCap - w/ CCS, CoalCap - w/o CCS, GasCap, GasCap - w/ CCS, GasCap - w/o CCS, GeothermalCap, HydroCap, Hydrogen, NuclearCap, OilCap, OilCap - w/ CCS, OilCap - w/o CCS, SolarCap - CSP, SolarCap - PV",918,912,50.16,686,37.49,606,33.11,558,30.49,58,3.17,24,"efficiency_decimal,lifetime_years,capital_cost_usd_per_mw,om_cost_usd_per_mw_per_yr",14,18,77.78,210,2025,2050,target,CHN
REMIND-MAgPIE 2.1-4.2,EN_NPi2020_3000,1842,18,"BiomassCap, BiomassCap - w/ CCS, BiomassCap - w/o CCS, CoalCap, CoalCap - w/ CCS, CoalCap - w/o CCS, GasCap, GasCap - w/ CCS, GasCap - w/o CCS, GeothermalCap, HydroCap, Hydrogen, NuclearCap, OilCap, OilCap - w/ CCS, OilCap - w/o CCS, SolarCap - CSP, SolarCap - PV",894,948,48.53,690,37.46,606,32.9,546,29.64,0,0.0,13,"efficiency_decimal,lifetime_years,capital_cost_usd_per_mw,om_cost_usd_per_mw_per_yr",14,18,77.78,210,2025,2050,target,CHN
REMIND-MAgPIE 2.1-4.2,EN_NPi2020_3000f,1842,18,"BiomassCap, BiomassCap - w/ CCS, BiomassCap - w/o CCS, CoalCap, CoalCap - w/ CCS, CoalCap - w/o CCS, GasCap, GasCap - w/ CCS, GasCap - w/o CCS, GeothermalCap, HydroCap, Hydrogen, NuclearCap, OilCap, OilCap - w/ CCS, OilCap - w/o CCS, SolarCap - CSP, SolarCap - PV",894,948,48.53,690,37.46,606,32.9,546,29.64,0,0.0,13,"efficiency_decimal,lifetime_years,capital_cost_usd_per_mw,om_cost_usd_per_mw_per_yr",14,18,77.78,210,2025,2050,target,CHN
REMIND-MAgPIE 2.1-4.2,EN_NPi2020_300f,1842,18,"BiomassCap, BiomassCap - w/ CCS, BiomassCap - w/o CCS, CoalCap, CoalCap - w/ CCS, CoalCap - w/o CCS, GasCap, GasCap - w/ CCS, GasCap - w/o CCS, GeothermalCap, HydroCap, Hydrogen, NuclearCap, OilCap, OilCap - w/ CCS, OilCap - w/o CCS, SolarCap - CSP, SolarCap - PV",894,948,48.53,690,37.46,606,32.9,546,29.64,0,0.0,13,"efficiency_decimal,lifetime_years,capital_cost_usd_per_mw,om_cost_usd_per_mw_per_yr",15,18,83.33,210,2025,2050,target,CHN
REMIND-MAgPIE 2.1-4.2,EN_NPi2020_400,1797,18,"BiomassCap, BiomassCap - w/ CCS, BiomassCap - w/o CCS, CoalCap, CoalCap - w/ CCS, CoalCap - w/o CCS, GasCap, GasCap - w/ CCS, GasCap - w/o CCS, GeothermalCap, HydroCap, Hydrogen, NuclearCap, OilCap, OilCap - w/ CCS, OilCap - w/o CCS, SolarCap - CSP, SolarCap - PV",1050,747,58.43,675,37.56,606,33.72,672,37.4,210,11.69,26,fuel_price,15,18,83.33,210,2025,2050,target,CHN
REMIND-MAgPIE 2.1-4.2,EN_NPi2020_400f,1842,18,"BiomassCap, BiomassCap - w/ CCS, BiomassCap - w/o CCS, CoalCap, CoalCap - w/ CCS, CoalCap - w/o CCS, GasCap, GasCap - w/ CCS, GasCap - w/o CCS, GeothermalCap, HydroCap, Hydrogen, NuclearCap, OilCap, OilCap - w/ CCS, OilCap - w/o CCS, SolarCap - CSP, SolarCap - PV",894,948,48.53,690,37.46,606,32.9,546,29.64,0,0.0,13,"efficiency_decimal,lifetime_years,capital_cost_usd_per_mw,om_cost_usd_per_mw_per_yr",15,18,83.33,210,2025,2050,target,CHN
REMIND-MAgPIE 2.1-4.2,EN_NPi2020_500,1842,18,"BiomassCap, BiomassCap - w/ CCS, BiomassCap - w/o CCS, CoalCap, CoalCap - w/ CCS, CoalCap - w/o CCS, GasCap, GasCap - w/ CCS, GasCap - w/o CCS, GeothermalCap, HydroCap, Hydrogen, NuclearCap, OilCap, OilCap - w/ CCS, OilCap - w/o CCS, SolarCap - CSP, SolarCap - PV",900,942,48.86,690,37.46,606,32.9,555,30.13,0,0.0,13,"efficiency_decimal,lifetime_years,capital_cost_usd_per_mw,om_cost_usd_per_mw_per_yr",15,18,83.33,210,2025,2050,target,CHN
REMIND-MAgPIE 2.1-4.2,EN_NPi2020_500f,1842,18,"BiomassCap, BiomassCap - w/ CCS, BiomassCap - w/o CCS, CoalCap, CoalCap - w/ CCS, CoalCap - w/o CCS, GasCap, GasCap - w/ CCS, GasCap - w/o CCS, GeothermalCap, HydroCap, Hydrogen, NuclearCap, OilCap, OilCap - w/ CCS, OilCap - w/o CCS, SolarCap - CSP, SolarCap - PV",894,948,48.53,690,37.46,606,32.9,546,29.64,0,0.0,13,"efficiency_decimal,lifetime_years,capital_cost_usd_per_mw,om_cost_usd_per_mw_per_yr",15,18,83.33,210,2025,2050,target,CHN
REMIND-MAgPIE 2.1-4.2,EN_NPi2020_600,1842,18,"BiomassCap, BiomassCap - w/ CCS, BiomassCap - w/o CCS, CoalCap, CoalCap - w/ CCS, CoalCap - w/o CCS, GasCap, GasCap - w/ CCS, GasCap - w/o CCS, GeothermalCap, HydroCap, Hydrogen, NuclearCap, OilCap, OilCap - w/ CCS, OilCap - w/o CCS, SolarCap - CSP, SolarCap - PV",894,948,48.53,690,37.46,606,32.9,546,29.64,0,0.0,13,"efficiency_decimal,lifetime_years,capital_cost_usd_per_mw,om_cost_usd_per_mw_per_yr",15,18,83.33,210,2025,2050,target,CHN
REMIND-MAgPIE 2.1-4.2,EN_NPi2020_600_COV,1842,18,"BiomassCap, BiomassCap - w/ CCS, BiomassCap - w/o CCS, CoalCap, CoalCap - w/ CCS, CoalCap - w/o CCS, GasCap, GasCap - w/ CCS, GasCap - w/o CCS, GeothermalCap, HydroCap, Hydrogen, NuclearCap, OilCap, OilCap - w/ CCS, OilCap - w/o CCS, SolarCap - CSP, SolarCap - PV",896,946,48.64,690,37.46,606,32.9,549,29.8,0,0.0,13,"efficiency_decimal,lifetime_years,capital_cost_usd_per_mw,om_cost_usd_per_mw_per_yr",15,18,83.33,210,2025,2050,target,CHN
REMIND-MAgPIE 2.1-4.2,EN_NPi2020_600f,1842,18,"BiomassCap, BiomassCap - w/ CCS, BiomassCap - w/o CCS, CoalCap, CoalCap - w/ CCS, CoalCap - w/o CCS, GasCap, GasCap - w/ CCS, GasCap - w/o CCS, GeothermalCap, HydroCap, Hydrogen, NuclearCap, OilCap, OilCap - w/ CCS, OilCap - w/o CCS, SolarCap - CSP, SolarCap - PV",894,948,48.53,690,37.46,606,32.9,546,29.64,0,0.0,13,"efficiency_decimal,lifetime_years,capital_cost_usd_per_mw,om_cost_usd_per_mw_per_yr",15,18,83.33,210,2025,2050,target,CHN
REMIND-MAgPIE 2.1-4.2,EN_NPi2020_600f_COV,1842,18,"BiomassCap, BiomassCap - w/ CCS, BiomassCap - w/o CCS, CoalCap, CoalCap - w/ CCS, CoalCap - w/o CCS, GasCap, GasCap - w/ CCS, GasCap - w/o CCS, GeothermalCap, HydroCap, Hydrogen, NuclearCap, OilCap, OilCap - w/ CCS, OilCap - w/o CCS, SolarCap - CSP, SolarCap - PV",896,946,48.64,690,37.46,606,32.9,549,29.8,0,0.0,13,"efficiency_decimal,lifetime_years,capital_cost_usd_per_mw,om_cost_usd_per_mw_per_yr",15,18,83.33,210,2025,2050,target,CHN
REMIND-MAgPIE 2.1-4.2,EN_NPi2020_700,1842,18,"BiomassCap, BiomassCap - w/ CCS, BiomassCap - w/o CCS, CoalCap, CoalCap - w/ CCS, CoalCap - w/o CCS, GasCap, GasCap - w/ CCS, GasCap - w/o CCS, GeothermalCap, HydroCap, Hydrogen, NuclearCap, OilCap, OilCap - w/ CCS, OilCap - w/o CCS, SolarCap - CSP, SolarCap - PV",894,948,48.53,690,37.46,606,32.9,546,29.64,0,0.0,13,"efficiency_decimal,lifetime_years,capital_cost_usd_per_mw,om_cost_usd_per_mw_per_yr",15,18,83.33,210,2025,2050,target,CHN
REMIND-MAgPIE 2.1-4.2,EN_NPi2020_700f,1842,18,"BiomassCap, BiomassCap - w/ CCS, BiomassCap - w/o CCS, CoalCap, CoalCap - w/ CCS, CoalCap - w/o CCS, GasCap, GasCap - w/ CCS, GasCap - w/o CCS, GeothermalCap, HydroCap, Hydrogen, NuclearCap, OilCap, OilCap - w/ CCS, OilCap - w/o CCS, SolarCap - CSP, SolarCap - PV",894,948,48.53,690,37.46,606,32.9,546,29.64,0,0.0,13,"efficiency_decimal,lifetime_years,capital_cost_usd_per_mw,om_cost_usd_per_mw_per_yr",15,18,83.33,210,2025,2050,target,CHN
REMIND-MAgPIE 2.1-4.2,EN_NPi2020_800,1842,18,"BiomassCap, BiomassCap - w/ CCS, BiomassCap - w/o CCS, CoalCap, CoalCap - w/ CCS, CoalCap - w/o CCS, GasCap, GasCap - w/ CCS, GasCap - w/o CCS, GeothermalCap, HydroCap, Hydrogen, NuclearCap, OilCap, OilCap - w/ CCS, OilCap - w/o CCS, SolarCap - CSP, SolarCap - PV",894,948,48.53,690,37.46,606,32.9,546,29.64,0,0.0,13,"efficiency_decimal,lifetime_years,capital_cost_usd_per_mw,om_cost_usd_per_mw_per_yr",15,18,83.33,210,2025,2050,target,CHN
REMIND-MAgPIE 2.1-4.2,EN_NPi2020_800f,1842,18,"BiomassCap, BiomassCap - w/ CCS, BiomassCap - w/o CCS, CoalCap, CoalCap - w/ CCS, CoalCap - w/o CCS, GasCap, GasCap - w/ CCS, GasCap - w/o CCS, GeothermalCap, HydroCap, Hydrogen, NuclearCap, OilCap, OilCap - w/ CCS, OilCap - w/o CCS, SolarCap - CSP, SolarCap - PV",894,948,48.53,690,37.46,606,32.9,546,29.64,0,0.0,13,"efficiency_decimal,lifetime_years,capital_cost_usd_per_mw,om_cost_usd_per_mw_per_yr",15,18,83.33,210,2025,2050,target,CHN
REMIND-MAgPIE 2.1-4.2,EN_NPi2020_900,1842,18,"BiomassCap, BiomassCap - w/ CCS, BiomassCap - w/o CCS, CoalCap, CoalCap - w/ CCS, CoalCap - w/o CCS, GasCap, GasCap - w/ CCS, GasCap - w/o CCS, GeothermalCap, HydroCap, Hydrogen, NuclearCap, OilCap, OilCap - w/ CCS, OilCap - w/o CCS, SolarCap - CSP, SolarCap - PV",894,948,48.53,690,37.46,606,32.9,546,29.64,0,0.0,13,"efficiency_decimal,lifetime_years,capital_cost_usd_per_mw,om_cost_usd_per_mw_per_yr",15,18,83.33,210,2025,2050,target,CHN
REMIND-MAgPIE 2.1-4.2,EN_NPi2020_900f,1842,18,"BiomassCap, BiomassCap - w/ CCS, BiomassCap - w/o CCS, CoalCap, CoalCap - w/ CCS, CoalCap - w/o CCS, GasCap, GasCap - w/ CCS, GasCap - w/o CCS, GeothermalCap, HydroCap, Hydrogen, NuclearCap, OilCap, OilCap - w/ CCS, OilCap - w/o CCS, SolarCap - CSP, SolarCap - PV",894,948,48.53,690,37.46,606,32.9,546,29.64,0,0.0,13,"efficiency_decimal,lifetime_years,capital_cost_usd_per_mw,om_cost_usd_per_mw_per_yr",15,18,83.33,210,2025,2050,target,CHN
REMIND-MAgPIE 2.1-4.2,EN_NPi2100,1842,18,"BiomassCap, BiomassCap - w/ CCS, BiomassCap - w/o CCS, CoalCap, CoalCap - w/ CCS, CoalCap - w/o CCS, GasCap, GasCap - w/ CCS, GasCap - w/o CCS, GeothermalCap, HydroCap, Hydrogen, NuclearCap, OilCap, OilCap - w/ CCS, OilCap - w/o CCS, SolarCap - CSP, SolarCap - PV",894,948,48.53,690,37.46,606,32.9,546,29.64,0,0.0,13,"efficiency_decimal,lifetime_years,capital_cost_usd_per_mw,om_cost_usd_per_mw_per_yr",14,18,77.78,210,2025,2050,target,CHN
REMIND-MAgPIE 2.1-4.2,EN_NPi2100_COV,1842,18,"BiomassCap, BiomassCap - w/ CCS, BiomassCap - w/o CCS, CoalCap, CoalCap - w/ CCS, CoalCap - w/o CCS, GasCap, GasCap - w/ CCS, GasCap - w/o CCS, GeothermalCap, HydroCap, Hydrogen, NuclearCap, OilCap, OilCap - w/ CCS, OilCap - w/o CCS, SolarCap - CSP, SolarCap - PV",894,948,48.53,690,37.46,606,32.9,546,29.64,0,0.0,13,"efficiency_decimal,lifetime_years,capital_cost_usd_per_mw,om_cost_usd_per_mw_per_yr",14,18,77.78,210,2025,2050,target,CHN
REMIND-MAgPIE 2.1-4.2,EN_NoPolicy,1842,18,"BiomassCap, BiomassCap - w/ CCS, BiomassCap - w/o CCS, CoalCap, CoalCap - w/ CCS, CoalCap - w/o CCS, GasCap, GasCap - w/ CCS, GasCap - w/o CCS, GeothermalCap, HydroCap, Hydrogen, NuclearCap, OilCap, OilCap - w/ CCS, OilCap - w/o CCS, SolarCap - CSP, SolarCap - PV",1086,756,58.96,978,53.09,894,48.53,546,29.64,0,0.0,12,"efficiency_decimal,lifetime_years,capital_cost_usd_per_mw,om_cost_usd_per_mw_per_yr",12,18,66.67,210,2025,2050,target,CHN
REMIND-MAgPIE 2.1-4.2,NGFS2_Below 2°C,1620,15,"BiomassCap, BiomassCap - w/ CCS, BiomassCap - w/o CCS, CoalCap, CoalCap - w/ CCS, CoalCap - w/o CCS, GasCap, GasCap - w/ CCS, GasCap - w/o CCS, GeothermalCap, HydroCap, Hydrogen, NuclearCap, OilCap, OilCap - w/o CCS",1620,0,100.0,1620,100.0,1620,100.0,864,53.33,0,0.0,14,"lifetime_years,om_cost_usd_per_mw_per_yr",13,15,86.67,210,2025,2050,target,CHN
REMIND-MAgPIE 2.1-4.2,NGFS2_Below 2°C - IPD-95th,1620,15,"BiomassCap, BiomassCap - w/ CCS, BiomassCap - w/o CCS, CoalCap, CoalCap - w/ CCS, CoalCap - w/o CCS, GasCap, GasCap - w/ CCS, GasCap - w/o CCS, GeothermalCap, HydroCap, Hydrogen, NuclearCap, OilCap, OilCap - w/o CCS",1620,0,100.0,1620,100.0,1620,100.0,864,53.33,0,0.0,14,"lifetime_years,om_cost_usd_per_mw_per_yr",13,15,86.67,210,2025,2050,target,CHN
REMIND-MAgPIE 2.1-4.2,NGFS2_Below 2°C - IPD-median,1620,15,"BiomassCap, BiomassCap - w/ CCS, BiomassCap - w/o CCS, CoalCap, CoalCap - w/ CCS, CoalCap - w/o CCS, GasCap, GasCap - w/ CCS, GasCap - w/o CCS, GeothermalCap, HydroCap, Hydrogen, NuclearCap, OilCap, OilCap - w/o CCS",1620,0,100.0,1620,100.0,1620,100.0,864,53.33,0,0.0,14,"lifetime_years,om_cost_usd_per_mw_per_yr",13,15,86.67,210,2025,2050,target,CHN
REMIND-MAgPIE 2.1-4.2,NGFS2_Current Policies,1620,15,"BiomassCap, BiomassCap - w/ CCS, BiomassCap - w/o CCS, CoalCap, CoalCap - w/ CCS, CoalCap - w/o CCS, GasCap, GasCap - w/ CCS, GasCap - w/o CCS, GeothermalCap, HydroCap, Hydrogen, NuclearCap, OilCap, OilCap - w/o CCS",1620,0,100.0,1620,100.0,1620,100.0,864,53.33,0,0.0,14,"lifetime_years,om_cost_usd_per_mw_per_yr",12,15,80.0,210,2025,2050,target,CHN
REMIND-MAgPIE 2.1-4.2,NGFS2_Current Policies - IPD-95th,1620,15,"BiomassCap, BiomassCap - w/ CCS, BiomassCap - w/o CCS, CoalCap, CoalCap - w/ CCS, CoalCap - w/o CCS, GasCap, GasCap - w/ CCS, GasCap - w/o CCS, GeothermalCap, HydroCap, Hydrogen, NuclearCap, OilCap, OilCap - w/o CCS",1620,0,100.0,1620,100.0,1620,100.0,864,53.33,0,0.0,14,"lifetime_years,om_cost_usd_per_mw_per_yr",12,15,80.0,210,2025,2050,target,CHN
REMIND-MAgPIE 2.1-4.2,NGFS2_Current Policies - IPD-median,1620,15,"BiomassCap, BiomassCap - w/ CCS, BiomassCap - w/o CCS, CoalCap, CoalCap - w/ CCS, CoalCap - w/o CCS, GasCap, GasCap - w/ CCS, GasCap - w/o CCS, GeothermalCap, HydroCap, Hydrogen, NuclearCap, OilCap, OilCap - w/o CCS",1620,0,100.0,1620,100.0,1620,100.0,864,53.33,0,0.0,14,"lifetime_years,om_cost_usd_per_mw_per_yr",12,15,80.0,210,2025,2050,target,CHN
REMIND-MAgPIE 2.1-4.2,NGFS2_Delayed Transition,1620,15,"BiomassCap, BiomassCap - w/ CCS, BiomassCap - w/o CCS, CoalCap, CoalCap - w/ CCS, CoalCap - w/o CCS, GasCap, GasCap - w/ CCS, GasCap - w/o CCS, GeothermalCap, HydroCap, Hydrogen, NuclearCap, OilCap, OilCap - w/o CCS",1620,0,100.0,1620,100.0,1620,100.0,870,53.7,0,0.0,14,"lifetime_years,om_cost_usd_per_mw_per_yr",13,15,86.67,210,2025,2050,target,CHN
REMIND-MAgPIE 2.1-4.2,NGFS2_Divergent Net Zero Policies,1620,15,"BiomassCap, BiomassCap - w/ CCS, BiomassCap - w/o CCS, CoalCap, CoalCap - w/ CCS, CoalCap - w/o CCS, GasCap, GasCap - w/ CCS, GasCap - w/o CCS, GeothermalCap, HydroCap, Hydrogen, NuclearCap, OilCap, OilCap - w/o CCS",1620,0,100.0,1620,100.0,1620,100.0,864,53.33,0,0.0,14,"lifetime_years,om_cost_usd_per_mw_per_yr",13,15,86.67,210,2025,2050,target,CHN
REMIND-MAgPIE 2.1-4.2,NGFS2_Nationally Determined Contributions (NDCs),1620,15,"BiomassCap, BiomassCap - w/ CCS, BiomassCap - w/o CCS, CoalCap, CoalCap - w/ CCS, CoalCap - w/o CCS, GasCap, GasCap - w/ CCS, GasCap - w/o CCS, GeothermalCap, HydroCap, Hydrogen, NuclearCap, OilCap, OilCap - w/o CCS",1620,0,100.0,1620,100.0,1620,100.0,864,53.33,0,0.0,14,"lifetime_years,om_cost_usd_per_mw_per_yr",12,15,80.0,210,2025,2050,target,CHN
REMIND-MAgPIE 2.1-4.2,NGFS2_Net-Zero 2050,1620,15,"BiomassCap, BiomassCap - w/ CCS, BiomassCap - w/o CCS, CoalCap, CoalCap - w/ CCS, CoalCap - w/o CCS, GasCap, GasCap - w/ CCS, GasCap - w/o CCS, GeothermalCap, HydroCap, Hydrogen, NuclearCap, OilCap, OilCap - w/o CCS",1620,0,100.0,1620,100.0,1620,100.0,864,53.33,0,0.0,14,"lifetime_years,om_cost_usd_per_mw_per_yr",13,15,86.67,210,2025,2050,target,CHN
REMIND-MAgPIE 2.1-4.2,NGFS2_Net-Zero 2050 - IPD-95th,1620,15,"BiomassCap, BiomassCap - w/ CCS, BiomassCap - w/o CCS, CoalCap, CoalCap - w/ CCS, CoalCap - w/o CCS, GasCap, GasCap - w/ CCS, GasCap - w/o CCS, GeothermalCap, HydroCap, Hydrogen, NuclearCap, OilCap, OilCap - w/o CCS",1620,0,100.0,1620,100.0,1620,100.0,864,53.33,0,0.0,14,"lifetime_years,om_cost_usd_per_mw_per_yr",13,15,86.67,210,2025,2050,target,CHN
REMIND-MAgPIE 2.1-4.2,NGFS2_Net-Zero 2050 - IPD-median,1620,15,"BiomassCap, BiomassCap - w/ CCS, BiomassCap - w/o CCS, CoalCap, CoalCap - w/ CCS, CoalCap - w/o CCS, GasCap, GasCap - w/ CCS, GasCap - w/o CCS, GeothermalCap, HydroCap, Hydrogen, NuclearCap, OilCap, OilCap - w/o CCS",1620,0,100.0,1620,100.0,1620,100.0,864,53.33,0,0.0,14,"lifetime_years,om_cost_usd_per_mw_per_yr",13,15,86.67,210,2025,2050,target,CHN
REMIND-MAgPIE 2.1-4.2,SusDev_SDP-NPi,1836,17,"BiomassCap, BiomassCap - w/ CCS, BiomassCap - w/o CCS, CoalCap, CoalCap - w/ CCS, CoalCap - w/o CCS, GasCap, GasCap - w/ CCS, GasCap - w/o CCS, GeothermalCap, HydroCap, Hydrogen, NuclearCap, OilCap, OilCap - w/o CCS, SolarCap - CSP, SolarCap - PV",1092,744,59.48,684,37.25,600,32.68,864,47.06,0,0.0,14,fuel_price,15,17,88.24,210,2025,2050,target,CHN
REMIND-MAgPIE 2.1-4.2,SusDev_SDP-PkBudg1000,1836,17,"BiomassCap, BiomassCap - w/ CCS, BiomassCap - w/o CCS, CoalCap, CoalCap - w/ CCS, CoalCap - w/o CCS, GasCap, GasCap - w/ CCS, GasCap - w/o CCS, GeothermalCap, HydroCap, Hydrogen, NuclearCap, OilCap, OilCap - w/o CCS, SolarCap - CSP, SolarCap - PV",1092,744,59.48,684,37.25,600,32.68,864,47.06,0,0.0,13,fuel_price,16,17,94.12,210,2025,2050,target,CHN
REMIND-MAgPIE 2.1-4.2,SusDev_SSP1-NDC,1836,17,"BiomassCap, BiomassCap - w/ CCS, BiomassCap - w/o CCS, CoalCap, CoalCap - w/ CCS, CoalCap - w/o CCS, GasCap, GasCap - w/ CCS, GasCap - w/o CCS, GeothermalCap, HydroCap, Hydrogen, NuclearCap, OilCap, OilCap - w/o CCS, SolarCap - CSP, SolarCap - PV",1092,744,59.48,684,37.25,600,32.68,864,47.06,0,0.0,14,fuel_price,15,17,88.24,210,2025,2050,target,CHN
REMIND-MAgPIE 2.1-4.2,SusDev_SSP1-NPi,1836,17,"BiomassCap, BiomassCap - w/ CCS, BiomassCap - w/o CCS, CoalCap, CoalCap - w/ CCS, CoalCap - w/o CCS, GasCap, GasCap - w/ CCS, GasCap - w/o CCS, GeothermalCap, HydroCap, Hydrogen, NuclearCap, OilCap, OilCap - w/o CCS, SolarCap - CSP, SolarCap - PV",1092,744,59.48,684,37.25,600,32.68,864,47.06,0,0.0,14,fuel_price,15,17,88.24,210,2025,2050,target,CHN
REMIND-MAgPIE 2.1-4.2,SusDev_SSP1-PkBudg900,1836,17,"BiomassCap, BiomassCap - w/ CCS, BiomassCap - w/o CCS, CoalCap, CoalCap - w/ CCS, CoalCap - w/o CCS, GasCap, GasCap - w/ CCS, GasCap - w/o CCS, GeothermalCap, HydroCap, Hydrogen, NuclearCap, OilCap, OilCap - w/o CCS, SolarCap - CSP, SolarCap - PV",1092,744,59.48,684,37.25,600,32.68,864,47.06,0,0.0,13,fuel_price,16,17,94.12,210,2025,2050,target,CHN
REMIND-MAgPIE 2.1-4.2,SusDev_SSP2-NDC,1836,17,"BiomassCap, BiomassCap - w/ CCS, BiomassCap - w/o CCS, CoalCap, CoalCap - w/ CCS, CoalCap - w/o CCS, GasCap, GasCap - w/ CCS, GasCap - w/o CCS, GeothermalCap, HydroCap, Hydrogen, NuclearCap, OilCap, OilCap - w/o CCS, SolarCap - CSP, SolarCap - PV",1092,744,59.48,684,37.25,600,32.68,864,47.06,0,0.0,14,fuel_price,15,17,88.24,210,2025,2050,target,CHN
REMIND-MAgPIE 2.1-4.2,SusDev_SSP2-NPi,1836,17,"BiomassCap, BiomassCap - w/ CCS, BiomassCap - w/o CCS, CoalCap, CoalCap - w/ CCS, CoalCap - w/o CCS, GasCap, GasCap - w/ CCS, GasCap - w/o CCS, GeothermalCap, HydroCap, Hydrogen, NuclearCap, OilCap, OilCap - w/o CCS, SolarCap - CSP, SolarCap - PV",1092,744,59.48,684,37.25,600,32.68,864,47.06,0,0.0,13,fuel_price,15,17,88.24,210,2025,2050,target,CHN
REMIND-MAgPIE 2.1-4.2,SusDev_SSP2-PkBudg900,1830,17,"BiomassCap, BiomassCap - w/ CCS, BiomassCap - w/o CCS, CoalCap, CoalCap - w/ CCS, CoalCap - w/o CCS, GasCap, GasCap - w/ CCS, GasCap - w/o CCS, GeothermalCap, HydroCap, Hydrogen, NuclearCap, OilCap, OilCap - w/o CCS, SolarCap - CSP, SolarCap - PV",1100,730,60.11,682,37.27,600,32.79,864,47.21,28,1.53,18,fuel_price,16,17,94.12,210,2025,2050,target,CHN
REMIND-MAgPIE 2.1-4.3,DeepElec_SSP2_ HighRE_Budg1100,1836,17,"BiomassCap, BiomassCap - w/ CCS, BiomassCap - w/o CCS, CoalCap, CoalCap - w/ CCS, CoalCap - w/o CCS, GasCap, GasCap - w/ CCS, GasCap - w/o CCS, GeothermalCap, HydroCap, Hydrogen, NuclearCap, OilCap, OilCap - w/o CCS, SolarCap - CSP, SolarCap - PV",1092,744,59.48,684,37.25,600,32.68,864,47.06,0,0.0,13,fuel_price,15,17,88.24,210,2025,2050,target,CHN
REMIND-MAgPIE 2.1-4.3,DeepElec_SSP2_ HighRE_Budg1300,1836,17,"BiomassCap, BiomassCap - w/ CCS, BiomassCap - w/o CCS, CoalCap, CoalCap - w/ CCS, CoalCap - w/o CCS, GasCap, GasCap - w/ CCS, GasCap - w/o CCS, GeothermalCap, HydroCap, Hydrogen, NuclearCap, OilCap, OilCap - w/o CCS, SolarCap - CSP, SolarCap - PV",1092,744,59.48,684,37.25,600,32.68,864,47.06,0,0.0,13,fuel_price,15,17,88.24,210,2025,2050,target,CHN
REMIND-MAgPIE 2.1-4.3,DeepElec_SSP2_ HighRE_Budg900,1836,17,"BiomassCap, BiomassCap - w/ CCS, BiomassCap - w/o CCS, CoalCap, CoalCap - w/ CCS, CoalCap - w/o CCS, GasCap, GasCap - w/ CCS, GasCap - w/o CCS, GeothermalCap, HydroCap, Hydrogen, NuclearCap, OilCap, OilCap - w/o CCS, SolarCap - CSP, SolarCap - PV",1092,744,59.48,684,37.25,600,32.68,864,47.06,0,0.0,13,fuel_price,15,17,88.24,210,2025,2050,target,CHN
REMIND-MAgPIE 2.1-4.3,DeepElec_SSP2_Base,1836,17,"BiomassCap, BiomassCap - w/ CCS, BiomassCap - w/o CCS, CoalCap, CoalCap - w/ CCS, CoalCap - w/o CCS, GasCap, GasCap - w/ CCS, GasCap - w/o CCS, GeothermalCap, HydroCap, Hydrogen, NuclearCap, OilCap, OilCap - w/o CCS, SolarCap - CSP, SolarCap - PV",1188,648,64.71,972,52.94,888,48.37,864,47.06,0,0.0,13,"efficiency_decimal,lifetime_years,capital_cost_usd_per_mw,om_cost_usd_per_mw_per_yr,fuel_price",13,17,76.47,210,2025,2050,target,CHN
REMIND-MAgPIE 2.1-4.3,DeepElec_SSP2_Npi,1836,17,"BiomassCap, BiomassCap - w/ CCS, BiomassCap - w/o CCS, CoalCap, CoalCap - w/ CCS, CoalCap - w/o CCS, GasCap, GasCap - w/ CCS, GasCap - w/o CCS, GeothermalCap, HydroCap, Hydrogen, NuclearCap, OilCap, OilCap - w/o CCS, SolarCap - CSP, SolarCap - PV",1092,744,59.48,684,37.25,600,32.68,864,47.06,0,0.0,13,fuel_price,15,17,88.24,210,2025,2050,target,CHN
REMIND-MAgPIE 2.1-4.3,DeepElec_SSP2_def_Budg1100,1836,17,"BiomassCap, BiomassCap - w/ CCS, BiomassCap - w/o CCS, CoalCap, CoalCap - w/ CCS, CoalCap - w/o CCS, GasCap, GasCap - w/ CCS, GasCap - w/o CCS, GeothermalCap, HydroCap, Hydrogen, NuclearCap, OilCap, OilCap - w/o CCS, SolarCap - CSP, SolarCap - PV",1092,744,59.48,684,37.25,600,32.68,864,47.06,0,0.0,13,fuel_price,16,17,94.12,210,2025,2050,target,CHN
REMIND-MAgPIE 2.1-4.3,DeepElec_SSP2_def_Budg1300,1836,17,"BiomassCap, BiomassCap - w/ CCS, BiomassCap - w/o CCS, CoalCap, CoalCap - w/ CCS, CoalCap - w/o CCS, GasCap, GasCap - w/ CCS, GasCap - w/o CCS, GeothermalCap, HydroCap, Hydrogen, NuclearCap, OilCap, OilCap - w/o CCS, SolarCap - CSP, SolarCap - PV",1092,744,59.48,684,37.25,600,32.68,864,47.06,0,0.0,13,fuel_price,15,17,88.24,210,2025,2050,target,CHN
REMIND-MAgPIE 2.1-4.3,DeepElec_SSP2_def_Budg900,1836,17,"BiomassCap, BiomassCap - w/ CCS, BiomassCap - w/o CCS, CoalCap, CoalCap - w/ CCS, CoalCap - w/o CCS, GasCap, GasCap - w/ CCS, GasCap - w/o CCS, GeothermalCap, HydroCap, Hydrogen, NuclearCap, OilCap, OilCap - w/o CCS, SolarCap - CSP, SolarCap - PV",1092,744,59.48,684,37.25,600,32.68,864,47.06,0,0.0,13,fuel_price,16,17,94.12,210,2025,2050,target,CHN
REMIND-Transport 2.1,Transport_Budg1100_Conv,1830,17,"BiomassCap, BiomassCap - w/ CCS, BiomassCap - w/o CCS, CoalCap, CoalCap - w/ CCS, CoalCap - w/o CCS, GasCap, GasCap - w/ CCS, GasCap - w/o CCS, GeothermalCap, HydroCap, Hydrogen, NuclearCap, OilCap, OilCap - w/o CCS, SolarCap - CSP, SolarCap - PV",1100,730,60.11,682,37.27,600,32.79,864,47.21,28,1.53,18,fuel_price,15,17,88.24,210,2025,2050,target,CHN
REMIND-Transport 2.1,Transport_Budg1100_Conv-LowD,1830,17,"BiomassCap, BiomassCap - w/ CCS, BiomassCap - w/o CCS, CoalCap, CoalCap - w/ CCS, CoalCap - w/o CCS, GasCap, GasCap - w/ CCS, GasCap - w/o CCS, GeothermalCap, HydroCap, Hydrogen, NuclearCap, OilCap, OilCap - w/o CCS, SolarCap - CSP, SolarCap - PV",1100,730,60.11,682,37.27,600,32.79,864,47.21,28,1.53,18,fuel_price,15,17,88.24,210,2025,2050,target,CHN
REMIND-Transport 2.1,Transport_Budg1100_ConvSyn,1830,17,"BiomassCap, BiomassCap - w/ CCS, BiomassCap - w/o CCS, CoalCap, CoalCap - w/ CCS, CoalCap - w/o CCS, GasCap, GasCap - w/ CCS, GasCap - w/o CCS, GeothermalCap, HydroCap, Hydrogen, NuclearCap, OilCap, OilCap - w/o CCS, SolarCap - CSP, SolarCap - PV",1100,730,60.11,682,37.27,600,32.79,864,47.21,28,1.53,18,fuel_price,16,17,94.12,210,2025,2050,target,CHN
REMIND-Transport 2.1,Transport_Budg1100_ElecPush,1830,17,"BiomassCap, BiomassCap - w/ CCS, BiomassCap - w/o CCS, CoalCap, CoalCap - w/ CCS, CoalCap - w/o CCS, GasCap, GasCap - w/ CCS, GasCap - w/o CCS, GeothermalCap, HydroCap, Hydrogen, NuclearCap, OilCap, OilCap - w/o CCS, SolarCap - CSP, SolarCap - PV",1100,730,60.11,682,37.27,600,32.79,864,47.21,28,1.53,18,fuel_price,15,17,88.24,210,2025,2050,target,CHN
REMIND-Transport 2.1,Transport_Budg1100_ElecPush-LowD,1836,17,"BiomassCap, BiomassCap - w/ CCS, BiomassCap - w/o CCS, CoalCap, CoalCap - w/ CCS, CoalCap - w/o CCS, GasCap, GasCap - w/ CCS, GasCap - w/o CCS, GeothermalCap, HydroCap, Hydrogen, NuclearCap, OilCap, OilCap - w/o CCS, SolarCap - CSP, SolarCap - PV",1092,744,59.48,684,37.25,600,32.68,864,47.06,0,0.0,13,fuel_price,15,17,88.24,210,2025,2050,target,CHN
REMIND-Transport 2.1,Transport_Budg1100_H2Push,1830,17,"BiomassCap, BiomassCap - w/ CCS, BiomassCap - w/o CCS, CoalCap, CoalCap - w/ CCS, CoalCap - w/o CCS, GasCap, GasCap - w/ CCS, GasCap - w/o CCS, GeothermalCap, HydroCap, Hydrogen, NuclearCap, OilCap, OilCap - w/o CCS, SolarCap - CSP, SolarCap - PV",1100,730,60.11,682,37.27,600,32.79,864,47.21,28,1.53,18,fuel_price,15,17,88.24,210,2025,2050,target,CHN
REMIND-Transport 2.1,Transport_NDC_Conv,1836,17,"BiomassCap, BiomassCap - w/ CCS, BiomassCap - w/o CCS, CoalCap, CoalCap - w/ CCS, CoalCap - w/o CCS, GasCap, GasCap - w/ CCS, GasCap - w/o CCS, GeothermalCap, HydroCap, Hydrogen, NuclearCap, OilCap, OilCap - w/o CCS, SolarCap - CSP, SolarCap - PV",1092,744,59.48,684,37.25,600,32.68,864,47.06,0,0.0,13,fuel_price,15,17,88.24,210,2025,2050,target,CHN
REMIND-Transport 2.1,Transport_NPi_Conv,1836,17,"BiomassCap, BiomassCap - w/ CCS, BiomassCap - w/o CCS, CoalCap, CoalCap - w/ CCS, CoalCap - w/o CCS, GasCap, GasCap - w/ CCS, GasCap - w/o CCS, GeothermalCap, HydroCap, Hydrogen, NuclearCap, OilCap, OilCap - w/o CCS, SolarCap - CSP, SolarCap - PV",1092,744,59.48,684,37.25,600,32.68,864,47.06,0,0.0,13,fuel_price,15,17,88.24,210,2025,2050,target,CHN
REMIND_EU 2.0,Eff_1p5,1560,13,"BiomassCap, BiomassCap - w/ CCS, BiomassCap - w/o CCS, CoalCap, CoalCap - w/ CCS, CoalCap - w/o CCS, GasCap, GasCap - w/ CCS, GasCap - w/o CCS, GeothermalCap, HydroCap, NuclearCap, OilCap",1560,0,100.0,1560,100.0,1560,100.0,1200,76.92,1560,100.0,10,"efficiency_decimal,lifetime_years,capital_cost_usd_per_mw,om_cost_usd_per_mw_per_yr,fuel_price,scenario_price",0,13,0.0,208,2025,2050,target,CHN
REMIND_EU 2.0,Eff_Weak,1560,13,"BiomassCap, BiomassCap - w/ CCS, BiomassCap - w/o CCS, CoalCap, CoalCap - w/ CCS, CoalCap - w/o CCS, GasCap, GasCap - w/ CCS, GasCap - w/o CCS, GeothermalCap, HydroCap, NuclearCap, OilCap",1560,0,100.0,1560,100.0,1560,100.0,1200,76.92,1560,100.0,10,"efficiency_decimal,lifetime_years,capital_cost_usd_per_mw,om_cost_usd_per_mw_per_yr,fuel_price,scenario_price",0,13,0.0,208,2025,2050,target,CHN
REMIND_EU 2.0,Eff_min80,1560,13,"BiomassCap, BiomassCap - w/ CCS, BiomassCap - w/o CCS, CoalCap, CoalCap - w/ CCS, CoalCap - w/o CCS, GasCap, GasCap - w/ CCS, GasCap - w/o CCS, GeothermalCap, HydroCap, NuclearCap, OilCap",1560,0,100.0,1560,100.0,1560,100.0,1200,76.92,1560,100.0,10,"efficiency_decimal,lifetime_years,capital_cost_usd_per_mw,om_cost_usd_per_mw_per_yr,fuel_price,scenario_price",0,13,0.0,208,2025,2050,target,CHN
REMIND_EU 2.0,Incumb_1p5,1560,13,"BiomassCap, BiomassCap - w/ CCS, BiomassCap - w/o CCS, CoalCap, CoalCap - w/ CCS, CoalCap - w/o CCS, GasCap, GasCap - w/ CCS, GasCap - w/o CCS, GeothermalCap, HydroCap, NuclearCap, OilCap",1560,0,100.0,1560,100.0,1560,100.0,1200,76.92,1560,100.0,10,"efficiency_decimal,lifetime_years,capital_cost_usd_per_mw,om_cost_usd_per_mw_per_yr,fuel_price,scenario_price",0,13,0.0,208,2025,2050,target,CHN
REMIND_EU 2.0,Incumb_Weak,1560,13,"BiomassCap, BiomassCap - w/ CCS, BiomassCap - w/o CCS, CoalCap, CoalCap - w/ CCS, CoalCap - w/o CCS, GasCap, GasCap - w/ CCS, GasCap - w/o CCS, GeothermalCap, HydroCap, NuclearCap, OilCap",1560,0,100.0,1560,100.0,1560,100.0,1200,76.92,1560,100.0,10,"efficiency_decimal,lifetime_years,capital_cost_usd_per_mw,om_cost_usd_per_mw_per_yr,fuel_price,scenario_price",0,13,0.0,208,2025,2050,target,CHN
REMIND_EU 2.0,Incumb_min80,1560,13,"BiomassCap, BiomassCap - w/ CCS, BiomassCap - w/o CCS, CoalCap, CoalCap - w/ CCS, CoalCap - w/o CCS, GasCap, GasCap - w/ CCS, GasCap - w/o CCS, GeothermalCap, HydroCap, NuclearCap, OilCap",1560,0,100.0,1560,100.0,1560,100.0,1200,76.92,1560,100.0,10,"efficiency_decimal,lifetime_years,capital_cost_usd_per_mw,om_cost_usd_per_mw_per_yr,fuel_price,scenario_price",0,13,0.0,208,2025,2050,target,CHN
REMIND_EU 2.0,NewPl_1p5,1560,13,"BiomassCap, BiomassCap - w/ CCS, BiomassCap - w/o CCS, CoalCap, CoalCap - w/ CCS, CoalCap - w/o CCS, GasCap, GasCap - w/ CCS, GasCap - w/o CCS, GeothermalCap, HydroCap, NuclearCap, OilCap",1560,0,100.0,1560,100.0,1560,100.0,1200,76.92,1560,100.0,10,"efficiency_decimal,lifetime_years,capital_cost_usd_per_mw,om_cost_usd_per_mw_per_yr,fuel_price,scenario_price",0,13,0.0,208,2025,2050,target,CHN
REMIND_EU 2.0,NewPl_Weak,1560,13,"BiomassCap, BiomassCap - w/ CCS, BiomassCap - w/o CCS, CoalCap, CoalCap - w/ CCS, CoalCap - w/o CCS, GasCap, GasCap - w/ CCS, GasCap - w/o CCS, GeothermalCap, HydroCap, NuclearCap, OilCap",1560,0,100.0,1560,100.0,1560,100.0,1200,76.92,1560,100.0,10,"efficiency_decimal,lifetime_years,capital_cost_usd_per_mw,om_cost_usd_per_mw_per_yr,fuel_price,scenario_price",0,13,0.0,208,2025,2050,target,CHN
REMIND_EU 2.0,NewPl_min80,1560,13,"BiomassCap, BiomassCap - w/ CCS, BiomassCap - w/o CCS, CoalCap, CoalCap - w/ CCS, CoalCap - w/o CCS, GasCap, GasCap - w/ CCS, GasCap - w/o CCS, GeothermalCap, HydroCap, NuclearCap, OilCap",1560,0,100.0,1560,100.0,1560,100.0,1200,76.92,1560,100.0,10,"efficiency_decimal,lifetime_years,capital_cost_usd_per_mw,om_cost_usd_per_mw_per_yr,fuel_price,scenario_price",0,13,0.0,208,2025,2050,target,CHN
RIO-USA 1.0,100% RE,108,9,"BiomassCap - w/o CCS, CoalCap - w/o CCS, GasCap - w/ CCS, GasCap - w/o CCS, GeothermalCap, HydroCap, NuclearCap, WindCap - Offshore, WindCap - Onshore",108,0,100.0,108,100.0,108,100.0,48,44.44,108,100.0,4,"lifetime_years,capital_cost_usd_per_mw,om_cost_usd_per_mw_per_yr,scenario_price",0,9,0.0,1,2025,2050,target,USA
RIO-USA 1.0,100% renewable primary energy,108,9,"BiomassCap - w/o CCS, CoalCap - w/o CCS, GasCap - w/ CCS, GasCap - w/o CCS, GeothermalCap, HydroCap, NuclearCap, WindCap - Offshore, WindCap - Onshore",108,0,100.0,108,100.0,108,100.0,48,44.44,108,100.0,4,"lifetime_years,capital_cost_usd_per_mw,om_cost_usd_per_mw_per_yr,scenario_price",0,9,0.0,1,2025,2050,target,USA
RIO-USA 1.0,central,108,9,"BiomassCap - w/o CCS, CoalCap - w/o CCS, GasCap - w/ CCS, GasCap - w/o CCS, GeothermalCap, HydroCap, NuclearCap, WindCap - Offshore, WindCap - Onshore",108,0,100.0,108,100.0,108,100.0,48,44.44,108,100.0,4,"lifetime_years,capital_cost_usd_per_mw,om_cost_usd_per_mw_per_yr,scenario_price",0,9,0.0,1,2025,2050,target,USA
RIO-USA 1.0,central low RE cost,108,9,"BiomassCap - w/o CCS, CoalCap - w/o CCS, GasCap - w/ CCS, GasCap - w/o CCS, GeothermalCap, HydroCap, NuclearCap, WindCap - Offshore, WindCap - Onshore",108,0,100.0,108,100.0,108,100.0,48,44.44,108,100.0,4,"lifetime_years,capital_cost_usd_per_mw,om_cost_usd_per_mw_per_yr,scenario_price",0,9,0.0,1,2025,2050,target,USA
RIO-USA 1.0,central low fuel price,108,9,"BiomassCap - w/o CCS, CoalCap - w/o CCS, GasCap - w/ CCS, GasCap - w/o CCS, GeothermalCap, HydroCap, NuclearCap, WindCap - Offshore, WindCap - Onshore",108,0,100.0,108,100.0,108,100.0,48,44.44,108,100.0,4,"lifetime_years,capital_cost_usd_per_mw,om_cost_usd_per_mw_per_yr,scenario_price",0,9,0.0,1,2025,2050,target,USA
RIO-USA 1.0,"central, low fossil fuel price",108,9,"BiomassCap - w/o CCS, CoalCap - w/o CCS, GasCap - w/ CCS, GasCap - w/o CCS, GeothermalCap, HydroCap, NuclearCap, WindCap - Offshore, WindCap - Onshore",108,0,100.0,108,100.0,108,100.0,48,44.44,108,100.0,4,"lifetime_years,capital_cost_usd_per_mw,om_cost_usd_per_mw_per_yr,scenario_price",0,9,0.0,1,2025,2050,target,USA
RIO-USA 1.0,"central, low renewables cost",108,9,"BiomassCap - w/o CCS, CoalCap - w/o CCS, GasCap - w/ CCS, GasCap - w/o CCS, GeothermalCap, HydroCap, NuclearCap, WindCap - Offshore, WindCap - Onshore",108,0,100.0,108,100.0,108,100.0,48,44.44,108,100.0,4,"lifetime_years,capital_cost_usd_per_mw,om_cost_usd_per_mw_per_yr,scenario_price",0,9,0.0,1,2025,2050,target,USA
RIO-USA 1.0,delayed electrification,108,9,"BiomassCap - w/o CCS, CoalCap - w/o CCS, GasCap - w/ CCS, GasCap - w/o CCS, GeothermalCap, HydroCap, NuclearCap, WindCap - Offshore, WindCap - Onshore",108,0,100.0,108,100.0,108,100.0,48,44.44,108,100.0,4,"lifetime_years,capital_cost_usd_per_mw,om_cost_usd_per_mw_per_yr,scenario_price",0,9,0.0,1,2025,2050,target,USA
RIO-USA 1.0,low demand,108,9,"BiomassCap - w/o CCS, CoalCap - w/o CCS, GasCap - w/ CCS, GasCap - w/o CCS, GeothermalCap, HydroCap, NuclearCap, WindCap - Offshore, WindCap - Onshore",108,0,100.0,108,100.0,108,100.0,48,44.44,108,100.0,4,"lifetime_years,capital_cost_usd_per_mw,om_cost_usd_per_mw_per_yr,scenario_price",0,9,0.0,1,2025,2050,target,USA
RIO-USA 1.0,low land,108,9,"BiomassCap - w/o CCS, CoalCap - w/o CCS, GasCap - w/ CCS, GasCap - w/o CCS, GeothermalCap, HydroCap, NuclearCap, WindCap - Offshore, WindCap - Onshore",108,0,100.0,108,100.0,108,100.0,48,44.44,108,100.0,4,"lifetime_years,capital_cost_usd_per_mw,om_cost_usd_per_mw_per_yr,scenario_price",0,9,0.0,1,2025,2050,target,USA
RIO-USA 1.0,net negative,108,9,"BiomassCap - w/o CCS, CoalCap - w/o CCS, GasCap - w/ CCS, GasCap - w/o CCS, GeothermalCap, HydroCap, NuclearCap, WindCap - Offshore, WindCap - Onshore",108,0,100.0,108,100.0,108,100.0,48,44.44,108,100.0,4,"lifetime_years,capital_cost_usd_per_mw,om_cost_usd_per_mw_per_yr,scenario_price",0,9,0.0,1,2025,2050,target,USA
RIO-USA 1.0,reference,108,9,"BiomassCap - w/o CCS, CoalCap - w/o CCS, GasCap - w/ CCS, GasCap - w/o CCS, GeothermalCap, HydroCap, NuclearCap, WindCap - Offshore, WindCap - Onshore",108,0,100.0,108,100.0,108,100.0,48,44.44,108,100.0,4,"lifetime_years,capital_cost_usd_per_mw,om_cost_usd_per_mw_per_yr,scenario_price",0,9,0.0,1,2025,2050,target,USA
RU-TIMES 3.2,CD-LINKS_INDC2030_high,78,13,"BiomassCap, BiomassCap - w/ CCS, BiomassCap - w/o CCS, CoalCap, CoalCap - w/ CCS, CoalCap - w/o CCS, GasCap, GasCap - w/ CCS, GasCap - w/o CCS, GeothermalCap, HydroCap, NuclearCap, OilCap",78,0,100.0,78,100.0,78,100.0,60,76.92,78,100.0,6,"efficiency_decimal(global),lifetime_years(global),capital_cost_usd_per_mw(global),om_cost_usd_per_mw_per_yr(global),fuel_price(global),scenario_price(global)",0,13,0.0,1,2030,2050,target,RUS
RU-TIMES 3.2,CD-LINKS_INDC2030_low,78,13,"BiomassCap, BiomassCap - w/ CCS, BiomassCap - w/o CCS, CoalCap, CoalCap - w/ CCS, CoalCap - w/o CCS, GasCap, GasCap - w/ CCS, GasCap - w/o CCS, GeothermalCap, HydroCap, NuclearCap, OilCap",78,0,100.0,78,100.0,78,100.0,60,76.92,78,100.0,6,"efficiency_decimal(global),lifetime_years(global),capital_cost_usd_per_mw(global),om_cost_usd_per_mw_per_yr(global),fuel_price(global),scenario_price(global)",0,13,0.0,1,2030,2050,target,RUS
RU-TIMES 3.2,CD-LINKS_NPi,78,13,"BiomassCap, BiomassCap - w/ CCS, BiomassCap - w/o CCS, CoalCap, CoalCap - w/ CCS, CoalCap - w/o CCS, GasCap, GasCap - w/ CCS, GasCap - w/o CCS, GeothermalCap, HydroCap, NuclearCap, OilCap",78,0,100.0,78,100.0,78,100.0,60,76.92,78,100.0,6,"efficiency_decimal(global),lifetime_years(global),capital_cost_usd_per_mw(global),om_cost_usd_per_mw_per_yr(global),fuel_price(global),scenario_price(global)",0,13,0.0,1,2030,2050,target,RUS
RU-TIMES 3.2,CD-LINKS_NPi2020_high,78,13,"BiomassCap, BiomassCap - w/ CCS, BiomassCap - w/o CCS, CoalCap, CoalCap - w/ CCS, CoalCap - w/o CCS, GasCap, GasCap - w/ CCS, GasCap - w/o CCS, GeothermalCap, HydroCap, NuclearCap, OilCap",78,0,100.0,78,100.0,78,100.0,60,76.92,78,100.0,6,"efficiency_decimal(global),lifetime_years(global),capital_cost_usd_per_mw(global),om_cost_usd_per_mw_per_yr(global),fuel_price(global),scenario_price(global)",0,13,0.0,1,2030,2050,target,RUS
RU-TIMES 3.2,CD-LINKS_NPi2020_low,78,13,"BiomassCap, BiomassCap - w/ CCS, BiomassCap - w/o CCS, CoalCap, CoalCap - w/ CCS, CoalCap - w/o CCS, GasCap, GasCap - w/ CCS, GasCap - w/o CCS, GeothermalCap, HydroCap, NuclearCap, OilCap",78,0,100.0,78,100.0,78,100.0,60,76.92,78,100.0,6,"efficiency_decimal(global),lifetime_years(global),capital_cost_usd_per_mw(global),om_cost_usd_per_mw_per_yr(global),fuel_price(global),scenario_price(global)",0,13,0.0,1,2030,2050,target,RUS
RU-TIMES 3.2,CD-LINKS_NoPOL,78,13,"BiomassCap, BiomassCap - w/ CCS, BiomassCap - w/o CCS, CoalCap, CoalCap - w/ CCS, CoalCap - w/o CCS, GasCap, GasCap - w/ CCS, GasCap - w/o CCS, GeothermalCap, HydroCap, NuclearCap, OilCap",78,0,100.0,78,100.0,78,100.0,60,76.92,78,100.0,6,"efficiency_decimal(global),lifetime_years(global),capital_cost_usd_per_mw(global),om_cost_usd_per_mw_per_yr(global),fuel_price(global),scenario_price(global)",0,13,0.0,1,2030,2050,target,RUS
RU-TIMES 3.2,CO_2Deg2020,180,15,"BiomassCap, BiomassCap - w/ CCS, BiomassCap - w/o CCS, CoalCap, CoalCap - w/ CCS, CoalCap - w/o CCS, GasCap, GasCap - w/ CCS, GasCap - w/o CCS, GeothermalCap, HydroCap, NuclearCap, OilCap, WindCap - Offshore, WindCap - Onshore",180,0,100.0,180,100.0,180,100.0,120,66.67,180,100.0,6,"efficiency_decimal(global),lifetime_years(global),capital_cost_usd_per_mw(global),om_cost_usd_per_mw_per_yr(global),fuel_price(global),scenario_price(global)",9,15,60.0,1,2025,2050,target,RUS
RU-TIMES 3.2,CO_2Deg2030,180,15,"BiomassCap, BiomassCap - w/ CCS, BiomassCap - w/o CCS, CoalCap, CoalCap - w/ CCS, CoalCap - w/o CCS, GasCap, GasCap - w/ CCS, GasCap - w/o CCS, GeothermalCap, HydroCap, NuclearCap, OilCap, WindCap - Offshore, WindCap - Onshore",180,0,100.0,180,100.0,180,100.0,120,66.67,180,100.0,6,"efficiency_decimal(global),lifetime_years(global),capital_cost_usd_per_mw(global),om_cost_usd_per_mw_per_yr(global),fuel_price(global),scenario_price(global)",12,15,80.0,1,2025,2050,target,RUS
RU-TIMES 3.2,CO_BAU,180,15,"BiomassCap, BiomassCap - w/ CCS, BiomassCap - w/o CCS, CoalCap, CoalCap - w/ CCS, CoalCap - w/o CCS, GasCap, GasCap - w/ CCS, GasCap - w/o CCS, GeothermalCap, HydroCap, NuclearCap, OilCap, WindCap - Offshore, WindCap - Onshore",180,0,100.0,180,100.0,180,100.0,120,66.67,180,100.0,6,"efficiency_decimal(global),lifetime_years(global),capital_cost_usd_per_mw(global),om_cost_usd_per_mw_per_yr(global),fuel_price(global),scenario_price(global)",8,15,53.33,1,2025,2050,target,RUS
RU-TIMES 3.2,CO_Bridge,180,15,"BiomassCap, BiomassCap - w/ CCS, BiomassCap - w/o CCS, CoalCap, CoalCap - w/ CCS, CoalCap - w/o CCS, GasCap, GasCap - w/ CCS, GasCap - w/o CCS, GeothermalCap, HydroCap, NuclearCap, OilCap, WindCap - Offshore, WindCap - Onshore",180,0,100.0,180,100.0,180,100.0,120,66.67,180,100.0,6,"efficiency_decimal(global),lifetime_years(global),capital_cost_usd_per_mw(global),om_cost_usd_per_mw_per_yr(global),fuel_price(global),scenario_price(global)",9,15,60.0,1,2025,2050,target,RUS
RU-TIMES 3.2,CO_CurPol,180,15,"BiomassCap, BiomassCap - w/ CCS, BiomassCap - w/o CCS, CoalCap, CoalCap - w/ CCS, CoalCap - w/o CCS, GasCap, GasCap - w/ CCS, GasCap - w/o CCS, GeothermalCap, HydroCap, NuclearCap, OilCap, WindCap - Offshore, WindCap - Onshore",180,0,100.0,180,100.0,180,100.0,120,66.67,180,100.0,6,"efficiency_decimal(global),lifetime_years(global),capital_cost_usd_per_mw(global),om_cost_usd_per_mw_per_yr(global),fuel_price(global),scenario_price(global)",8,15,53.33,1,2025,2050,target,RUS
RU-TIMES 3.2,CO_GPP,180,15,"BiomassCap, BiomassCap - w/ CCS, BiomassCap - w/o CCS, CoalCap, CoalCap - w/ CCS, CoalCap - w/o CCS, GasCap, GasCap - w/ CCS, GasCap - w/o CCS, GeothermalCap, HydroCap, NuclearCap, OilCap, WindCap - Offshore, WindCap - Onshore",180,0,100.0,180,100.0,180,100.0,120,66.67,180,100.0,6,"efficiency_decimal(global),lifetime_years(global),capital_cost_usd_per_mw(global),om_cost_usd_per_mw_per_yr(global),fuel_price(global),scenario_price(global)",9,15,60.0,1,2025,2050,target,RUS
RU-TIMES 3.2,CO_NDCplus,180,15,"BiomassCap, BiomassCap - w/ CCS, BiomassCap - w/o CCS, CoalCap, CoalCap - w/ CCS, CoalCap - w/o CCS, GasCap, GasCap - w/ CCS, GasCap - w/o CCS, GeothermalCap, HydroCap, NuclearCap, OilCap, WindCap - Offshore, WindCap - Onshore",180,0,100.0,180,100.0,180,100.0,120,66.67,180,100.0,6,"efficiency_decimal(global),lifetime_years(global),capital_cost_usd_per_mw(global),om_cost_usd_per_mw_per_yr(global),fuel_price(global),scenario_price(global)",8,15,53.33,1,2025,2050,target,RUS
STEM-Switzerland 2.0,Baseline,102,17,"BiomassCap, BiomassCap - w/ CCS, BiomassCap - w/o CCS, CoalCap, CoalCap - w/ CCS, CoalCap - w/o CCS, GasCap, GasCap - w/ CCS, GasCap - w/o CCS, GeothermalCap, HydroCap, NuclearCap, OilCap, OilCap - w/ CCS, OilCap - w/o CCS, WindCap - Offshore, WindCap - Onshore",102,0,100.0,102,100.0,102,100.0,72,70.59,102,100.0,6,"efficiency_decimal(global),lifetime_years(global),capital_cost_usd_per_mw(global),om_cost_usd_per_mw_per_yr(global),fuel_price(global),scenario_price(global)",0,17,0.0,1,2030,2050,target,CHE
STEM-Switzerland 2.0,ETSAP_BAU,102,17,"BiomassCap, BiomassCap - w/ CCS, BiomassCap - w/o CCS, CoalCap, CoalCap - w/ CCS, CoalCap - w/o CCS, GasCap, GasCap - w/ CCS, GasCap - w/o CCS, GeothermalCap, HydroCap, NuclearCap, OilCap, OilCap - w/ CCS, OilCap - w/o CCS, WindCap - Offshore, WindCap - Onshore",102,0,100.0,102,100.0,102,100.0,72,70.59,102,100.0,6,"efficiency_decimal(global),lifetime_years(global),capital_cost_usd_per_mw(global),om_cost_usd_per_mw_per_yr(global),fuel_price(global),scenario_price(global)",0,17,0.0,1,2030,2050,target,CHE
STEM-Switzerland 2.0,ETSAP_CLI,102,17,"BiomassCap, BiomassCap - w/ CCS, BiomassCap - w/o CCS, CoalCap, CoalCap - w/ CCS, CoalCap - w/o CCS, GasCap, GasCap - w/ CCS, GasCap - w/o CCS, GeothermalCap, HydroCap, NuclearCap, OilCap, OilCap - w/ CCS, OilCap - w/o CCS, WindCap - Offshore, WindCap - Onshore",102,0,100.0,102,100.0,102,100.0,72,70.59,102,100.0,6,"efficiency_decimal(global),lifetime_years(global),capital_cost_usd_per_mw(global),om_cost_usd_per_mw_per_yr(global),fuel_price(global),scenario_price(global)",0,17,0.0,1,2030,2050,target,CHE
STEM-Switzerland 2.0,JASM_BAU,102,17,"BiomassCap, BiomassCap - w/ CCS, BiomassCap - w/o CCS, CoalCap, CoalCap - w/ CCS, CoalCap - w/o CCS, GasCap, GasCap - w/ CCS, GasCap - w/o CCS, GeothermalCap, HydroCap, NuclearCap, OilCap, OilCap - w/ CCS, OilCap - w/o CCS, WindCap - Offshore, WindCap - Onshore",102,0,100.0,102,100.0,102,100.0,72,70.59,102,100.0,6,"efficiency_decimal(global),lifetime_years(global),capital_cost_usd_per_mw(global),om_cost_usd_per_mw_per_yr(global),fuel_price(global),scenario_price(global)",0,17,0.0,1,2030,2050,target,CHE
STEM-Switzerland 2.0,JASM_CLI,102,17,"BiomassCap, BiomassCap - w/ CCS, BiomassCap - w/o CCS, CoalCap, CoalCap - w/ CCS, CoalCap - w/o CCS, GasCap, GasCap - w/ CCS, GasCap - w/o CCS, GeothermalCap, HydroCap, NuclearCap, OilCap, OilCap - w/ CCS, OilCap - w/o CCS, WindCap - Offshore, WindCap - Onshore",102,0,100.0,102,100.0,102,100.0,72,70.59,102,100.0,6,"efficiency_decimal(global),lifetime_years(global),capital_cost_usd_per_mw(global),om_cost_usd_per_mw_per_yr(global),fuel_price(global),scenario_price(global)",0,17,0.0,1,2030,2050,target,CHE
STEM-Switzerland 2.0,JASM_EPOL,102,17,"BiomassCap, BiomassCap - w/ CCS, BiomassCap - w/o CCS, CoalCap, CoalCap - w/ CCS, CoalCap - w/o CCS, GasCap, GasCap - w/ CCS, GasCap - w/o CCS, GeothermalCap, HydroCap, NuclearCap, OilCap, OilCap - w/ CCS, OilCap - w/o CCS, WindCap - Offshore, WindCap - Onshore",102,0,100.0,102,100.0,102,100.0,72,70.59,102,100.0,6,"efficiency_decimal(global),lifetime_years(global),capital_cost_usd_per_mw(global),om_cost_usd_per_mw_per_yr(global),fuel_price(global),scenario_price(global)",0,17,0.0,1,2030,2050,target,CHE
STEM-Switzerland 2.0,JASM_LC100,102,17,"BiomassCap, BiomassCap - w/ CCS, BiomassCap - w/o CCS, CoalCap, CoalCap - w/ CCS, CoalCap - w/o CCS, GasCap, GasCap - w/ CCS, GasCap - w/o CCS, GeothermalCap, HydroCap, NuclearCap, OilCap, OilCap - w/ CCS, OilCap - w/o CCS, WindCap - Offshore, WindCap - Onshore",102,0,100.0,102,100.0,102,100.0,72,70.59,102,100.0,6,"efficiency_decimal(global),lifetime_years(global),capital_cost_usd_per_mw(global),om_cost_usd_per_mw_per_yr(global),fuel_price(global),scenario_price(global)",0,17,0.0,1,2030,2050,target,CHE
STEM-Switzerland 2.0,JASM_LC80,102,17,"BiomassCap, BiomassCap - w/ CCS, BiomassCap - w/o CCS, CoalCap, CoalCap - w/ CCS, CoalCap - w/o CCS, GasCap, GasCap - w/ CCS, GasCap - w/o CCS, GeothermalCap, HydroCap, NuclearCap, OilCap, OilCap - w/ CCS, OilCap - w/o CCS, WindCap - Offshore, WindCap - Onshore",102,0,100.0,102,100.0,102,100.0,72,70.59,102,100.0,6,"efficiency_decimal(global),lifetime_years(global),capital_cost_usd_per_mw(global),om_cost_usd_per_mw_per_yr(global),fuel_price(global),scenario_price(global)",0,17,0.0,1,2030,2050,target,CHE
STEM-Switzerland 2.0,STEM_BAU,102,17,"BiomassCap, BiomassCap - w/ CCS, BiomassCap - w/o CCS, CoalCap, CoalCap - w/ CCS, CoalCap - w/o CCS, GasCap, GasCap - w/ CCS, GasCap - w/o CCS, GeothermalCap, HydroCap, NuclearCap, OilCap, OilCap - w/ CCS, OilCap - w/o CCS, WindCap - Offshore, WindCap - Onshore",102,0,100.0,102,100.0,102,100.0,72,70.59,102,100.0,6,"efficiency_decimal(global),lifetime_years(global),capital_cost_usd_per_mw(global),om_cost_usd_per_mw_per_yr(global),fuel_price(global),scenario_price(global)",0,17,0.0,1,2030,2050,target,CHE
STEM-Switzerland 2.0,STEM_CLI,102,17,"BiomassCap, BiomassCap - w/ CCS, BiomassCap - w/o CCS, CoalCap, CoalCap - w/ CCS, CoalCap - w/o CCS, GasCap, GasCap - w/ CCS, GasCap - w/o CCS, GeothermalCap, HydroCap, NuclearCap, OilCap, OilCap - w/ CCS, OilCap - w/o CCS, WindCap - Offshore, WindCap - Onshore",102,0,100.0,102,100.0,102,100.0,72,70.59,102,100.0,6,"efficiency_decimal(global),lifetime_years(global),capital_cost_usd_per_mw(global),om_cost_usd_per_mw_per_yr(global),fuel_price(global),scenario_price(global)",0,17,0.0,1,2030,2050,target,CHE
STEM-Switzerland 2.0,SWIDEM_BAU,102,17,"BiomassCap, BiomassCap - w/ CCS, BiomassCap - w/o CCS, CoalCap, CoalCap - w/ CCS, CoalCap - w/o CCS, GasCap, GasCap - w/ CCS, GasCap - w/o CCS, GeothermalCap, HydroCap, NuclearCap, OilCap, OilCap - w/ CCS, OilCap - w/o CCS, WindCap - Offshore, WindCap - Onshore",102,0,100.0,102,100.0,102,100.0,72,70.59,102,100.0,6,"efficiency_decimal(global),lifetime_years(global),capital_cost_usd_per_mw(global),om_cost_usd_per_mw_per_yr(global),fuel_price(global),scenario_price(global)",0,17,0.0,1,2030,2050,target,CHE
STEM-Switzerland 2.0,SWIDEM_EPOL,102,17,"BiomassCap, BiomassCap - w/ CCS, BiomassCap - w/o CCS, CoalCap, CoalCap - w/ CCS, CoalCap - w/o CCS, GasCap, GasCap - w/ CCS, GasCap - w/o CCS, GeothermalCap, HydroCap, NuclearCap, OilCap, OilCap - w/ CCS, OilCap - w/o CCS, WindCap - Offshore, WindCap - Onshore",102,0,100.0,102,100.0,102,100.0,72,70.59,102,100.0,6,"efficiency_decimal(global),lifetime_years(global),capital_cost_usd_per_mw(global),om_cost_usd_per_mw_per_yr(global),fuel_price(global),scenario_price(global)",0,17,0.0,1,2030,2050,target,CHE
TIAM-ECN 1.1,EN_INDCi2030_1000,1887,17,"BiomassCap, BiomassCap - w/ CCS, BiomassCap - w/o CCS, CoalCap, CoalCap - w/ CCS, CoalCap - w/o CCS, GasCap, GasCap - w/ CCS, GasCap - w/o CCS, GeothermalCap, HydroCap, NuclearCap, OilCap, OilCap - w/ CCS, OilCap - w/o CCS, WindCap - Offshore, WindCap - Onshore",1887,0,100.0,1887,100.0,1887,100.0,1332,70.59,1615,85.59,22,"efficiency_decimal,lifetime_years,om_cost_usd_per_mw_per_yr,fuel_price,scenario_price",11,17,64.71,210,2030,2050,target,AGO
TIAM-ECN 1.1,EN_INDCi2030_1000_COV,1887,17,"BiomassCap, BiomassCap - w/ CCS, BiomassCap - w/o CCS, CoalCap, CoalCap - w/ CCS, CoalCap - w/o CCS, GasCap, GasCap - w/ CCS, GasCap - w/o CCS, GeothermalCap, HydroCap, NuclearCap, OilCap, OilCap - w/ CCS, OilCap - w/o CCS, WindCap - Offshore, WindCap - Onshore",1887,0,100.0,1887,100.0,1887,100.0,1332,70.59,1632,86.49,22,"efficiency_decimal,lifetime_years,om_cost_usd_per_mw_per_yr,fuel_price,scenario_price",11,17,64.71,210,2030,2050,target,AGO
TIAM-ECN 1.1,EN_INDCi2030_1000_NDCp,1887,17,"BiomassCap, BiomassCap - w/ CCS, BiomassCap - w/o CCS, CoalCap, CoalCap - w/ CCS, CoalCap - w/o CCS, GasCap, GasCap - w/ CCS, GasCap - w/o CCS, GeothermalCap, HydroCap, NuclearCap, OilCap, OilCap - w/ CCS, OilCap - w/o CCS, WindCap - Offshore, WindCap - Onshore",1887,0,100.0,1887,100.0,1887,100.0,1332,70.59,1632,86.49,22,"efficiency_decimal,lifetime_years,om_cost_usd_per_mw_per_yr,fuel_price,scenario_price",11,17,64.71,210,2030,2050,target,AGO
TIAM-ECN 1.1,EN_INDCi2030_1000f,1887,17,"BiomassCap, BiomassCap - w/ CCS, BiomassCap - w/o CCS, CoalCap, CoalCap - w/ CCS, CoalCap - w/o CCS, GasCap, GasCap - w/ CCS, GasCap - w/o CCS, GeothermalCap, HydroCap, NuclearCap, OilCap, OilCap - w/ CCS, OilCap - w/o CCS, WindCap - Offshore, WindCap - Onshore",1887,0,100.0,1887,100.0,1887,100.0,1332,70.59,1632,86.49,22,"efficiency_decimal,lifetime_years,om_cost_usd_per_mw_per_yr,fuel_price,scenario_price",11,17,64.71,210,2030,2050,target,AGO
TIAM-ECN 1.1,EN_INDCi2030_1000f_COV,1887,17,"BiomassCap, BiomassCap - w/ CCS, BiomassCap - w/o CCS, CoalCap, CoalCap - w/ CCS, CoalCap - w/o CCS, GasCap, GasCap - w/ CCS, GasCap - w/o CCS, GeothermalCap, HydroCap, NuclearCap, OilCap, OilCap - w/ CCS, OilCap - w/o CCS, WindCap - Offshore, WindCap - Onshore",1887,0,100.0,1887,100.0,1887,100.0,1332,70.59,1615,85.59,22,"efficiency_decimal,lifetime_years,om_cost_usd_per_mw_per_yr,fuel_price,scenario_price",11,17,64.71,210,2030,2050,target,AGO
TIAM-ECN 1.1,EN_INDCi2030_1000f_NDCp,1887,17,"BiomassCap, BiomassCap - w/ CCS, BiomassCap - w/o CCS, CoalCap, CoalCap - w/ CCS, CoalCap - w/o CCS, GasCap, GasCap - w/ CCS, GasCap - w/o CCS, GeothermalCap, HydroCap, NuclearCap, OilCap, OilCap - w/ CCS, OilCap - w/o CCS, WindCap - Offshore, WindCap - Onshore",1887,0,100.0,1887,100.0,1887,100.0,1332,70.59,1649,87.39,22,"efficiency_decimal,lifetime_years,om_cost_usd_per_mw_per_yr,fuel_price,scenario_price",11,17,64.71,210,2030,2050,target,AGO
TIAM-ECN 1.1,EN_INDCi2030_1200,1887,17,"BiomassCap, BiomassCap - w/ CCS, BiomassCap - w/o CCS, CoalCap, CoalCap - w/ CCS, CoalCap - w/o CCS, GasCap, GasCap - w/ CCS, GasCap - w/o CCS, GeothermalCap, HydroCap, NuclearCap, OilCap, OilCap - w/ CCS, OilCap - w/o CCS, WindCap - Offshore, WindCap - Onshore",1887,0,100.0,1887,100.0,1887,100.0,1332,70.59,1632,86.49,22,"efficiency_decimal,lifetime_years,om_cost_usd_per_mw_per_yr,fuel_price,scenario_price",11,17,64.71,210,2030,2050,target,AGO
TIAM-ECN 1.1,EN_INDCi2030_1200f,1887,17,"BiomassCap, BiomassCap - w/ CCS, BiomassCap - w/o CCS, CoalCap, CoalCap - w/ CCS, CoalCap - w/o CCS, GasCap, GasCap - w/ CCS, GasCap - w/o CCS, GeothermalCap, HydroCap, NuclearCap, OilCap, OilCap - w/ CCS, OilCap - w/o CCS, WindCap - Offshore, WindCap - Onshore",1887,0,100.0,1887,100.0,1887,100.0,1332,70.59,1632,86.49,22,"efficiency_decimal,lifetime_years,om_cost_usd_per_mw_per_yr,fuel_price,scenario_price",11,17,64.71,210,2030,2050,target,AGO
TIAM-ECN 1.1,EN_INDCi2030_1400,1887,17,"BiomassCap, BiomassCap - w/ CCS, BiomassCap - w/o CCS, CoalCap, CoalCap - w/ CCS, CoalCap - w/o CCS, GasCap, GasCap - w/ CCS, GasCap - w/o CCS, GeothermalCap, HydroCap, NuclearCap, OilCap, OilCap - w/ CCS, OilCap - w/o CCS, WindCap - Offshore, WindCap - Onshore",1887,0,100.0,1887,100.0,1887,100.0,1332,70.59,1649,87.39,22,"efficiency_decimal,lifetime_years,om_cost_usd_per_mw_per_yr,fuel_price,scenario_price",11,17,64.71,210,2030,2050,target,AGO
TIAM-ECN 1.1,EN_INDCi2030_1400f,1887,17,"BiomassCap, BiomassCap - w/ CCS, BiomassCap - w/o CCS, CoalCap, CoalCap - w/ CCS, CoalCap - w/o CCS, GasCap, GasCap - w/ CCS, GasCap - w/o CCS, GeothermalCap, HydroCap, NuclearCap, OilCap, OilCap - w/ CCS, OilCap - w/o CCS, WindCap - Offshore, WindCap - Onshore",1887,0,100.0,1887,100.0,1887,100.0,1332,70.59,1649,87.39,22,"efficiency_decimal,lifetime_years,om_cost_usd_per_mw_per_yr,fuel_price,scenario_price",11,17,64.71,210,2030,2050,target,AGO
TIAM-ECN 1.1,EN_INDCi2030_1600,1887,17,"BiomassCap, BiomassCap - w/ CCS, BiomassCap - w/o CCS, CoalCap, CoalCap - w/ CCS, CoalCap - w/o CCS, GasCap, GasCap - w/ CCS, GasCap - w/o CCS, GeothermalCap, HydroCap, NuclearCap, OilCap, OilCap - w/ CCS, OilCap - w/o CCS, WindCap - Offshore, WindCap - Onshore",1887,0,100.0,1887,100.0,1887,100.0,1332,70.59,1598,84.68,22,"efficiency_decimal,lifetime_years,om_cost_usd_per_mw_per_yr,fuel_price,scenario_price",11,17,64.71,210,2030,2050,target,AGO
TIAM-ECN 1.1,EN_INDCi2030_1600f,1887,17,"BiomassCap, BiomassCap - w/ CCS, BiomassCap - w/o CCS, CoalCap, CoalCap - w/ CCS, CoalCap - w/o CCS, GasCap, GasCap - w/ CCS, GasCap - w/o CCS, GeothermalCap, HydroCap, NuclearCap, OilCap, OilCap - w/ CCS, OilCap - w/o CCS, WindCap - Offshore, WindCap - Onshore",1887,0,100.0,1887,100.0,1887,100.0,1332,70.59,1598,84.68,22,"efficiency_decimal,lifetime_years,om_cost_usd_per_mw_per_yr,fuel_price,scenario_price",11,17,64.71,210,2030,2050,target,AGO
TIAM-ECN 1.1,EN_INDCi2030_2000,1887,17,"BiomassCap, BiomassCap - w/ CCS, BiomassCap - w/o CCS, CoalCap, CoalCap - w/ CCS, CoalCap - w/o CCS, GasCap, GasCap - w/ CCS, GasCap - w/o CCS, GeothermalCap, HydroCap, NuclearCap, OilCap, OilCap - w/ CCS, OilCap - w/o CCS, WindCap - Offshore, WindCap - Onshore",1887,0,100.0,1887,100.0,1887,100.0,1332,70.59,1547,81.98,22,"efficiency_decimal,lifetime_years,om_cost_usd_per_mw_per_yr,fuel_price,scenario_price",11,17,64.71,210,2030,2050,target,AGO
TIAM-ECN 1.1,EN_INDCi2030_2000f,1887,17,"BiomassCap, BiomassCap - w/ CCS, BiomassCap - w/o CCS, CoalCap, CoalCap - w/ CCS, CoalCap - w/o CCS, GasCap, GasCap - w/ CCS, GasCap - w/o CCS, GeothermalCap, HydroCap, NuclearCap, OilCap, OilCap - w/ CCS, OilCap - w/o CCS, WindCap - Offshore, WindCap - Onshore",1887,0,100.0,1887,100.0,1887,100.0,1332,70.59,1547,81.98,22,"efficiency_decimal,lifetime_years,om_cost_usd_per_mw_per_yr,fuel_price,scenario_price",11,17,64.71,210,2030,2050,target,AGO
TIAM-ECN 1.1,EN_INDCi2030_2500,1887,17,"BiomassCap, BiomassCap - w/ CCS, BiomassCap - w/o CCS, CoalCap, CoalCap - w/ CCS, CoalCap - w/o CCS, GasCap, GasCap - w/ CCS, GasCap - w/o CCS, GeothermalCap, HydroCap, NuclearCap, OilCap, OilCap - w/ CCS, OilCap - w/o CCS, WindCap - Offshore, WindCap - Onshore",1887,0,100.0,1887,100.0,1887,100.0,1332,70.59,1496,79.28,22,"efficiency_decimal,lifetime_years,om_cost_usd_per_mw_per_yr,fuel_price,scenario_price",11,17,64.71,210,2030,2050,target,AGO
TIAM-ECN 1.1,EN_INDCi2030_2500f,1887,17,"BiomassCap, BiomassCap - w/ CCS, BiomassCap - w/o CCS, CoalCap, CoalCap - w/ CCS, CoalCap - w/o CCS, GasCap, GasCap - w/ CCS, GasCap - w/o CCS, GeothermalCap, HydroCap, NuclearCap, OilCap, OilCap - w/ CCS, OilCap - w/o CCS, WindCap - Offshore, WindCap - Onshore",1887,0,100.0,1887,100.0,1887,100.0,1332,70.59,1496,79.28,22,"efficiency_decimal,lifetime_years,om_cost_usd_per_mw_per_yr,fuel_price,scenario_price",11,17,64.71,210,2030,2050,target,AGO
TIAM-ECN 1.1,EN_INDCi2030_3000,1887,17,"BiomassCap, BiomassCap - w/ CCS, BiomassCap - w/o CCS, CoalCap, CoalCap - w/ CCS, CoalCap - w/o CCS, GasCap, GasCap - w/ CCS, GasCap - w/o CCS, GeothermalCap, HydroCap, NuclearCap, OilCap, OilCap - w/ CCS, OilCap - w/o CCS, WindCap - Offshore, WindCap - Onshore",1887,0,100.0,1887,100.0,1887,100.0,1332,70.59,1479,78.38,22,"efficiency_decimal,lifetime_years,om_cost_usd_per_mw_per_yr,fuel_price,scenario_price",11,17,64.71,210,2030,2050,target,AGO
TIAM-ECN 1.1,EN_INDCi2030_3000f,1887,17,"BiomassCap, BiomassCap - w/ CCS, BiomassCap - w/o CCS, CoalCap, CoalCap - w/ CCS, CoalCap - w/o CCS, GasCap, GasCap - w/ CCS, GasCap - w/o CCS, GeothermalCap, HydroCap, NuclearCap, OilCap, OilCap - w/ CCS, OilCap - w/o CCS, WindCap - Offshore, WindCap - Onshore",1887,0,100.0,1887,100.0,1887,100.0,1332,70.59,1479,78.38,22,"efficiency_decimal,lifetime_years,capital_cost_usd_per_mw,om_cost_usd_per_mw_per_yr,fuel_price,scenario_price",10,17,58.82,210,2030,2050,target,AGO
TIAM-ECN 1.1,EN_INDCi2030_900,1887,17,"BiomassCap, BiomassCap - w/ CCS, BiomassCap - w/o CCS, CoalCap, CoalCap - w/ CCS, CoalCap - w/o CCS, GasCap, GasCap - w/ CCS, GasCap - w/o CCS, GeothermalCap, HydroCap, NuclearCap, OilCap, OilCap - w/ CCS, OilCap - w/o CCS, WindCap - Offshore, WindCap - Onshore",1887,0,100.0,1887,100.0,1887,100.0,1332,70.59,1649,87.39,22,"efficiency_decimal,lifetime_years,om_cost_usd_per_mw_per_yr,fuel_price,scenario_price",11,17,64.71,210,2030,2050,target,AGO
TIAM-ECN 1.1,EN_INDCi2030_900f,1887,17,"BiomassCap, BiomassCap - w/ CCS, BiomassCap - w/o CCS, CoalCap, CoalCap - w/ CCS, CoalCap - w/o CCS, GasCap, GasCap - w/ CCS, GasCap - w/o CCS, GeothermalCap, HydroCap, NuclearCap, OilCap, OilCap - w/ CCS, OilCap - w/o CCS, WindCap - Offshore, WindCap - Onshore",1887,0,100.0,1887,100.0,1887,100.0,1332,70.59,1632,86.49,22,"efficiency_decimal,lifetime_years,om_cost_usd_per_mw_per_yr,fuel_price,scenario_price",11,17,64.71,210,2030,2050,target,AGO
TIAM-ECN 1.1,EN_INDCi2100,1887,17,"BiomassCap, BiomassCap - w/ CCS, BiomassCap - w/o CCS, CoalCap, CoalCap - w/ CCS, CoalCap - w/o CCS, GasCap, GasCap - w/ CCS, GasCap - w/o CCS, GeothermalCap, HydroCap, NuclearCap, OilCap, OilCap - w/ CCS, OilCap - w/o CCS, WindCap - Offshore, WindCap - Onshore",1887,0,100.0,1887,100.0,1887,100.0,1332,70.59,1462,77.48,22,"efficiency_decimal,lifetime_years,om_cost_usd_per_mw_per_yr,fuel_price,scenario_price",11,17,64.71,210,2030,2050,target,AGO
TIAM-ECN 1.1,EN_INDCi2100_COV,1887,17,"BiomassCap, BiomassCap - w/ CCS, BiomassCap - w/o CCS, CoalCap, CoalCap - w/ CCS, CoalCap - w/o CCS, GasCap, GasCap - w/ CCS, GasCap - w/o CCS, GeothermalCap, HydroCap, NuclearCap, OilCap, OilCap - w/ CCS, OilCap - w/o CCS, WindCap - Offshore, WindCap - Onshore",1887,0,100.0,1887,100.0,1887,100.0,1332,70.59,1445,76.58,22,"efficiency_decimal,lifetime_years,capital_cost_usd_per_mw,om_cost_usd_per_mw_per_yr,fuel_price,scenario_price",10,17,58.82,210,2030,2050,target,AGO
TIAM-ECN 1.1,EN_INDCi2100_NDCp,1887,17,"BiomassCap, BiomassCap - w/ CCS, BiomassCap - w/o CCS, CoalCap, CoalCap - w/ CCS, CoalCap - w/o CCS, GasCap, GasCap - w/ CCS, GasCap - w/o CCS, GeothermalCap, HydroCap, NuclearCap, OilCap, OilCap - w/ CCS, OilCap - w/o CCS, WindCap - Offshore, WindCap - Onshore",1887,0,100.0,1887,100.0,1887,100.0,1332,70.59,1479,78.38,22,"efficiency_decimal,lifetime_years,om_cost_usd_per_mw_per_yr,fuel_price,scenario_price",11,17,64.71,210,2030,2050,target,AGO
TIAM-ECN 1.1,EN_NPi2020_1000,1887,17,"BiomassCap, BiomassCap - w/ CCS, BiomassCap - w/o CCS, CoalCap, CoalCap - w/ CCS, CoalCap - w/o CCS, GasCap, GasCap - w/ CCS, GasCap - w/o CCS, GeothermalCap, HydroCap, NuclearCap, OilCap, OilCap - w/ CCS, OilCap - w/o CCS, WindCap - Offshore, WindCap - Onshore",1887,0,100.0,1887,100.0,1887,100.0,1332,70.59,1700,90.09,22,"efficiency_decimal,lifetime_years,om_cost_usd_per_mw_per_yr,fuel_price,scenario_price",11,17,64.71,210,2030,2050,target,AGO
TIAM-ECN 1.1,EN_NPi2020_1000_COV,1887,17,"BiomassCap, BiomassCap - w/ CCS, BiomassCap - w/o CCS, CoalCap, CoalCap - w/ CCS, CoalCap - w/o CCS, GasCap, GasCap - w/ CCS, GasCap - w/o CCS, GeothermalCap, HydroCap, NuclearCap, OilCap, OilCap - w/ CCS, OilCap - w/o CCS, WindCap - Offshore, WindCap - Onshore",1887,0,100.0,1887,100.0,1887,100.0,1332,70.59,1700,90.09,22,"efficiency_decimal,lifetime_years,om_cost_usd_per_mw_per_yr,fuel_price,scenario_price",11,17,64.71,210,2030,2050,target,AGO
TIAM-ECN 1.1,EN_NPi2020_1000f,1887,17,"BiomassCap, BiomassCap - w/ CCS, BiomassCap - w/o CCS, CoalCap, CoalCap - w/ CCS, CoalCap - w/o CCS, GasCap, GasCap - w/ CCS, GasCap - w/o CCS, GeothermalCap, HydroCap, NuclearCap, OilCap, OilCap - w/ CCS, OilCap - w/o CCS, WindCap - Offshore, WindCap - Onshore",1887,0,100.0,1887,100.0,1887,100.0,1332,70.59,1700,90.09,22,"efficiency_decimal,lifetime_years,om_cost_usd_per_mw_per_yr,fuel_price,scenario_price",11,17,64.71,210,2030,2050,target,AGO
TIAM-ECN 1.1,EN_NPi2020_1000f_COV,1887,17,"BiomassCap, BiomassCap - w/ CCS, BiomassCap - w/o CCS, CoalCap, CoalCap - w/ CCS, CoalCap - w/o CCS, GasCap, GasCap - w/ CCS, GasCap - w/o CCS, GeothermalCap, HydroCap, NuclearCap, OilCap, OilCap - w/ CCS, OilCap - w/o CCS, WindCap - Offshore, WindCap - Onshore",1887,0,100.0,1887,100.0,1887,100.0,1332,70.59,1683,89.19,22,"efficiency_decimal,lifetime_years,om_cost_usd_per_mw_per_yr,fuel_price,scenario_price",11,17,64.71,210,2030,2050,target,AGO
TIAM-ECN 1.1,EN_NPi2020_1200,1887,17,"BiomassCap, BiomassCap - w/ CCS, BiomassCap - w/o CCS, CoalCap, CoalCap - w/ CCS, CoalCap - w/o CCS, GasCap, GasCap - w/ CCS, GasCap - w/o CCS, GeothermalCap, HydroCap, NuclearCap, OilCap, OilCap - w/ CCS, OilCap - w/o CCS, WindCap - Offshore, WindCap - Onshore",1887,0,100.0,1887,100.0,1887,100.0,1332,70.59,1700,90.09,22,"efficiency_decimal,lifetime_years,om_cost_usd_per_mw_per_yr,fuel_price,scenario_price",11,17,64.71,210,2030,2050,target,AGO
TIAM-ECN 1.1,EN_NPi2020_1200f,1887,17,"BiomassCap, BiomassCap - w/ CCS, BiomassCap - w/o CCS, CoalCap, CoalCap - w/ CCS, CoalCap - w/o CCS, GasCap, GasCap - w/ CCS, GasCap - w/o CCS, GeothermalCap, HydroCap, NuclearCap, OilCap, OilCap - w/ CCS, OilCap - w/o CCS, WindCap - Offshore, WindCap - Onshore",1887,0,100.0,1887,100.0,1887,100.0,1332,70.59,1683,89.19,22,"efficiency_decimal,lifetime_years,om_cost_usd_per_mw_per_yr,fuel_price,scenario_price",11,17,64.71,210,2030,2050,target,AGO
TIAM-ECN 1.1,EN_NPi2020_1400,1887,17,"BiomassCap, BiomassCap - w/ CCS, BiomassCap - w/o CCS, CoalCap, CoalCap - w/ CCS, CoalCap - w/o CCS, GasCap, GasCap - w/ CCS, GasCap - w/o CCS, GeothermalCap, HydroCap, NuclearCap, OilCap, OilCap - w/ CCS, OilCap - w/o CCS, WindCap - Offshore, WindCap - Onshore",1887,0,100.0,1887,100.0,1887,100.0,1332,70.59,1666,88.29,22,"efficiency_decimal,lifetime_years,om_cost_usd_per_mw_per_yr,fuel_price,scenario_price",11,17,64.71,210,2030,2050,target,AGO
TIAM-ECN 1.1,EN_NPi2020_1400f,1887,17,"BiomassCap, BiomassCap - w/ CCS, BiomassCap - w/o CCS, CoalCap, CoalCap - w/ CCS, CoalCap - w/o CCS, GasCap, GasCap - w/ CCS, GasCap - w/o CCS, GeothermalCap, HydroCap, NuclearCap, OilCap, OilCap - w/ CCS, OilCap - w/o CCS, WindCap - Offshore, WindCap - Onshore",1887,0,100.0,1887,100.0,1887,100.0,1332,70.59,1649,87.39,22,"efficiency_decimal,lifetime_years,om_cost_usd_per_mw_per_yr,fuel_price,scenario_price",11,17,64.71,210,2030,2050,target,AGO
TIAM-ECN 1.1,EN_NPi2020_1600,1887,17,"BiomassCap, BiomassCap - w/ CCS, BiomassCap - w/o CCS, CoalCap, CoalCap - w/ CCS, CoalCap - w/o CCS, GasCap, GasCap - w/ CCS, GasCap - w/o CCS, GeothermalCap, HydroCap, NuclearCap, OilCap, OilCap - w/ CCS, OilCap - w/o CCS, WindCap - Offshore, WindCap - Onshore",1887,0,100.0,1887,100.0,1887,100.0,1332,70.59,1632,86.49,22,"efficiency_decimal,lifetime_years,om_cost_usd_per_mw_per_yr,fuel_price,scenario_price",11,17,64.71,210,2030,2050,target,AGO
TIAM-ECN 1.1,EN_NPi2020_1600f,1887,17,"BiomassCap, BiomassCap - w/ CCS, BiomassCap - w/o CCS, CoalCap, CoalCap - w/ CCS, CoalCap - w/o CCS, GasCap, GasCap - w/ CCS, GasCap - w/o CCS, GeothermalCap, HydroCap, NuclearCap, OilCap, OilCap - w/ CCS, OilCap - w/o CCS, WindCap - Offshore, WindCap - Onshore",1887,0,100.0,1887,100.0,1887,100.0,1332,70.59,1632,86.49,22,"efficiency_decimal,lifetime_years,om_cost_usd_per_mw_per_yr,fuel_price,scenario_price",11,17,64.71,210,2030,2050,target,AGO
TIAM-ECN 1.1,EN_NPi2020_2000,1887,17,"BiomassCap, BiomassCap - w/ CCS, BiomassCap - w/o CCS, CoalCap, CoalCap - w/ CCS, CoalCap - w/o CCS, GasCap, GasCap - w/ CCS, GasCap - w/o CCS, GeothermalCap, HydroCap, NuclearCap, OilCap, OilCap - w/ CCS, OilCap - w/o CCS, WindCap - Offshore, WindCap - Onshore",1887,0,100.0,1887,100.0,1887,100.0,1332,70.59,1581,83.78,22,"efficiency_decimal,lifetime_years,om_cost_usd_per_mw_per_yr,fuel_price,scenario_price",11,17,64.71,210,2030,2050,target,AGO
TIAM-ECN 1.1,EN_NPi2020_2000f,1887,17,"BiomassCap, BiomassCap - w/ CCS, BiomassCap - w/o CCS, CoalCap, CoalCap - w/ CCS, CoalCap - w/o CCS, GasCap, GasCap - w/ CCS, GasCap - w/o CCS, GeothermalCap, HydroCap, NuclearCap, OilCap, OilCap - w/ CCS, OilCap - w/o CCS, WindCap - Offshore, WindCap - Onshore",1887,0,100.0,1887,100.0,1887,100.0,1332,70.59,1581,83.78,22,"efficiency_decimal,lifetime_years,om_cost_usd_per_mw_per_yr,fuel_price,scenario_price",11,17,64.71,210,2030,2050,target,AGO
TIAM-ECN 1.1,EN_NPi2020_2500,1887,17,"BiomassCap, BiomassCap - w/ CCS, BiomassCap - w/o CCS, CoalCap, CoalCap - w/ CCS, CoalCap - w/o CCS, GasCap, GasCap - w/ CCS, GasCap - w/o CCS, GeothermalCap, HydroCap, NuclearCap, OilCap, OilCap - w/ CCS, OilCap - w/o CCS, WindCap - Offshore, WindCap - Onshore",1887,0,100.0,1887,100.0,1887,100.0,1332,70.59,1513,80.18,22,"efficiency_decimal,lifetime_years,om_cost_usd_per_mw_per_yr,fuel_price,scenario_price",11,17,64.71,210,2030,2050,target,AGO
TIAM-ECN 1.1,EN_NPi2020_2500f,1887,17,"BiomassCap, BiomassCap - w/ CCS, BiomassCap - w/o CCS, CoalCap, CoalCap - w/ CCS, CoalCap - w/o CCS, GasCap, GasCap - w/ CCS, GasCap - w/o CCS, GeothermalCap, HydroCap, NuclearCap, OilCap, OilCap - w/ CCS, OilCap - w/o CCS, WindCap - Offshore, WindCap - Onshore",1887,0,100.0,1887,100.0,1887,100.0,1332,70.59,1513,80.18,22,"efficiency_decimal,lifetime_years,om_cost_usd_per_mw_per_yr,fuel_price,scenario_price",11,17,64.71,210,2030,2050,target,AGO
TIAM-ECN 1.1,EN_NPi2020_3000,1887,17,"BiomassCap, BiomassCap - w/ CCS, BiomassCap - w/o CCS, CoalCap, CoalCap - w/ CCS, CoalCap - w/o CCS, GasCap, GasCap - w/ CCS, GasCap - w/o CCS, GeothermalCap, HydroCap, NuclearCap, OilCap, OilCap - w/ CCS, OilCap - w/o CCS, WindCap - Offshore, WindCap - Onshore",1887,0,100.0,1887,100.0,1887,100.0,1332,70.59,1496,79.28,22,"efficiency_decimal,lifetime_years,om_cost_usd_per_mw_per_yr,fuel_price,scenario_price",11,17,64.71,210,2030,2050,target,AGO
TIAM-ECN 1.1,EN_NPi2020_3000f,1887,17,"BiomassCap, BiomassCap - w/ CCS, BiomassCap - w/o CCS, CoalCap, CoalCap - w/ CCS, CoalCap - w/o CCS, GasCap, GasCap - w/ CCS, GasCap - w/o CCS, GeothermalCap, HydroCap, NuclearCap, OilCap, OilCap - w/ CCS, OilCap - w/o CCS, WindCap - Offshore, WindCap - Onshore",1887,0,100.0,1887,100.0,1887,100.0,1332,70.59,1496,79.28,22,"efficiency_decimal,lifetime_years,om_cost_usd_per_mw_per_yr,fuel_price,scenario_price",11,17,64.71,210,2030,2050,target,AGO
TIAM-ECN 1.1,EN_NPi2020_800,1887,17,"BiomassCap, BiomassCap - w/ CCS, BiomassCap - w/o CCS, CoalCap, CoalCap - w/ CCS, CoalCap - w/o CCS, GasCap, GasCap - w/ CCS, GasCap - w/o CCS, GeothermalCap, HydroCap, NuclearCap, OilCap, OilCap - w/ CCS, OilCap - w/o CCS, WindCap - Offshore, WindCap - Onshore",1887,0,100.0,1887,100.0,1887,100.0,1332,70.59,1683,89.19,22,"efficiency_decimal,lifetime_years,om_cost_usd_per_mw_per_yr,fuel_price,scenario_price",11,17,64.71,210,2030,2050,target,AGO
TIAM-ECN 1.1,EN_NPi2020_800f,1887,17,"BiomassCap, BiomassCap - w/ CCS, BiomassCap - w/o CCS, CoalCap, CoalCap - w/ CCS, CoalCap - w/o CCS, GasCap, GasCap - w/ CCS, GasCap - w/o CCS, GeothermalCap, HydroCap, NuclearCap, OilCap, OilCap - w/ CCS, OilCap - w/o CCS, WindCap - Offshore, WindCap - Onshore",1887,0,100.0,1887,100.0,1887,100.0,1332,70.59,1700,90.09,22,"efficiency_decimal,lifetime_years,om_cost_usd_per_mw_per_yr,fuel_price,scenario_price",11,17,64.71,210,2030,2050,target,AGO
TIAM-ECN 1.1,EN_NPi2020_900,1887,17,"BiomassCap, BiomassCap - w/ CCS, BiomassCap - w/o CCS, CoalCap, CoalCap - w/ CCS, CoalCap - w/o CCS, GasCap, GasCap - w/ CCS, GasCap - w/o CCS, GeothermalCap, HydroCap, NuclearCap, OilCap, OilCap - w/ CCS, OilCap - w/o CCS, WindCap - Offshore, WindCap - Onshore",1887,0,100.0,1887,100.0,1887,100.0,1332,70.59,1683,89.19,22,"efficiency_decimal,lifetime_years,om_cost_usd_per_mw_per_yr,fuel_price,scenario_price",11,17,64.71,210,2030,2050,target,AGO
TIAM-ECN 1.1,EN_NPi2020_900f,1887,17,"BiomassCap, BiomassCap - w/ CCS, BiomassCap - w/o CCS, CoalCap, CoalCap - w/ CCS, CoalCap - w/o CCS, GasCap, GasCap - w/ CCS, GasCap - w/o CCS, GeothermalCap, HydroCap, NuclearCap, OilCap, OilCap - w/ CCS, OilCap - w/o CCS, WindCap - Offshore, WindCap - Onshore",1887,0,100.0,1887,100.0,1887,100.0,1332,70.59,1717,90.99,22,"efficiency_decimal,lifetime_years,om_cost_usd_per_mw_per_yr,fuel_price,scenario_price",11,17,64.71,210,2030,2050,target,AGO
TIAM-ECN 1.1,EN_NPi2100,1887,17,"BiomassCap, BiomassCap - w/ CCS, BiomassCap - w/o CCS, CoalCap, CoalCap - w/ CCS, CoalCap - w/o CCS, GasCap, GasCap - w/ CCS, GasCap - w/o CCS, GeothermalCap, HydroCap, NuclearCap, OilCap, OilCap - w/ CCS, OilCap - w/o CCS, WindCap - Offshore, WindCap - Onshore",1887,0,100.0,1887,100.0,1887,100.0,1332,70.59,1496,79.28,22,"efficiency_decimal,lifetime_years,om_cost_usd_per_mw_per_yr,fuel_price,scenario_price",11,17,64.71,210,2030,2050,target,AGO
TIAM-ECN 1.1,EN_NPi2100_COV,1887,17,"BiomassCap, BiomassCap - w/ CCS, BiomassCap - w/o CCS, CoalCap, CoalCap - w/ CCS, CoalCap - w/o CCS, GasCap, GasCap - w/ CCS, GasCap - w/o CCS, GeothermalCap, HydroCap, NuclearCap, OilCap, OilCap - w/ CCS, OilCap - w/o CCS, WindCap - Offshore, WindCap - Onshore",1887,0,100.0,1887,100.0,1887,100.0,1332,70.59,1462,77.48,22,"efficiency_decimal,lifetime_years,om_cost_usd_per_mw_per_yr,fuel_price,scenario_price",11,17,64.71,210,2030,2050,target,AGO
TIAM-ECN AFR 1.1,2DC,204,17,"BiomassCap, BiomassCap - w/ CCS, BiomassCap - w/o CCS, CoalCap, CoalCap - w/ CCS, CoalCap - w/o CCS, GasCap, GasCap - w/ CCS, GasCap - w/o CCS, GeothermalCap, HydroCap, NuclearCap, OilCap, OilCap - w/ CCS, OilCap - w/o CCS, WindCap - Offshore, WindCap - Onshore",204,0,100.0,204,100.0,204,100.0,144,70.59,204,100.0,4,"efficiency_decimal,lifetime_years,capital_cost_usd_per_mw,om_cost_usd_per_mw_per_yr,fuel_price,scenario_price",0,17,0.0,57,2025,2050,target,R10AFRICA
TIAM-ECN AFR 1.1,CAP,204,17,"BiomassCap, BiomassCap - w/ CCS, BiomassCap - w/o CCS, CoalCap, CoalCap - w/ CCS, CoalCap - w/o CCS, GasCap, GasCap - w/ CCS, GasCap - w/o CCS, GeothermalCap, HydroCap, NuclearCap, OilCap, OilCap - w/ CCS, OilCap - w/o CCS, WindCap - Offshore, WindCap - Onshore",204,0,100.0,204,100.0,204,100.0,144,70.59,204,100.0,4,"efficiency_decimal,lifetime_years,capital_cost_usd_per_mw,om_cost_usd_per_mw_per_yr,fuel_price,scenario_price",0,17,0.0,57,2025,2050,target,R10AFRICA
TIAM-ECN AFR 1.1,REF,204,17,"BiomassCap, BiomassCap - w/ CCS, BiomassCap - w/o CCS, CoalCap, CoalCap - w/ CCS, CoalCap - w/o CCS, GasCap, GasCap - w/ CCS, GasCap - w/o CCS, GeothermalCap, HydroCap, NuclearCap, OilCap, OilCap - w/ CCS, OilCap - w/o CCS, WindCap - Offshore, WindCap - Onshore",204,0,100.0,204,100.0,204,100.0,144,70.59,204,100.0,4,"efficiency_decimal,lifetime_years,capital_cost_usd_per_mw,om_cost_usd_per_mw_per_yr,fuel_price,scenario_price",0,17,0.0,57,2025,2050,target,R10AFRICA
TIAM-ECN AFR 1.1,TAX,204,17,"BiomassCap, BiomassCap - w/ CCS, BiomassCap - w/o CCS, CoalCap, CoalCap - w/ CCS, CoalCap - w/o CCS, GasCap, GasCap - w/ CCS, GasCap - w/o CCS, GeothermalCap, HydroCap, NuclearCap, OilCap, OilCap - w/ CCS, OilCap - w/o CCS, WindCap - Offshore, WindCap - Onshore",204,0,100.0,204,100.0,204,100.0,144,70.59,204,100.0,4,"efficiency_decimal,lifetime_years,capital_cost_usd_per_mw,om_cost_usd_per_mw_per_yr,fuel_price,scenario_price",0,17,0.0,57,2025,2050,target,R10AFRICA
TIAM-ECN ETH 1.1,RCP2.6,204,17,"BiomassCap, BiomassCap - w/ CCS, BiomassCap - w/o CCS, CoalCap, CoalCap - w/ CCS, CoalCap - w/o CCS, GasCap, GasCap - w/ CCS, GasCap - w/o CCS, GeothermalCap, HydroCap, NuclearCap, OilCap, OilCap - w/ CCS, OilCap - w/o CCS, WindCap - Offshore, WindCap - Onshore",204,0,100.0,204,100.0,204,100.0,144,70.59,204,100.0,6,"efficiency_decimal(global),lifetime_years(global),capital_cost_usd_per_mw(global),om_cost_usd_per_mw_per_yr(global),fuel_price(global),scenario_price(global)",0,17,0.0,1,2025,2050,target,ETH
TIAM-ECN ETH 1.1,baseline,204,17,"BiomassCap, BiomassCap - w/ CCS, BiomassCap - w/o CCS, CoalCap, CoalCap - w/ CCS, CoalCap - w/o CCS, GasCap, GasCap - w/ CCS, GasCap - w/o CCS, GeothermalCap, HydroCap, NuclearCap, OilCap, OilCap - w/ CCS, OilCap - w/o CCS, WindCap - Offshore, WindCap - Onshore",204,0,100.0,204,100.0,204,100.0,144,70.59,204,100.0,6,"efficiency_decimal(global),lifetime_years(global),capital_cost_usd_per_mw(global),om_cost_usd_per_mw_per_yr(global),fuel_price(global),scenario_price(global)",0,17,0.0,1,2025,2050,target,ETH
TIAM-ECN KEN 1.1,CAP,204,17,"BiomassCap, BiomassCap - w/ CCS, BiomassCap - w/o CCS, CoalCap, CoalCap - w/ CCS, CoalCap - w/o CCS, GasCap, GasCap - w/ CCS, GasCap - w/o CCS, GeothermalCap, HydroCap, NuclearCap, OilCap, OilCap - w/ CCS, OilCap - w/o CCS, WindCap - Offshore, WindCap - Onshore",204,0,100.0,204,100.0,204,100.0,144,70.59,204,100.0,6,"efficiency_decimal(global),lifetime_years(global),capital_cost_usd_per_mw(global),om_cost_usd_per_mw_per_yr(global),fuel_price(global),scenario_price(global)",0,17,0.0,1,2025,2050,target,KEN
TIAM-ECN KEN 1.1,NDC,204,17,"BiomassCap, BiomassCap - w/ CCS, BiomassCap - w/o CCS, CoalCap, CoalCap - w/ CCS, CoalCap - w/o CCS, GasCap, GasCap - w/ CCS, GasCap - w/o CCS, GeothermalCap, HydroCap, NuclearCap, OilCap, OilCap - w/ CCS, OilCap - w/o CCS, WindCap - Offshore, WindCap - Onshore",204,0,100.0,204,100.0,204,100.0,144,70.59,204,100.0,6,"efficiency_decimal(global),lifetime_years(global),capital_cost_usd_per_mw(global),om_cost_usd_per_mw_per_yr(global),fuel_price(global),scenario_price(global)",0,17,0.0,1,2025,2050,target,KEN
TIAM-ECN KEN 1.1,REF,204,17,"BiomassCap, BiomassCap - w/ CCS, BiomassCap - w/o CCS, CoalCap, CoalCap - w/ CCS, CoalCap - w/o CCS, GasCap, GasCap - w/ CCS, GasCap - w/o CCS, GeothermalCap, HydroCap, NuclearCap, OilCap, OilCap - w/ CCS, OilCap - w/o CCS, WindCap - Offshore, WindCap - Onshore",204,0,100.0,204,100.0,204,100.0,144,70.59,204,100.0,6,"efficiency_decimal(global),lifetime_years(global),capital_cost_usd_per_mw(global),om_cost_usd_per_mw_per_yr(global),fuel_price(global),scenario_price(global)",0,17,0.0,1,2025,2050,target,KEN
TIAM-ECN KEN 1.1,TAX,204,17,"BiomassCap, BiomassCap - w/ CCS, BiomassCap - w/o CCS, CoalCap, CoalCap - w/ CCS, CoalCap - w/o CCS, GasCap, GasCap - w/ CCS, GasCap - w/o CCS, GeothermalCap, HydroCap, NuclearCap, OilCap, OilCap - w/ CCS, OilCap - w/o CCS, WindCap - Offshore, WindCap - Onshore",204,0,100.0,204,100.0,204,100.0,144,70.59,204,100.0,6,"efficiency_decimal(global),lifetime_years(global),capital_cost_usd_per_mw(global),om_cost_usd_per_mw_per_yr(global),fuel_price(global),scenario_price(global)",0,17,0.0,1,2025,2050,target,KEN
TIAM-ECN MDG 1.1,NDC,204,17,"BiomassCap, BiomassCap - w/ CCS, BiomassCap - w/o CCS, CoalCap, CoalCap - w/ CCS, CoalCap - w/o CCS, GasCap, GasCap - w/ CCS, GasCap - w/o CCS, GeothermalCap, HydroCap, NuclearCap, OilCap, OilCap - w/ CCS, OilCap - w/o CCS, WindCap - Offshore, WindCap - Onshore",204,0,100.0,204,100.0,204,100.0,144,70.59,204,100.0,6,"efficiency_decimal(global),lifetime_years(global),capital_cost_usd_per_mw(global),om_cost_usd_per_mw_per_yr(global),fuel_price(global),scenario_price(global)",0,17,0.0,1,2025,2050,target,MDG
TIAM-ECN MDG 1.1,NDC+,204,17,"BiomassCap, BiomassCap - w/ CCS, BiomassCap - w/o CCS, CoalCap, CoalCap - w/ CCS, CoalCap - w/o CCS, GasCap, GasCap - w/ CCS, GasCap - w/o CCS, GeothermalCap, HydroCap, NuclearCap, OilCap, OilCap - w/ CCS, OilCap - w/o CCS, WindCap - Offshore, WindCap - Onshore",204,0,100.0,204,100.0,204,100.0,144,70.59,204,100.0,6,"efficiency_decimal(global),lifetime_years(global),capital_cost_usd_per_mw(global),om_cost_usd_per_mw_per_yr(global),fuel_price(global),scenario_price(global)",0,17,0.0,1,2025,2050,target,MDG
TIAM-ECN MDG 1.1,REF,204,17,"BiomassCap, BiomassCap - w/ CCS, BiomassCap - w/o CCS, CoalCap, CoalCap - w/ CCS, CoalCap - w/o CCS, GasCap, GasCap - w/ CCS, GasCap - w/o CCS, GeothermalCap, HydroCap, NuclearCap, OilCap, OilCap - w/ CCS, OilCap - w/o CCS, WindCap - Offshore, WindCap - Onshore",204,0,100.0,204,100.0,204,100.0,144,70.59,204,100.0,6,"efficiency_decimal(global),lifetime_years(global),capital_cost_usd_per_mw(global),om_cost_usd_per_mw_per_yr(global),fuel_price(global),scenario_price(global)",0,17,0.0,1,2025,2050,target,MDG
TIAM-Grantham 3.2,BAU_PR,104,2,"GasCap, GasCap - w/o CCS",104,0,100.0,104,100.0,104,100.0,104,100.0,104,100.0,3,"efficiency_decimal,lifetime_years,capital_cost_usd_per_mw,om_cost_usd_per_mw_per_yr,fuel_price,scenario_price",2,2,100.0,209,2030,2050,target,CAN
TIAM-Grantham 3.2,CO_2Deg2020,726,15,"BiomassCap, BiomassCap - w/ CCS, BiomassCap - w/o CCS, CoalCap, CoalCap - w/ CCS, CoalCap - w/o CCS, GasCap, GasCap - w/ CCS, GasCap - w/o CCS, GeothermalCap, HydroCap, NuclearCap, OilCap, OilCap - w/o CCS, WindCap - Onshore",726,0,100.0,531,73.14,531,73.14,519,71.49,726,100.0,11,"efficiency_decimal,lifetime_years,capital_cost_usd_per_mw,om_cost_usd_per_mw_per_yr,fuel_price,scenario_price",14,15,93.33,209,2030,2050,target,CAN
TIAM-Grantham 3.2,CO_2Deg2030,732,15,"BiomassCap, BiomassCap - w/ CCS, BiomassCap - w/o CCS, CoalCap, CoalCap - w/ CCS, CoalCap - w/o CCS, GasCap, GasCap - w/ CCS, GasCap - w/o CCS, GeothermalCap, HydroCap, NuclearCap, OilCap, OilCap - w/o CCS, WindCap - Onshore",732,0,100.0,537,73.36,537,73.36,525,71.72,732,100.0,11,"efficiency_decimal,lifetime_years,capital_cost_usd_per_mw,om_cost_usd_per_mw_per_yr,fuel_price,scenario_price",14,15,93.33,209,2030,2050,target,CAN
TIAM-Grantham 3.2,CO_BAU,621,12,"BiomassCap, BiomassCap - w/o CCS, CoalCap, CoalCap - w/o CCS, GasCap, GasCap - w/o CCS, GeothermalCap, HydroCap, NuclearCap, OilCap, OilCap - w/o CCS, WindCap - Onshore",621,0,100.0,430,69.24,430,69.24,414,66.67,621,100.0,10,"efficiency_decimal,lifetime_years,capital_cost_usd_per_mw,om_cost_usd_per_mw_per_yr,fuel_price,scenario_price",11,12,91.67,209,2030,2050,target,CAN
TIAM-Grantham 3.2,CO_Bridge,741,15,"BiomassCap, BiomassCap - w/ CCS, BiomassCap - w/o CCS, CoalCap, CoalCap - w/ CCS, CoalCap - w/o CCS, GasCap, GasCap - w/ CCS, GasCap - w/o CCS, GeothermalCap, HydroCap, NuclearCap, OilCap, OilCap - w/o CCS, WindCap - Onshore",741,0,100.0,546,73.68,546,73.68,534,72.06,741,100.0,11,"efficiency_decimal,lifetime_years,capital_cost_usd_per_mw,om_cost_usd_per_mw_per_yr,fuel_price,scenario_price",14,15,93.33,209,2030,2050,target,CAN
TIAM-Grantham 3.2,CO_CurPol,654,16,"BiomassCap, BiomassCap - w/ CCS, BiomassCap - w/o CCS, CoalCap, CoalCap - w/ CCS, CoalCap - w/o CCS, GasCap, GasCap - w/ CCS, GasCap - w/o CCS, GeothermalCap, HydroCap, NuclearCap, OilCap, OilCap - w/o CCS, WindCap - Offshore, WindCap - Onshore",654,0,100.0,461,70.49,461,70.49,438,66.97,654,100.0,11,"efficiency_decimal,lifetime_years,capital_cost_usd_per_mw,om_cost_usd_per_mw_per_yr,fuel_price,scenario_price",15,16,93.75,209,2030,2050,target,CAN
TIAM-Grantham 3.2,CO_GPP,669,15,"BiomassCap, BiomassCap - w/ CCS, BiomassCap - w/o CCS, CoalCap, CoalCap - w/ CCS, CoalCap - w/o CCS, GasCap, GasCap - w/ CCS, GasCap - w/o CCS, GeothermalCap, HydroCap, NuclearCap, OilCap, OilCap - w/o CCS, WindCap - Onshore",669,0,100.0,477,71.3,477,71.3,462,69.06,669,100.0,10,"efficiency_decimal,lifetime_years,capital_cost_usd_per_mw,om_cost_usd_per_mw_per_yr,fuel_price,scenario_price",14,15,93.33,209,2030,2050,target,CAN
TIAM-Grantham 3.2,CO_NDCplus,675,15,"BiomassCap, BiomassCap - w/ CCS, BiomassCap - w/o CCS, CoalCap, CoalCap - w/ CCS, CoalCap - w/o CCS, GasCap, GasCap - w/ CCS, GasCap - w/o CCS, GeothermalCap, HydroCap, NuclearCap, OilCap, OilCap - w/o CCS, WindCap - Onshore",675,0,100.0,482,71.41,482,71.41,468,69.33,675,100.0,11,"efficiency_decimal,lifetime_years,capital_cost_usd_per_mw,om_cost_usd_per_mw_per_yr,fuel_price,scenario_price",14,15,93.33,209,2030,2050,target,CAN
TIAM-Grantham 3.2,CSH,74,7,"BiomassCap, CoalCap, GasCap, GeothermalCap, HydroCap, NuclearCap, OilCap",74,0,100.0,74,100.0,74,100.0,54,72.97,74,100.0,9,"efficiency_decimal,lifetime_years,capital_cost_usd_per_mw,om_cost_usd_per_mw_per_yr,fuel_price,scenario_price",0,7,0.0,209,2030,2030,target,CAN
TIAM-Grantham 3.2,PCSH,76,7,"BiomassCap, CoalCap, GasCap, GeothermalCap, HydroCap, NuclearCap, OilCap",76,0,100.0,76,100.0,76,100.0,56,73.68,76,100.0,9,"efficiency_decimal,lifetime_years,capital_cost_usd_per_mw,om_cost_usd_per_mw_per_yr,fuel_price,scenario_price",0,7,0.0,209,2030,2030,target,CAN
TIAM-Grantham 3.2,PR_CP_CarbonPriceOnly,102,2,"GasCap, GasCap - w/o CCS",102,0,100.0,102,100.0,102,100.0,102,100.0,102,100.0,3,"efficiency_decimal,lifetime_years,capital_cost_usd_per_mw,om_cost_usd_per_mw_per_yr,fuel_price,scenario_price",2,2,100.0,209,2030,2050,target,CAN
TIAM-Grantham 3.2,PR_CP_CarbonPrice_1,102,2,"GasCap, GasCap - w/o CCS",102,0,100.0,102,100.0,102,100.0,102,100.0,102,100.0,3,"efficiency_decimal,lifetime_years,capital_cost_usd_per_mw,om_cost_usd_per_mw_per_yr,fuel_price,scenario_price",2,2,100.0,209,2030,2050,target,CAN
TIAM-Grantham 3.2,PR_CP_EmIntensity_1,102,2,"GasCap, GasCap - w/o CCS",102,0,100.0,102,100.0,102,100.0,102,100.0,102,100.0,3,"efficiency_decimal,lifetime_years,capital_cost_usd_per_mw,om_cost_usd_per_mw_per_yr,fuel_price,scenario_price",2,2,100.0,209,2030,2050,target,CAN
TIAM-Grantham 3.2,PR_NDC_CarbonPriceOnly,102,2,"GasCap, GasCap - w/o CCS",102,0,100.0,102,100.0,102,100.0,102,100.0,102,100.0,3,"efficiency_decimal,lifetime_years,capital_cost_usd_per_mw,om_cost_usd_per_mw_per_yr,fuel_price,scenario_price",2,2,100.0,209,2030,2050,target,CAN
TIAM-Grantham 3.2,PR_NDC_CarbonPrice_1,111,3,"GasCap, GasCap - w/ CCS, GasCap - w/o CCS",111,0,100.0,111,100.0,111,100.0,111,100.0,111,100.0,3,"efficiency_decimal,lifetime_years,capital_cost_usd_per_mw,om_cost_usd_per_mw_per_yr,fuel_price,scenario_price",3,3,100.0,209,2030,2050,target,CAN
TIAM-Grantham 3.2,PR_NDC_EmIntensity_1,111,3,"GasCap, GasCap - w/ CCS, GasCap - w/o CCS",111,0,100.0,111,100.0,111,100.0,111,100.0,111,100.0,3,"efficiency_decimal,lifetime_years,capital_cost_usd_per_mw,om_cost_usd_per_mw_per_yr,fuel_price,scenario_price",3,3,100.0,209,2030,2050,target,CAN
TIAM-Grantham 3.2,R,75,7,"BiomassCap, CoalCap, GasCap, GeothermalCap, HydroCap, NuclearCap, OilCap",75,0,100.0,75,100.0,75,100.0,55,73.33,75,100.0,9,"efficiency_decimal,lifetime_years,capital_cost_usd_per_mw,om_cost_usd_per_mw_per_yr,fuel_price,scenario_price",0,7,0.0,209,2030,2030,target,CAN
TIAM-Grantham 3.2,SH,77,7,"BiomassCap, CoalCap, GasCap, GeothermalCap, HydroCap, NuclearCap, OilCap",77,0,100.0,77,100.0,77,100.0,57,74.03,77,100.0,9,"efficiency_decimal,lifetime_years,capital_cost_usd_per_mw,om_cost_usd_per_mw_per_yr,fuel_price,scenario_price",0,7,0.0,209,2030,2030,target,CAN
TIAM-UCL 4.1.1,SSP2_1_5D-50_CCC2020,1824,16,"BiomassCap, BiomassCap - w/ CCS, BiomassCap - w/o CCS, CoalCap, CoalCap - w/ CCS, CoalCap - w/o CCS, GasCap, GasCap - w/ CCS, GasCap - w/o CCS, GeothermalCap, NuclearCap, OilCap, OilCap - w/ CCS, OilCap - w/o CCS, WindCap - Offshore, WindCap - Onshore",1824,0,100.0,1824,100.0,1824,100.0,1368,75.0,1824,100.0,12,"efficiency_decimal,lifetime_years,capital_cost_usd_per_mw,om_cost_usd_per_mw_per_yr,fuel_price,scenario_price",10,16,62.5,209,2025,2050,target,AUS
TIAM-UCL 4.1.1,SSP2_1_75D-66,1428,17,"BiomassCap, BiomassCap - w/ CCS, BiomassCap - w/o CCS, CoalCap, CoalCap - w/ CCS, CoalCap - w/o CCS, GasCap, GasCap - w/ CCS, GasCap - w/o CCS, GeothermalCap, HydroCap, NuclearCap, OilCap, OilCap - w/ CCS, OilCap - w/o CCS, WindCap - Offshore, WindCap - Onshore",1428,0,100.0,1428,100.0,1428,100.0,1008,70.59,1428,100.0,12,"efficiency_decimal,lifetime_years,capital_cost_usd_per_mw,om_cost_usd_per_mw_per_yr,fuel_price,scenario_price",0,17,0.0,209,2025,2050,target,CHN
TIAM-UCL 4.1.1,SSP2_1_75D-66_CCC2020,1824,16,"BiomassCap, BiomassCap - w/ CCS, BiomassCap - w/o CCS, CoalCap, CoalCap - w/ CCS, CoalCap - w/o CCS, GasCap, GasCap - w/ CCS, GasCap - w/o CCS, GeothermalCap, NuclearCap, OilCap, OilCap - w/ CCS, OilCap - w/o CCS, WindCap - Offshore, WindCap - Onshore",1824,0,100.0,1824,100.0,1824,100.0,1368,75.0,1824,100.0,12,"efficiency_decimal,lifetime_years,capital_cost_usd_per_mw,om_cost_usd_per_mw_per_yr,fuel_price,scenario_price",10,16,62.5,209,2025,2050,target,AUS
TIAM-UCL 4.1.1,SSP2_2D-66,1428,17,"BiomassCap, BiomassCap - w/ CCS, BiomassCap - w/o CCS, CoalCap, CoalCap - w/ CCS, CoalCap - w/o CCS, GasCap, GasCap - w/ CCS, GasCap - w/o CCS, GeothermalCap, HydroCap, NuclearCap, OilCap, OilCap - w/ CCS, OilCap - w/o CCS, WindCap - Offshore, WindCap - Onshore",1428,0,100.0,1428,100.0,1428,100.0,1008,70.59,1428,100.0,12,"efficiency_decimal,lifetime_years,capital_cost_usd_per_mw,om_cost_usd_per_mw_per_yr,fuel_price,scenario_price",0,17,0.0,209,2025,2050,target,CHN
TIAM-UCL 4.1.1,SSP2_2D-66_CCC2020,1824,16,"BiomassCap, BiomassCap - w/ CCS, BiomassCap - w/o CCS, CoalCap, CoalCap - w/ CCS, CoalCap - w/o CCS, GasCap, GasCap - w/ CCS, GasCap - w/o CCS, GeothermalCap, NuclearCap, OilCap, OilCap - w/ CCS, OilCap - w/o CCS, WindCap - Offshore, WindCap - Onshore",1824,0,100.0,1824,100.0,1824,100.0,1368,75.0,1808,99.12,16,"efficiency_decimal,lifetime_years,capital_cost_usd_per_mw,om_cost_usd_per_mw_per_yr,fuel_price,scenario_price",10,16,62.5,209,2025,2050,target,AUS
TIAM-UCL 4.1.1,SSP2_BASE,1428,17,"BiomassCap, BiomassCap - w/ CCS, BiomassCap - w/o CCS, CoalCap, CoalCap - w/ CCS, CoalCap - w/o CCS, GasCap, GasCap - w/ CCS, GasCap - w/o CCS, GeothermalCap, HydroCap, NuclearCap, OilCap, OilCap - w/ CCS, OilCap - w/o CCS, WindCap - Offshore, WindCap - Onshore",1428,0,100.0,1428,100.0,1428,100.0,1008,70.59,1428,100.0,12,"efficiency_decimal,lifetime_years,capital_cost_usd_per_mw,om_cost_usd_per_mw_per_yr,fuel_price,scenario_price",0,17,0.0,209,2025,2050,target,CHN
TIAM-UCL 4.1.1,SSP2_BASE_CCC2020,1824,16,"BiomassCap, BiomassCap - w/ CCS, BiomassCap - w/o CCS, CoalCap, CoalCap - w/ CCS, CoalCap - w/o CCS, GasCap, GasCap - w/ CCS, GasCap - w/o CCS, GeothermalCap, NuclearCap, OilCap, OilCap - w/ CCS, OilCap - w/o CCS, WindCap - Offshore, WindCap - Onshore",1824,0,100.0,1824,100.0,1824,100.0,1368,75.0,1824,100.0,12,"efficiency_decimal,lifetime_years,capital_cost_usd_per_mw,om_cost_usd_per_mw_per_yr,fuel_price,scenario_price",10,16,62.5,209,2025,2050,target,AUS
TIAM-WORLD 1.0,20% abatement (FF&I),307,13,"BiomassCap, BiomassCap - w/o CCS, CoalCap, CoalCap - w/ CCS, CoalCap - w/o CCS, GasCap, GasCap - w/ CCS, GasCap - w/o CCS, GeothermalCap, HydroCap, NuclearCap, OilCap, OilCap - w/o CCS",307,0,100.0,307,100.0,307,100.0,226,73.62,307,100.0,9,"efficiency_decimal,lifetime_years,capital_cost_usd_per_mw,om_cost_usd_per_mw_per_yr,fuel_price,scenario_price",0,13,0.0,35,2030,2050,target,CAN
TIAM-WORLD 1.0,20% abatement (GHG),310,12,"BiomassCap, BiomassCap - w/o CCS, CoalCap, CoalCap - w/ CCS, CoalCap - w/o CCS, GasCap, GasCap - w/o CCS, GeothermalCap, HydroCap, NuclearCap, OilCap, OilCap - w/o CCS",310,0,100.0,310,100.0,310,100.0,229,73.87,310,100.0,9,"efficiency_decimal,lifetime_years,capital_cost_usd_per_mw,om_cost_usd_per_mw_per_yr,fuel_price,scenario_price",0,12,0.0,35,2030,2050,target,CAN
TIAM-WORLD 1.0,450 concentration,308,14,"BiomassCap, BiomassCap - w/ CCS, BiomassCap - w/o CCS, CoalCap, CoalCap - w/ CCS, CoalCap - w/o CCS, GasCap, GasCap - w/ CCS, GasCap - w/o CCS, GeothermalCap, HydroCap, NuclearCap, OilCap, OilCap - w/o CCS",308,0,100.0,308,100.0,308,100.0,224,72.73,308,100.0,10,"efficiency_decimal,lifetime_years,capital_cost_usd_per_mw,om_cost_usd_per_mw_per_yr,fuel_price,scenario_price",0,14,0.0,35,2030,2050,target,CAN
TIAM-WORLD 1.0,50% abatement (FF&I),322,14,"BiomassCap, BiomassCap - w/ CCS, BiomassCap - w/o CCS, CoalCap, CoalCap - w/ CCS, CoalCap - w/o CCS, GasCap, GasCap - w/ CCS, GasCap - w/o CCS, GeothermalCap, HydroCap, NuclearCap, OilCap, OilCap - w/o CCS",322,0,100.0,322,100.0,322,100.0,238,73.91,322,100.0,10,"efficiency_decimal,lifetime_years,capital_cost_usd_per_mw,om_cost_usd_per_mw_per_yr,fuel_price,scenario_price",0,14,0.0,35,2030,2050,target,CAN
TIAM-WORLD 1.0,50% abatement (GHG),318,14,"BiomassCap, BiomassCap - w/ CCS, BiomassCap - w/o CCS, CoalCap, CoalCap - w/ CCS, CoalCap - w/o CCS, GasCap, GasCap - w/ CCS, GasCap - w/o CCS, GeothermalCap, HydroCap, NuclearCap, OilCap, OilCap - w/o CCS",318,0,100.0,318,100.0,318,100.0,234,73.58,318,100.0,10,"efficiency_decimal,lifetime_years,capital_cost_usd_per_mw,om_cost_usd_per_mw_per_yr,fuel_price,scenario_price",0,14,0.0,35,2030,2050,target,CAN
TIAM-WORLD 1.0,550 concentration,308,13,"BiomassCap, BiomassCap - w/o CCS, CoalCap, CoalCap - w/ CCS, CoalCap - w/o CCS, GasCap, GasCap - w/ CCS, GasCap - w/o CCS, GeothermalCap, HydroCap, NuclearCap, OilCap, OilCap - w/o CCS",308,0,100.0,308,100.0,308,100.0,227,73.7,308,100.0,9,"efficiency_decimal,lifetime_years,capital_cost_usd_per_mw,om_cost_usd_per_mw_per_yr,fuel_price,scenario_price",0,13,0.0,35,2030,2050,target,CAN
TIAM-WORLD 1.0,650 concentration,296,12,"BiomassCap, BiomassCap - w/o CCS, CoalCap, CoalCap - w/ CCS, CoalCap - w/o CCS, GasCap, GasCap - w/o CCS, GeothermalCap, HydroCap, NuclearCap, OilCap, OilCap - w/o CCS",296,0,100.0,296,100.0,296,100.0,215,72.64,296,100.0,9,"efficiency_decimal,lifetime_years,capital_cost_usd_per_mw,om_cost_usd_per_mw_per_yr,fuel_price,scenario_price",0,12,0.0,35,2030,2050,target,CAN
TIAM-WORLD 1.0,Core baseline,291,11,"BiomassCap, BiomassCap - w/o CCS, CoalCap, CoalCap - w/o CCS, GasCap, GasCap - w/o CCS, GeothermalCap, HydroCap, NuclearCap, OilCap, OilCap - w/o CCS",291,0,100.0,291,100.0,291,100.0,210,72.16,291,100.0,9,"efficiency_decimal,lifetime_years,capital_cost_usd_per_mw,om_cost_usd_per_mw_per_yr,fuel_price,scenario_price",0,11,0.0,35,2030,2050,target,CAN
TIAM-WORLD 1.0,High CO2 price,298,13,"BiomassCap, BiomassCap - w/o CCS, CoalCap, CoalCap - w/ CCS, CoalCap - w/o CCS, GasCap, GasCap - w/ CCS, GasCap - w/o CCS, GeothermalCap, HydroCap, NuclearCap, OilCap, OilCap - w/o CCS",298,0,100.0,298,100.0,298,100.0,216,72.48,298,100.0,9,"efficiency_decimal,lifetime_years,capital_cost_usd_per_mw,om_cost_usd_per_mw_per_yr,fuel_price,scenario_price",0,13,0.0,35,2030,2050,target,CAN
TIAM-WORLD 1.0,Low CO2 price,303,12,"BiomassCap, BiomassCap - w/o CCS, CoalCap, CoalCap - w/ CCS, CoalCap - w/o CCS, GasCap, GasCap - w/o CCS, GeothermalCap, HydroCap, NuclearCap, OilCap, OilCap - w/o CCS",303,0,100.0,303,100.0,303,100.0,222,73.27,303,100.0,9,"efficiency_decimal,lifetime_years,capital_cost_usd_per_mw,om_cost_usd_per_mw_per_yr,fuel_price,scenario_price",0,12,0.0,35,2030,2050,target,CAN
TIAM-WORLD 1.0,Policy baseline,325,14,"BiomassCap, BiomassCap - w/ CCS, BiomassCap - w/o CCS, CoalCap, CoalCap - w/ CCS, CoalCap - w/o CCS, GasCap, GasCap - w/ CCS, GasCap - w/o CCS, GeothermalCap, HydroCap, NuclearCap, OilCap, OilCap - w/o CCS",325,0,100.0,325,100.0,325,100.0,241,74.15,325,100.0,10,"efficiency_decimal,lifetime_years,capital_cost_usd_per_mw,om_cost_usd_per_mw_per_yr,fuel_price,scenario_price",0,14,0.0,35,2030,2050,target,CAN
TIMES-Australia 20.73,CO_2Deg2020,36,3,"BiomassCap, GeothermalCap, HydroCap",36,0,100.0,36,100.0,36,100.0,12,33.33,36,100.0,4,"lifetime_years,capital_cost_usd_per_mw,om_cost_usd_per_mw_per_yr,scenario_price(global)",0,3,0.0,1,2025,2050,target,AUS
TIMES-Australia 20.73,CO_2Deg2030,36,3,"BiomassCap, GeothermalCap, HydroCap",36,0,100.0,36,100.0,36,100.0,12,33.33,36,100.0,4,"lifetime_years,capital_cost_usd_per_mw,om_cost_usd_per_mw_per_yr,scenario_price(global)",0,3,0.0,1,2025,2050,target,AUS
TIMES-Australia 20.73,CO_BAU,36,3,"BiomassCap, GeothermalCap, HydroCap",36,0,100.0,36,100.0,36,100.0,12,33.33,36,100.0,4,"lifetime_years,capital_cost_usd_per_mw,om_cost_usd_per_mw_per_yr,scenario_price(global)",0,3,0.0,1,2025,2050,target,AUS
TIMES-Australia 20.73,CO_Baseline,36,3,"BiomassCap, GeothermalCap, HydroCap",36,0,100.0,36,100.0,36,100.0,12,33.33,36,100.0,4,"lifetime_years,capital_cost_usd_per_mw,om_cost_usd_per_mw_per_yr,scenario_price(global)",0,3,0.0,1,2025,2050,target,AUS
TIMES-Australia 20.73,CO_Bridge,36,3,"BiomassCap, GeothermalCap, HydroCap",36,0,100.0,36,100.0,36,100.0,12,33.33,36,100.0,4,"lifetime_years,capital_cost_usd_per_mw,om_cost_usd_per_mw_per_yr,scenario_price(global)",0,3,0.0,1,2025,2050,target,AUS
TIMES-Australia 20.73,CO_CurPol,36,3,"BiomassCap, GeothermalCap, HydroCap",36,0,100.0,36,100.0,36,100.0,12,33.33,36,100.0,4,"lifetime_years,capital_cost_usd_per_mw,om_cost_usd_per_mw_per_yr,scenario_price(global)",0,3,0.0,1,2025,2050,target,AUS
TIMES-Australia 20.73,CO_GPP,36,3,"BiomassCap, GeothermalCap, HydroCap",36,0,100.0,36,100.0,36,100.0,12,33.33,36,100.0,4,"lifetime_years,capital_cost_usd_per_mw,om_cost_usd_per_mw_per_yr,scenario_price(global)",0,3,0.0,1,2025,2050,target,AUS
TIMES-Australia 20.73,CO_LowCarbon,36,3,"BiomassCap, GeothermalCap, HydroCap",36,0,100.0,36,100.0,36,100.0,12,33.33,36,100.0,4,"lifetime_years,capital_cost_usd_per_mw,om_cost_usd_per_mw_per_yr,scenario_price(global)",0,3,0.0,1,2025,2050,target,AUS
TIMES-Australia 20.73,CO_NDCplus,36,3,"BiomassCap, GeothermalCap, HydroCap",36,0,100.0,36,100.0,36,100.0,12,33.33,36,100.0,4,"lifetime_years,capital_cost_usd_per_mw,om_cost_usd_per_mw_per_yr,scenario_price(global)",0,3,0.0,1,2025,2050,target,AUS
TIMES-China 2.0,EN_NP_2025_-1002050,306,17,"BiomassCap, BiomassCap - w/ CCS, BiomassCap - w/o CCS, CoalCap, CoalCap - w/ CCS, CoalCap - w/o CCS, GasCap, GasCap - w/ CCS, GasCap - w/o CCS, GeothermalCap, HydroCap, NuclearCap, OilCap, OilCap - w/ CCS, OilCap - w/o CCS, WindCap - Offshore, WindCap - Onshore",306,0,100.0,306,100.0,306,100.0,216,70.59,306,100.0,4,"efficiency_decimal,lifetime_years,capital_cost_usd_per_mw,om_cost_usd_per_mw_per_yr,fuel_price,scenario_price",15,17,88.24,6,2025,2050,target,CHN
TIMES-China 2.0,EN_NP_2025_-302050,306,17,"BiomassCap, BiomassCap - w/ CCS, BiomassCap - w/o CCS, CoalCap, CoalCap - w/ CCS, CoalCap - w/o CCS, GasCap, GasCap - w/ CCS, GasCap - w/o CCS, GeothermalCap, HydroCap, NuclearCap, OilCap, OilCap - w/ CCS, OilCap - w/o CCS, WindCap - Offshore, WindCap - Onshore",306,0,100.0,306,100.0,306,100.0,216,70.59,306,100.0,4,"efficiency_decimal,lifetime_years,capital_cost_usd_per_mw,om_cost_usd_per_mw_per_yr,fuel_price,scenario_price",15,17,88.24,6,2025,2050,target,CHN
TIMES-China 2.0,EN_NP_2025_-402050,306,17,"BiomassCap, BiomassCap - w/ CCS, BiomassCap - w/o CCS, CoalCap, CoalCap - w/ CCS, CoalCap - w/o CCS, GasCap, GasCap - w/ CCS, GasCap - w/o CCS, GeothermalCap, HydroCap, NuclearCap, OilCap, OilCap - w/ CCS, OilCap - w/o CCS, WindCap - Offshore, WindCap - Onshore",306,0,100.0,306,100.0,306,100.0,216,70.59,306,100.0,4,"efficiency_decimal,lifetime_years,capital_cost_usd_per_mw,om_cost_usd_per_mw_per_yr,fuel_price,scenario_price",15,17,88.24,6,2025,2050,target,CHN
TIMES-China 2.0,EN_NP_2025_-502050,306,17,"BiomassCap, BiomassCap - w/ CCS, BiomassCap - w/o CCS, CoalCap, CoalCap - w/ CCS, CoalCap - w/o CCS, GasCap, GasCap - w/ CCS, GasCap - w/o CCS, GeothermalCap, HydroCap, NuclearCap, OilCap, OilCap - w/ CCS, OilCap - w/o CCS, WindCap - Offshore, WindCap - Onshore",306,0,100.0,306,100.0,306,100.0,216,70.59,306,100.0,4,"efficiency_decimal,lifetime_years,capital_cost_usd_per_mw,om_cost_usd_per_mw_per_yr,fuel_price,scenario_price",15,17,88.24,6,2025,2050,target,CHN
TIMES-China 2.0,EN_NP_2025_-602050,306,17,"BiomassCap, BiomassCap - w/ CCS, BiomassCap - w/o CCS, CoalCap, CoalCap - w/ CCS, CoalCap - w/o CCS, GasCap, GasCap - w/ CCS, GasCap - w/o CCS, GeothermalCap, HydroCap, NuclearCap, OilCap, OilCap - w/ CCS, OilCap - w/o CCS, WindCap - Offshore, WindCap - Onshore",306,0,100.0,306,100.0,306,100.0,216,70.59,306,100.0,4,"efficiency_decimal,lifetime_years,capital_cost_usd_per_mw,om_cost_usd_per_mw_per_yr,fuel_price,scenario_price",15,17,88.24,6,2025,2050,target,CHN
TIMES-China 2.0,EN_NP_2025_-702050,306,17,"BiomassCap, BiomassCap - w/ CCS, BiomassCap - w/o CCS, CoalCap, CoalCap - w/ CCS, CoalCap - w/o CCS, GasCap, GasCap - w/ CCS, GasCap - w/o CCS, GeothermalCap, HydroCap, NuclearCap, OilCap, OilCap - w/ CCS, OilCap - w/o CCS, WindCap - Offshore, WindCap - Onshore",306,0,100.0,306,100.0,306,100.0,216,70.59,306,100.0,4,"efficiency_decimal,lifetime_years,capital_cost_usd_per_mw,om_cost_usd_per_mw_per_yr,fuel_price,scenario_price",15,17,88.24,6,2025,2050,target,CHN
TIMES-China 2.0,EN_NP_2025_-752050,306,17,"BiomassCap, BiomassCap - w/ CCS, BiomassCap - w/o CCS, CoalCap, CoalCap - w/ CCS, CoalCap - w/o CCS, GasCap, GasCap - w/ CCS, GasCap - w/o CCS, GeothermalCap, HydroCap, NuclearCap, OilCap, OilCap - w/ CCS, OilCap - w/o CCS, WindCap - Offshore, WindCap - Onshore",306,0,100.0,306,100.0,306,100.0,216,70.59,306,100.0,4,"efficiency_decimal,lifetime_years,capital_cost_usd_per_mw,om_cost_usd_per_mw_per_yr,fuel_price,scenario_price",15,17,88.24,6,2025,2050,target,CHN
TIMES-China 2.0,EN_NP_2025_-802050,306,17,"BiomassCap, BiomassCap - w/ CCS, BiomassCap - w/o CCS, CoalCap, CoalCap - w/ CCS, CoalCap - w/o CCS, GasCap, GasCap - w/ CCS, GasCap - w/o CCS, GeothermalCap, HydroCap, NuclearCap, OilCap, OilCap - w/ CCS, OilCap - w/o CCS, WindCap - Offshore, WindCap - Onshore",306,0,100.0,306,100.0,306,100.0,216,70.59,306,100.0,4,"efficiency_decimal,lifetime_years,capital_cost_usd_per_mw,om_cost_usd_per_mw_per_yr,fuel_price,scenario_price",15,17,88.24,6,2025,2050,target,CHN
TIMES-China 2.0,EN_NP_2025_-902050,306,17,"BiomassCap, BiomassCap - w/ CCS, BiomassCap - w/o CCS, CoalCap, CoalCap - w/ CCS, CoalCap - w/o CCS, GasCap, GasCap - w/ CCS, GasCap - w/o CCS, GeothermalCap, HydroCap, NuclearCap, OilCap, OilCap - w/ CCS, OilCap - w/o CCS, WindCap - Offshore, WindCap - Onshore",306,0,100.0,306,100.0,306,100.0,216,70.59,306,100.0,4,"efficiency_decimal,lifetime_years,capital_cost_usd_per_mw,om_cost_usd_per_mw_per_yr,fuel_price,scenario_price",15,17,88.24,6,2025,2050,target,CHN
TIMES-China 2.0,EN_NP_BL,306,17,"BiomassCap, BiomassCap - w/ CCS, BiomassCap - w/o CCS, CoalCap, CoalCap - w/ CCS, CoalCap - w/o CCS, GasCap, GasCap - w/ CCS, GasCap - w/o CCS, GeothermalCap, HydroCap, NuclearCap, OilCap, OilCap - w/ CCS, OilCap - w/o CCS, WindCap - Offshore, WindCap - Onshore",306,0,100.0,306,100.0,306,100.0,216,70.59,306,100.0,4,"efficiency_decimal,lifetime_years,capital_cost_usd_per_mw,om_cost_usd_per_mw_per_yr,fuel_price,scenario_price",14,17,82.35,6,2025,2050,target,CHN
TIMES-China 2.0,EN_NP_CurPol,306,17,"BiomassCap, BiomassCap - w/ CCS, BiomassCap - w/o CCS, CoalCap, CoalCap - w/ CCS, CoalCap - w/o CCS, GasCap, GasCap - w/ CCS, GasCap - w/o CCS, GeothermalCap, HydroCap, NuclearCap, OilCap, OilCap - w/ CCS, OilCap - w/o CCS, WindCap - Offshore, WindCap - Onshore",306,0,100.0,306,100.0,306,100.0,216,70.59,306,100.0,4,"efficiency_decimal,lifetime_years,capital_cost_usd_per_mw,om_cost_usd_per_mw_per_yr,fuel_price,scenario_price",14,17,82.35,6,2025,2050,target,CHN
TIMES-China 2.0,EN_NP_UNDC,306,17,"BiomassCap, BiomassCap - w/ CCS, BiomassCap - w/o CCS, CoalCap, CoalCap - w/ CCS, CoalCap - w/o CCS, GasCap, GasCap - w/ CCS, GasCap - w/o CCS, GeothermalCap, HydroCap, NuclearCap, OilCap, OilCap - w/ CCS, OilCap - w/o CCS, WindCap - Offshore, WindCap - Onshore",306,0,100.0,306,100.0,306,100.0,216,70.59,306,100.0,4,"efficiency_decimal,lifetime_years,capital_cost_usd_per_mw,om_cost_usd_per_mw_per_yr,fuel_price,scenario_price",14,17,82.35,6,2025,2050,target,CHN
TIMES-China 2.0,INDC,306,17,"BiomassCap, BiomassCap - w/ CCS, BiomassCap - w/o CCS, CoalCap, CoalCap - w/ CCS, CoalCap - w/o CCS, GasCap, GasCap - w/ CCS, GasCap - w/o CCS, GeothermalCap, HydroCap, NuclearCap, OilCap, OilCap - w/ CCS, OilCap - w/o CCS, WindCap - Offshore, WindCap - Onshore",306,0,100.0,306,100.0,306,100.0,216,70.59,306,100.0,4,"efficiency_decimal,lifetime_years,capital_cost_usd_per_mw,om_cost_usd_per_mw_per_yr,fuel_price,scenario_price",0,17,0.0,6,2025,2050,target,CHN
TIMES-China 2.0,INDC_2030_290,306,17,"BiomassCap, BiomassCap - w/ CCS, BiomassCap - w/o CCS, CoalCap, CoalCap - w/ CCS, CoalCap - w/o CCS, GasCap, GasCap - w/ CCS, GasCap - w/o CCS, GeothermalCap, HydroCap, NuclearCap, OilCap, OilCap - w/ CCS, OilCap - w/o CCS, WindCap - Offshore, WindCap - Onshore",306,0,100.0,306,100.0,306,100.0,216,70.59,306,100.0,4,"efficiency_decimal,lifetime_years,capital_cost_usd_per_mw,om_cost_usd_per_mw_per_yr,fuel_price,scenario_price",0,17,0.0,6,2025,2050,target,CHN
TIMES-China 2.0,INDC_2030_400,306,17,"BiomassCap, BiomassCap - w/ CCS, BiomassCap - w/o CCS, CoalCap, CoalCap - w/ CCS, CoalCap - w/o CCS, GasCap, GasCap - w/ CCS, GasCap - w/o CCS, GeothermalCap, HydroCap, NuclearCap, OilCap, OilCap - w/ CCS, OilCap - w/o CCS, WindCap - Offshore, WindCap - Onshore",306,0,100.0,306,100.0,306,100.0,216,70.59,306,100.0,4,"efficiency_decimal,lifetime_years,capital_cost_usd_per_mw,om_cost_usd_per_mw_per_yr,fuel_price,scenario_price",0,17,0.0,6,2025,2050,target,CHN
TIMES-China 2.0,NDC,306,17,"BiomassCap, BiomassCap - w/ CCS, BiomassCap - w/o CCS, CoalCap, CoalCap - w/ CCS, CoalCap - w/o CCS, GasCap, GasCap - w/ CCS, GasCap - w/o CCS, GeothermalCap, HydroCap, NuclearCap, OilCap, OilCap - w/ CCS, OilCap - w/o CCS, WindCap - Offshore, WindCap - Onshore",306,0,100.0,306,100.0,306,100.0,216,70.59,306,100.0,4,"efficiency_decimal,lifetime_years,capital_cost_usd_per_mw,om_cost_usd_per_mw_per_yr,fuel_price,scenario_price",0,17,0.0,6,2025,2050,target,CHN
TIMES-China 2.0,NPi,306,17,"BiomassCap, BiomassCap - w/ CCS, BiomassCap - w/o CCS, CoalCap, CoalCap - w/ CCS, CoalCap - w/o CCS, GasCap, GasCap - w/ CCS, GasCap - w/o CCS, GeothermalCap, HydroCap, NuclearCap, OilCap, OilCap - w/ CCS, OilCap - w/o CCS, WindCap - Offshore, WindCap - Onshore",306,0,100.0,306,100.0,306,100.0,216,70.59,306,100.0,4,"efficiency_decimal,lifetime_years,capital_cost_usd_per_mw,om_cost_usd_per_mw_per_yr,fuel_price,scenario_price",0,17,0.0,6,2025,2050,target,CHN
TIMES-China 2.0,NPi_2020_290,306,17,"BiomassCap, BiomassCap - w/ CCS, BiomassCap - w/o CCS, CoalCap, CoalCap - w/ CCS, CoalCap - w/o CCS, GasCap, GasCap - w/ CCS, GasCap - w/o CCS, GeothermalCap, HydroCap, NuclearCap, OilCap, OilCap - w/ CCS, OilCap - w/o CCS, WindCap - Offshore, WindCap - Onshore",306,0,100.0,306,100.0,306,100.0,216,70.59,306,100.0,4,"efficiency_decimal,lifetime_years,capital_cost_usd_per_mw,om_cost_usd_per_mw_per_yr,fuel_price,scenario_price",0,17,0.0,6,2025,2050,target,CHN
TIMES-China 2.0,NPi_2020_400,306,17,"BiomassCap, BiomassCap - w/ CCS, BiomassCap - w/o CCS, CoalCap, CoalCap - w/ CCS, CoalCap - w/o CCS, GasCap, GasCap - w/ CCS, GasCap - w/o CCS, GeothermalCap, HydroCap, NuclearCap, OilCap, OilCap - w/ CCS, OilCap - w/o CCS, WindCap - Offshore, WindCap - Onshore",306,0,100.0,306,100.0,306,100.0,216,70.59,306,100.0,4,"efficiency_decimal,lifetime_years,capital_cost_usd_per_mw,om_cost_usd_per_mw_per_yr,fuel_price,scenario_price",0,17,0.0,6,2025,2050,target,CHN
TIMES-China 2.0,PEAK25-H,306,17,"BiomassCap, BiomassCap - w/ CCS, BiomassCap - w/o CCS, CoalCap, CoalCap - w/ CCS, CoalCap - w/o CCS, GasCap, GasCap - w/ CCS, GasCap - w/o CCS, GeothermalCap, HydroCap, NuclearCap, OilCap, OilCap - w/ CCS, OilCap - w/o CCS, WindCap - Offshore, WindCap - Onshore",306,0,100.0,306,100.0,306,100.0,216,70.59,306,100.0,4,"efficiency_decimal,lifetime_years,capital_cost_usd_per_mw,om_cost_usd_per_mw_per_yr,fuel_price,scenario_price",0,17,0.0,6,2025,2050,target,CHN
TIMES-China 2.0,PEAK25-L,306,17,"BiomassCap, BiomassCap - w/ CCS, BiomassCap - w/o CCS, CoalCap, CoalCap - w/ CCS, CoalCap - w/o CCS, GasCap, GasCap - w/ CCS, GasCap - w/o CCS, GeothermalCap, HydroCap, NuclearCap, OilCap, OilCap - w/ CCS, OilCap - w/o CCS, WindCap - Offshore, WindCap - Onshore",306,0,100.0,306,100.0,306,100.0,216,70.59,306,100.0,4,"efficiency_decimal,lifetime_years,capital_cost_usd_per_mw,om_cost_usd_per_mw_per_yr,fuel_price,scenario_price",0,17,0.0,6,2025,2050,target,CHN
TIMES-China 2.0,PEAK30-H,306,17,"BiomassCap, BiomassCap - w/ CCS, BiomassCap - w/o CCS, CoalCap, CoalCap - w/ CCS, CoalCap - w/o CCS, GasCap, GasCap - w/ CCS, GasCap - w/o CCS, GeothermalCap, HydroCap, NuclearCap, OilCap, OilCap - w/ CCS, OilCap - w/o CCS, WindCap - Offshore, WindCap - Onshore",306,0,100.0,306,100.0,306,100.0,216,70.59,306,100.0,4,"efficiency_decimal,lifetime_years,capital_cost_usd_per_mw,om_cost_usd_per_mw_per_yr,fuel_price,scenario_price",0,17,0.0,6,2025,2050,target,CHN
TIMES-China 2.0,PEAK30-L,306,17,"BiomassCap, BiomassCap - w/ CCS, BiomassCap - w/o CCS, CoalCap, CoalCap - w/ CCS, CoalCap - w/o CCS, GasCap, GasCap - w/ CCS, GasCap - w/o CCS, GeothermalCap, HydroCap, NuclearCap, OilCap, OilCap - w/ CCS, OilCap - w/o CCS, WindCap - Offshore, WindCap - Onshore",306,0,100.0,306,100.0,306,100.0,216,70.59,306,100.0,4,"efficiency_decimal,lifetime_years,capital_cost_usd_per_mw,om_cost_usd_per_mw_per_yr,fuel_price,scenario_price",0,17,0.0,6,2025,2050,target,CHN
TIMES-France 2.0,LTECV,204,17,"BiomassCap, BiomassCap - w/ CCS, BiomassCap - w/o CCS, CoalCap, CoalCap - w/ CCS, CoalCap - w/o CCS, GasCap, GasCap - w/ CCS, GasCap - w/o CCS, GeothermalCap, HydroCap, NuclearCap, OilCap, OilCap - w/ CCS, OilCap - w/o CCS, WindCap - Offshore, WindCap - Onshore",204,0,100.0,204,100.0,204,100.0,144,70.59,204,100.0,6,"efficiency_decimal(global),lifetime_years(global),capital_cost_usd_per_mw(global),om_cost_usd_per_mw_per_yr(global),fuel_price(global),scenario_price(global)",0,17,0.0,1,2025,2050,target,FRA
TIMES-France 2.0,NeutralityV0_CCSHigh_Dhigh,204,17,"BiomassCap, BiomassCap - w/ CCS, BiomassCap - w/o CCS, CoalCap, CoalCap - w/ CCS, CoalCap - w/o CCS, GasCap, GasCap - w/ CCS, GasCap - w/o CCS, GeothermalCap, HydroCap, NuclearCap, OilCap, OilCap - w/ CCS, OilCap - w/o CCS, WindCap - Offshore, WindCap - Onshore",204,0,100.0,204,100.0,204,100.0,144,70.59,204,100.0,6,"efficiency_decimal(global),lifetime_years(global),capital_cost_usd_per_mw(global),om_cost_usd_per_mw_per_yr(global),fuel_price(global),scenario_price(global)",0,17,0.0,1,2025,2050,target,FRA
TIMES-France 2.0,NeutralityV0_CCSLow_Flex,204,17,"BiomassCap, BiomassCap - w/ CCS, BiomassCap - w/o CCS, CoalCap, CoalCap - w/ CCS, CoalCap - w/o CCS, GasCap, GasCap - w/ CCS, GasCap - w/o CCS, GeothermalCap, HydroCap, NuclearCap, OilCap, OilCap - w/ CCS, OilCap - w/o CCS, WindCap - Offshore, WindCap - Onshore",204,0,100.0,204,100.0,204,100.0,144,70.59,204,100.0,6,"efficiency_decimal(global),lifetime_years(global),capital_cost_usd_per_mw(global),om_cost_usd_per_mw_per_yr(global),fuel_price(global),scenario_price(global)",0,17,0.0,1,2025,2050,target,FRA
TIMES-France 2.0,NeutralityV2_CCSLow,204,17,"BiomassCap, BiomassCap - w/ CCS, BiomassCap - w/o CCS, CoalCap, CoalCap - w/ CCS, CoalCap - w/o CCS, GasCap, GasCap - w/ CCS, GasCap - w/o CCS, GeothermalCap, HydroCap, NuclearCap, OilCap, OilCap - w/ CCS, OilCap - w/o CCS, WindCap - Offshore, WindCap - Onshore",204,0,100.0,204,100.0,204,100.0,144,70.59,204,100.0,6,"efficiency_decimal(global),lifetime_years(global),capital_cost_usd_per_mw(global),om_cost_usd_per_mw_per_yr(global),fuel_price(global),scenario_price(global)",0,17,0.0,1,2025,2050,target,FRA
TIMES-France 2.0,NeutralityV2_CCSLow_Dhigh,204,17,"BiomassCap, BiomassCap - w/ CCS, BiomassCap - w/o CCS, CoalCap, CoalCap - w/ CCS, CoalCap - w/o CCS, GasCap, GasCap - w/ CCS, GasCap - w/o CCS, GeothermalCap, HydroCap, NuclearCap, OilCap, OilCap - w/ CCS, OilCap - w/o CCS, WindCap - Offshore, WindCap - Onshore",204,0,100.0,204,100.0,204,100.0,144,70.59,204,100.0,6,"efficiency_decimal(global),lifetime_years(global),capital_cost_usd_per_mw(global),om_cost_usd_per_mw_per_yr(global),fuel_price(global),scenario_price(global)",0,17,0.0,1,2025,2050,target,FRA
TIMES-France 2.0,NeutralityV2_NoCCS_Flex,204,17,"BiomassCap, BiomassCap - w/ CCS, BiomassCap - w/o CCS, CoalCap, CoalCap - w/ CCS, CoalCap - w/o CCS, GasCap, GasCap - w/ CCS, GasCap - w/o CCS, GeothermalCap, HydroCap, NuclearCap, OilCap, OilCap - w/ CCS, OilCap - w/o CCS, WindCap - Offshore, WindCap - Onshore",204,0,100.0,204,100.0,204,100.0,144,70.59,204,100.0,6,"efficiency_decimal(global),lifetime_years(global),capital_cost_usd_per_mw(global),om_cost_usd_per_mw_per_yr(global),fuel_price(global),scenario_price(global)",0,17,0.0,1,2025,2050,target,FRA
TIMES-France 2.0,Ref_Dhigh,204,17,"BiomassCap, BiomassCap - w/ CCS, BiomassCap - w/o CCS, CoalCap, CoalCap - w/ CCS, CoalCap - w/o CCS, GasCap, GasCap - w/ CCS, GasCap - w/o CCS, GeothermalCap, HydroCap, NuclearCap, OilCap, OilCap - w/ CCS, OilCap - w/o CCS, WindCap - Offshore, WindCap - Onshore",204,0,100.0,204,100.0,204,100.0,144,70.59,204,100.0,6,"efficiency_decimal(global),lifetime_years(global),capital_cost_usd_per_mw(global),om_cost_usd_per_mw_per_yr(global),fuel_price(global),scenario_price(global)",0,17,0.0,1,2025,2050,target,FRA
TIMES-France 2.0,Ref_Dlow,204,17,"BiomassCap, BiomassCap - w/ CCS, BiomassCap - w/o CCS, CoalCap, CoalCap - w/ CCS, CoalCap - w/o CCS, GasCap, GasCap - w/ CCS, GasCap - w/o CCS, GeothermalCap, HydroCap, NuclearCap, OilCap, OilCap - w/ CCS, OilCap - w/o CCS, WindCap - Offshore, WindCap - Onshore",204,0,100.0,204,100.0,204,100.0,144,70.59,204,100.0,6,"efficiency_decimal(global),lifetime_years(global),capital_cost_usd_per_mw(global),om_cost_usd_per_mw_per_yr(global),fuel_price(global),scenario_price(global)",0,17,0.0,1,2025,2050,target,FRA
TIMES-Portugal 9.2,OoR,132,11,"BiomassCap, BiomassCap - w/o CCS, CoalCap, CoalCap - w/ CCS, GasCap, GasCap - w/ CCS, GeothermalCap, HydroCap, OilCap, WindCap - Offshore, WindCap - Onshore",132,0,100.0,132,100.0,132,100.0,84,63.64,132,100.0,6,"efficiency_decimal(global),lifetime_years(global),capital_cost_usd_per_mw(global),om_cost_usd_per_mw_per_yr(global),fuel_price(global),scenario_price(global)",0,11,0.0,1,2025,2050,target,PRT
TIMES-Portugal 9.2,Pack_cap,132,11,"BiomassCap, BiomassCap - w/o CCS, CoalCap, CoalCap - w/ CCS, GasCap, GasCap - w/ CCS, GeothermalCap, HydroCap, OilCap, WindCap - Offshore, WindCap - Onshore",132,0,100.0,132,100.0,132,100.0,84,63.64,132,100.0,6,"efficiency_decimal(global),lifetime_years(global),capital_cost_usd_per_mw(global),om_cost_usd_per_mw_per_yr(global),fuel_price(global),scenario_price(global)",0,11,0.0,1,2025,2050,target,PRT
TIMES-Portugal 9.2,YJ,132,11,"BiomassCap, BiomassCap - w/o CCS, CoalCap, CoalCap - w/ CCS, GasCap, GasCap - w/ CCS, GeothermalCap, HydroCap, OilCap, WindCap - Offshore, WindCap - Onshore",132,0,100.0,132,100.0,132,100.0,84,63.64,132,100.0,6,"efficiency_decimal(global),lifetime_years(global),capital_cost_usd_per_mw(global),om_cost_usd_per_mw_per_yr(global),fuel_price(global),scenario_price(global)",0,11,0.0,1,2025,2050,target,PRT
TIMES-Portugal 9.2,YJ_cap,132,11,"BiomassCap, BiomassCap - w/o CCS, CoalCap, CoalCap - w/ CCS, GasCap, GasCap - w/ CCS, GeothermalCap, HydroCap, OilCap, WindCap - Offshore, WindCap - Onshore",132,0,100.0,132,100.0,132,100.0,84,63.64,132,100.0,6,"efficiency_decimal(global),lifetime_years(global),capital_cost_usd_per_mw(global),om_cost_usd_per_mw_per_yr(global),fuel_price(global),scenario_price(global)",0,11,0.0,1,2025,2050,target,PRT
TIMES-Sweden 1.0,Sweden,108,9,"BiomassCap, CoalCap, GasCap, GeothermalCap, HydroCap, NuclearCap, OilCap, OilCap - w/ CCS, OilCap - w/o CCS",108,0,100.0,108,100.0,108,100.0,72,66.67,108,100.0,6,"efficiency_decimal(global),lifetime_years(global),capital_cost_usd_per_mw(global),om_cost_usd_per_mw_per_yr(global),fuel_price(global),scenario_price(global)",0,9,0.0,1,2025,2050,target,SWE
TIMES-Sweden 1.0,SwedenNeutrality,108,9,"BiomassCap, CoalCap, GasCap, GeothermalCap, HydroCap, NuclearCap, OilCap, OilCap - w/ CCS, OilCap - w/o CCS",108,0,100.0,108,100.0,108,100.0,72,66.67,108,100.0,6,"efficiency_decimal(global),lifetime_years(global),capital_cost_usd_per_mw(global),om_cost_usd_per_mw_per_yr(global),fuel_price(global),scenario_price(global)",0,9,0.0,1,2025,2050,target,SWE
TIMES-Sweden 1.0,SwedenNeutrality_B,108,9,"BiomassCap, CoalCap, GasCap, GeothermalCap, HydroCap, NuclearCap, OilCap, OilCap - w/ CCS, OilCap - w/o CCS",108,0,100.0,108,100.0,108,100.0,72,66.67,108,100.0,6,"efficiency_decimal(global),lifetime_years(global),capital_cost_usd_per_mw(global),om_cost_usd_per_mw_per_yr(global),fuel_price(global),scenario_price(global)",0,9,0.0,1,2025,2050,target,SWE
TIMES-Sweden 1.0,Sweden_B,108,9,"BiomassCap, CoalCap, GasCap, GeothermalCap, HydroCap, NuclearCap, OilCap, OilCap - w/ CCS, OilCap - w/o CCS",108,0,100.0,108,100.0,108,100.0,72,66.67,108,100.0,6,"efficiency_decimal(global),lifetime_years(global),capital_cost_usd_per_mw(global),om_cost_usd_per_mw_per_yr(global),fuel_price(global),scenario_price(global)",0,9,0.0,1,2025,2050,target,SWE
WEM 2020,SDS,2160,15,"BiomassCap, BiomassCap - w/ CCS, BiomassCap - w/o CCS, CoalCap, CoalCap - w/ CCS, CoalCap - w/o CCS, GasCap, GasCap - w/ CCS, GasCap - w/o CCS, GeothermalCap, HydroCap, NuclearCap, OilCap, WindCap - Offshore, WindCap - Onshore",2160,0,100.0,2160,100.0,2160,100.0,1440,66.67,2160,100.0,12,"efficiency_decimal,lifetime_years,capital_cost_usd_per_mw,om_cost_usd_per_mw_per_yr,fuel_price,scenario_price",15,15,100.0,183,2025,2050,target,BRA
WITCH 4.6,DISCRATE_Ref_dr2p,1170,13,"BiomassCap, BiomassCap - w/ CCS, BiomassCap - w/o CCS, CoalCap, CoalCap - w/ CCS, CoalCap - w/o CCS, GasCap, GasCap - w/ CCS, GasCap - w/o CCS, HydroCap, NuclearCap, OilCap, OilCap - w/o CCS",1170,0,100.0,1170,100.0,1170,100.0,990,84.62,0,0.0,4,"efficiency_decimal,lifetime_years,capital_cost_usd_per_mw,om_cost_usd_per_mw_per_yr,fuel_price",0,13,0.0,209,2025,2050,target,CHN
WITCH 4.6,DISCRATE_Ref_dr3p,1170,13,"BiomassCap, BiomassCap - w/ CCS, BiomassCap - w/o CCS, CoalCap, CoalCap - w/ CCS, CoalCap - w/o CCS, GasCap, GasCap - w/ CCS, GasCap - w/o CCS, HydroCap, NuclearCap, OilCap, OilCap - w/o CCS",1170,0,100.0,1170,100.0,1170,100.0,990,84.62,0,0.0,4,"efficiency_decimal,lifetime_years,capital_cost_usd_per_mw,om_cost_usd_per_mw_per_yr,fuel_price",0,13,0.0,209,2025,2050,target,CHN
WITCH 4.6,DISCRATE_Ref_dr4p,1170,13,"BiomassCap, BiomassCap - w/ CCS, BiomassCap - w/o CCS, CoalCap, CoalCap - w/ CCS, CoalCap - w/o CCS, GasCap, GasCap - w/ CCS, GasCap - w/o CCS, HydroCap, NuclearCap, OilCap, OilCap - w/o CCS",1170,0,100.0,1170,100.0,1170,100.0,990,84.62,0,0.0,4,"efficiency_decimal,lifetime_years,capital_cost_usd_per_mw,om_cost_usd_per_mw_per_yr,fuel_price",0,13,0.0,209,2025,2050,target,CHN
WITCH 4.6,DISCRATE_Ref_dr5p,1170,13,"BiomassCap, BiomassCap - w/ CCS, BiomassCap - w/o CCS, CoalCap, CoalCap - w/ CCS, CoalCap - w/o CCS, GasCap, GasCap - w/ CCS, GasCap - w/o CCS, HydroCap, NuclearCap, OilCap, OilCap - w/o CCS",1170,0,100.0,1170,100.0,1170,100.0,990,84.62,0,0.0,4,"efficiency_decimal,lifetime_years,capital_cost_usd_per_mw,om_cost_usd_per_mw_per_yr,fuel_price",0,13,0.0,209,2025,2050,target,CHN
WITCH 4.6,DISCRATE_cb1000_cdrall_dr2p,1170,13,"BiomassCap, BiomassCap - w/ CCS, BiomassCap - w/o CCS, CoalCap, CoalCap - w/ CCS, CoalCap - w/o CCS, GasCap, GasCap - w/ CCS, GasCap - w/o CCS, HydroCap, NuclearCap, OilCap, OilCap - w/o CCS",1170,0,100.0,1170,100.0,1170,100.0,990,84.62,0,0.0,4,"efficiency_decimal,lifetime_years,capital_cost_usd_per_mw,om_cost_usd_per_mw_per_yr,fuel_price",0,13,0.0,209,2025,2050,target,CHN
WITCH 4.6,DISCRATE_cb1000_cdrall_dr3p,1170,13,"BiomassCap, BiomassCap - w/ CCS, BiomassCap - w/o CCS, CoalCap, CoalCap - w/ CCS, CoalCap - w/o CCS, GasCap, GasCap - w/ CCS, GasCap - w/o CCS, HydroCap, NuclearCap, OilCap, OilCap - w/o CCS",1170,0,100.0,1170,100.0,1170,100.0,990,84.62,0,0.0,4,"efficiency_decimal,lifetime_years,capital_cost_usd_per_mw,om_cost_usd_per_mw_per_yr,fuel_price",0,13,0.0,209,2025,2050,target,CHN
WITCH 4.6,DISCRATE_cb1000_cdrall_dr4p,1170,13,"BiomassCap, BiomassCap - w/ CCS, BiomassCap - w/o CCS, CoalCap, CoalCap - w/ CCS, CoalCap - w/o CCS, GasCap, GasCap - w/ CCS, GasCap - w/o CCS, HydroCap, NuclearCap, OilCap, OilCap - w/o CCS",1170,0,100.0,1170,100.0,1170,100.0,990,84.62,0,0.0,4,"efficiency_decimal,lifetime_years,capital_cost_usd_per_mw,om_cost_usd_per_mw_per_yr,fuel_price",0,13,0.0,209,2025,2050,target,CHN
WITCH 4.6,DISCRATE_cb1000_cdrall_dr5p,1170,13,"BiomassCap, BiomassCap - w/ CCS, BiomassCap - w/o CCS, CoalCap, CoalCap - w/ CCS, CoalCap - w/o CCS, GasCap, GasCap - w/ CCS, GasCap - w/o CCS, HydroCap, NuclearCap, OilCap, OilCap - w/o CCS",1170,0,100.0,1170,100.0,1170,100.0,990,84.62,0,0.0,4,"efficiency_decimal,lifetime_years,capital_cost_usd_per_mw,om_cost_usd_per_mw_per_yr,fuel_price",0,13,0.0,209,2025,2050,target,CHN
WITCH 4.6,DISCRATE_cb1000_cdrno_dr2p,1170,13,"BiomassCap, BiomassCap - w/ CCS, BiomassCap - w/o CCS, CoalCap, CoalCap - w/ CCS, CoalCap - w/o CCS, GasCap, GasCap - w/ CCS, GasCap - w/o CCS, HydroCap, NuclearCap, OilCap, OilCap - w/o CCS",1170,0,100.0,1170,100.0,1170,100.0,990,84.62,0,0.0,4,"efficiency_decimal,lifetime_years,capital_cost_usd_per_mw,om_cost_usd_per_mw_per_yr,fuel_price",0,13,0.0,209,2025,2050,target,CHN
WITCH 4.6,DISCRATE_cb1000_cdrno_dr3p,1170,13,"BiomassCap, BiomassCap - w/ CCS, BiomassCap - w/o CCS, CoalCap, CoalCap - w/ CCS, CoalCap - w/o CCS, GasCap, GasCap - w/ CCS, GasCap - w/o CCS, HydroCap, NuclearCap, OilCap, OilCap - w/o CCS",1170,0,100.0,1170,100.0,1170,100.0,990,84.62,0,0.0,4,"efficiency_decimal,lifetime_years,capital_cost_usd_per_mw,om_cost_usd_per_mw_per_yr,fuel_price",0,13,0.0,209,2025,2050,target,CHN
WITCH 4.6,DISCRATE_cb1000_cdrno_dr4p,1170,13,"BiomassCap, BiomassCap - w/ CCS, BiomassCap - w/o CCS, CoalCap, CoalCap - w/ CCS, CoalCap - w/o CCS, GasCap, GasCap - w/ CCS, GasCap - w/o CCS, HydroCap, NuclearCap, OilCap, OilCap - w/o CCS",1170,0,100.0,1170,100.0,1170,100.0,990,84.62,0,0.0,4,"efficiency_decimal,lifetime_years,capital_cost_usd_per_mw,om_cost_usd_per_mw_per_yr,fuel_price",0,13,0.0,209,2025,2050,target,CHN
WITCH 4.6,DISCRATE_cb1000_cdrno_dr5p,1170,13,"BiomassCap, BiomassCap - w/ CCS, BiomassCap - w/o CCS, CoalCap, CoalCap - w/ CCS, CoalCap - w/o CCS, GasCap, GasCap - w/ CCS, GasCap - w/o CCS, HydroCap, NuclearCap, OilCap, OilCap - w/o CCS",1170,0,100.0,1170,100.0,1170,100.0,990,84.62,0,0.0,4,"efficiency_decimal,lifetime_years,capital_cost_usd_per_mw,om_cost_usd_per_mw_per_yr,fuel_price",0,13,0.0,209,2025,2050,target,CHN
WITCH 4.6,DISCRATE_cb400_cdrall_dr2p,1170,13,"BiomassCap, BiomassCap - w/ CCS, BiomassCap - w/o CCS, CoalCap, CoalCap - w/ CCS, CoalCap - w/o CCS, GasCap, GasCap - w/ CCS, GasCap - w/o CCS, HydroCap, NuclearCap, OilCap, OilCap - w/o CCS",1170,0,100.0,1170,100.0,1170,100.0,990,84.62,0,0.0,4,"efficiency_decimal,lifetime_years,capital_cost_usd_per_mw,om_cost_usd_per_mw_per_yr,fuel_price",0,13,0.0,209,2025,2050,target,CHN
WITCH 4.6,DISCRATE_cb400_cdrall_dr3p,1170,13,"BiomassCap, BiomassCap - w/ CCS, BiomassCap - w/o CCS, CoalCap, CoalCap - w/ CCS, CoalCap - w/o CCS, GasCap, GasCap - w/ CCS, GasCap - w/o CCS, HydroCap, NuclearCap, OilCap, OilCap - w/o CCS",1170,0,100.0,1170,100.0,1170,100.0,990,84.62,0,0.0,4,"efficiency_decimal,lifetime_years,capital_cost_usd_per_mw,om_cost_usd_per_mw_per_yr,fuel_price",0,13,0.0,209,2025,2050,target,CHN
WITCH 4.6,DISCRATE_cb400_cdrall_dr4p,1170,13,"BiomassCap, BiomassCap - w/ CCS, BiomassCap - w/o CCS, CoalCap, CoalCap - w/ CCS, CoalCap - w/o CCS, GasCap, GasCap - w/ CCS, GasCap - w/o CCS, HydroCap, NuclearCap, OilCap, OilCap - w/o CCS",1170,0,100.0,1170,100.0,1170,100.0,990,84.62,0,0.0,4,"efficiency_decimal,lifetime_years,capital_cost_usd_per_mw,om_cost_usd_per_mw_per_yr,fuel_price",0,13,0.0,209,2025,2050,target,CHN
WITCH 4.6,DISCRATE_cb400_cdrall_dr5p,1170,13,"BiomassCap, BiomassCap - w/ CCS, BiomassCap - w/o CCS, CoalCap, CoalCap - w/ CCS, CoalCap - w/o CCS, GasCap, GasCap - w/ CCS, GasCap - w/o CCS, HydroCap, NuclearCap, OilCap, OilCap - w/o CCS",1170,0,100.0,1170,100.0,1170,100.0,990,84.62,0,0.0,4,"efficiency_decimal,lifetime_years,capital_cost_usd_per_mw,om_cost_usd_per_mw_per_yr,fuel_price",0,13,0.0,209,2025,2050,target,CHN
WITCH 4.6,DISCRATE_cb400_cdrno_dr2p,1170,13,"BiomassCap, BiomassCap - w/ CCS, BiomassCap - w/o CCS, CoalCap, CoalCap - w/ CCS, CoalCap - w/o CCS, GasCap, GasCap - w/ CCS, GasCap - w/o CCS, HydroCap, NuclearCap, OilCap, OilCap - w/o CCS",1170,0,100.0,1170,100.0,1170,100.0,990,84.62,26,2.22,10,"efficiency_decimal,lifetime_years,capital_cost_usd_per_mw,om_cost_usd_per_mw_per_yr,fuel_price",0,13,0.0,209,2025,2050,target,CHN
WITCH 4.6,DISCRATE_cb400_cdrno_dr3p,1170,13,"BiomassCap, BiomassCap - w/ CCS, BiomassCap - w/o CCS, CoalCap, CoalCap - w/ CCS, CoalCap - w/o CCS, GasCap, GasCap - w/ CCS, GasCap - w/o CCS, HydroCap, NuclearCap, OilCap, OilCap - w/o CCS",1170,0,100.0,1170,100.0,1170,100.0,990,84.62,26,2.22,10,"efficiency_decimal,lifetime_years,capital_cost_usd_per_mw,om_cost_usd_per_mw_per_yr,fuel_price",0,13,0.0,209,2025,2050,target,CHN
WITCH 4.6,DISCRATE_cb400_cdrno_dr4p,1170,13,"BiomassCap, BiomassCap - w/ CCS, BiomassCap - w/o CCS, CoalCap, CoalCap - w/ CCS, CoalCap - w/o CCS, GasCap, GasCap - w/ CCS, GasCap - w/o CCS, HydroCap, NuclearCap, OilCap, OilCap - w/o CCS",1170,0,100.0,1170,100.0,1170,100.0,990,84.62,26,2.22,10,"efficiency_decimal,lifetime_years,capital_cost_usd_per_mw,om_cost_usd_per_mw_per_yr,fuel_price",0,13,0.0,209,2025,2050,target,CHN
WITCH 4.6,DISCRATE_cb400_cdrno_dr5p,1170,13,"BiomassCap, BiomassCap - w/ CCS, BiomassCap - w/o CCS, CoalCap, CoalCap - w/ CCS, CoalCap - w/o CCS, GasCap, GasCap - w/ CCS, GasCap - w/o CCS, HydroCap, NuclearCap, OilCap, OilCap - w/o CCS",1170,0,100.0,1170,100.0,1170,100.0,990,84.62,26,2.22,10,"efficiency_decimal,lifetime_years,capital_cost_usd_per_mw,om_cost_usd_per_mw_per_yr,fuel_price",0,13,0.0,209,2025,2050,target,CHN
WITCH 4.6,DISCRATE_cb600_cdrall_dr2p,1170,13,"BiomassCap, BiomassCap - w/ CCS, BiomassCap - w/o CCS, CoalCap, CoalCap - w/ CCS, CoalCap - w/o CCS, GasCap, GasCap - w/ CCS, GasCap - w/o CCS, HydroCap, NuclearCap, OilCap, OilCap - w/o CCS",1170,0,100.0,1170,100.0,1170,100.0,990,84.62,0,0.0,4,"efficiency_decimal,lifetime_years,capital_cost_usd_per_mw,om_cost_usd_per_mw_per_yr,fuel_price",0,13,0.0,209,2025,2050,target,CHN
WITCH 4.6,DISCRATE_cb600_cdrall_dr3p,1170,13,"BiomassCap, BiomassCap - w/ CCS, BiomassCap - w/o CCS, CoalCap, CoalCap - w/ CCS, CoalCap - w/o CCS, GasCap, GasCap - w/ CCS, GasCap - w/o CCS, HydroCap, NuclearCap, OilCap, OilCap - w/o CCS",1170,0,100.0,1170,100.0,1170,100.0,990,84.62,0,0.0,4,"efficiency_decimal,lifetime_years,capital_cost_usd_per_mw,om_cost_usd_per_mw_per_yr,fuel_price",0,13,0.0,209,2025,2050,target,CHN
WITCH 4.6,DISCRATE_cb600_cdrall_dr4p,1170,13,"BiomassCap, BiomassCap - w/ CCS, BiomassCap - w/o CCS, CoalCap, CoalCap - w/ CCS, CoalCap - w/o CCS, GasCap, GasCap - w/ CCS, GasCap - w/o CCS, HydroCap, NuclearCap, OilCap, OilCap - w/o CCS",1170,0,100.0,1170,100.0,1170,100.0,990,84.62,0,0.0,4,"efficiency_decimal,lifetime_years,capital_cost_usd_per_mw,om_cost_usd_per_mw_per_yr,fuel_price",0,13,0.0,209,2025,2050,target,CHN
WITCH 4.6,DISCRATE_cb600_cdrall_dr5p,1170,13,"BiomassCap, BiomassCap - w/ CCS, BiomassCap - w/o CCS, CoalCap, CoalCap - w/ CCS, CoalCap - w/o CCS, GasCap, GasCap - w/ CCS, GasCap - w/o CCS, HydroCap, NuclearCap, OilCap, OilCap - w/o CCS",1170,0,100.0,1170,100.0,1170,100.0,990,84.62,0,0.0,4,"efficiency_decimal,lifetime_years,capital_cost_usd_per_mw,om_cost_usd_per_mw_per_yr,fuel_price",0,13,0.0,209,2025,2050,target,CHN
WITCH 4.6,DISCRATE_cb600_cdrno_dr2p,1170,13,"BiomassCap, BiomassCap - w/ CCS, BiomassCap - w/o CCS, CoalCap, CoalCap - w/ CCS, CoalCap - w/o CCS, GasCap, GasCap - w/ CCS, GasCap - w/o CCS, HydroCap, NuclearCap, OilCap, OilCap - w/o CCS",1170,0,100.0,1170,100.0,1170,100.0,990,84.62,0,0.0,4,"efficiency_decimal,lifetime_years,capital_cost_usd_per_mw,om_cost_usd_per_mw_per_yr,fuel_price",0,13,0.0,209,2025,2050,target,CHN
WITCH 4.6,DISCRATE_cb600_cdrno_dr3p,1170,13,"BiomassCap, BiomassCap - w/ CCS, BiomassCap - w/o CCS, CoalCap, CoalCap - w/ CCS, CoalCap - w/o CCS, GasCap, GasCap - w/ CCS, GasCap - w/o CCS, HydroCap, NuclearCap, OilCap, OilCap - w/o CCS",1170,0,100.0,1170,100.0,1170,100.0,990,84.62,0,0.0,4,"efficiency_decimal,lifetime_years,capital_cost_usd_per_mw,om_cost_usd_per_mw_per_yr,fuel_price",0,13,0.0,209,2025,2050,target,CHN
WITCH 4.6,DISCRATE_cb600_cdrno_dr4p,1170,13,"BiomassCap, BiomassCap - w/ CCS, BiomassCap - w/o CCS, CoalCap, CoalCap - w/ CCS, CoalCap - w/o CCS, GasCap, GasCap - w/ CCS, GasCap - w/o CCS, HydroCap, NuclearCap, OilCap, OilCap - w/o CCS",1170,0,100.0,1170,100.0,1170,100.0,990,84.62,0,0.0,4,"efficiency_decimal,lifetime_years,capital_cost_usd_per_mw,om_cost_usd_per_mw_per_yr,fuel_price",0,13,0.0,209,2025,2050,target,CHN
WITCH 4.6,DISCRATE_cb600_cdrno_dr5p,1170,13,"BiomassCap, BiomassCap - w/ CCS, BiomassCap - w/o CCS, CoalCap, CoalCap - w/ CCS, CoalCap - w/o CCS, GasCap, GasCap - w/ CCS, GasCap - w/o CCS, HydroCap, NuclearCap, OilCap, OilCap - w/o CCS",1170,0,100.0,1170,100.0,1170,100.0,990,84.62,0,0.0,4,"efficiency_decimal,lifetime_years,capital_cost_usd_per_mw,om_cost_usd_per_mw_per_yr,fuel_price",0,13,0.0,209,2025,2050,target,CHN
WITCH 5.0,CO_2Deg2020,2038,17,"BiomassCap, BiomassCap - w/ CCS, BiomassCap - w/o CCS, CoalCap, CoalCap - w/ CCS, CoalCap - w/o CCS, GasCap, GasCap - w/ CCS, GasCap - w/o CCS, HydroCap, NuclearCap, OilCap, OilCap - w/o CCS, SolarCap - CSP, SolarCap - PV, WindCap - Offshore, WindCap - Onshore",1048,990,51.42,735,36.06,675,33.12,600,29.44,0,0.0,14,"efficiency_decimal,lifetime_years,capital_cost_usd_per_mw,om_cost_usd_per_mw_per_yr",17,17,100.0,209,2025,2050,target,BRA
WITCH 5.0,CO_2Deg2030,2036,17,"BiomassCap, BiomassCap - w/ CCS, BiomassCap - w/o CCS, CoalCap, CoalCap - w/ CCS, CoalCap - w/o CCS, GasCap, GasCap - w/ CCS, GasCap - w/o CCS, HydroCap, NuclearCap, OilCap, OilCap - w/o CCS, SolarCap - CSP, SolarCap - PV, WindCap - Offshore, WindCap - Onshore",1048,988,51.47,739,36.3,675,33.15,600,29.47,0,0.0,15,"efficiency_decimal,lifetime_years,capital_cost_usd_per_mw,om_cost_usd_per_mw_per_yr",17,17,100.0,209,2025,2050,target,BRA
WITCH 5.0,CO_BAU,2036,17,"BiomassCap, BiomassCap - w/ CCS, BiomassCap - w/o CCS, CoalCap, CoalCap - w/ CCS, CoalCap - w/o CCS, GasCap, GasCap - w/ CCS, GasCap - w/o CCS, HydroCap, NuclearCap, OilCap, OilCap - w/o CCS, SolarCap - CSP, SolarCap - PV, WindCap - Offshore, WindCap - Onshore",1049,987,51.52,746,36.64,675,33.15,600,29.47,0,0.0,15,"efficiency_decimal,lifetime_years,capital_cost_usd_per_mw,om_cost_usd_per_mw_per_yr",17,17,100.0,209,2025,2050,target,BRA
WITCH 5.0,CO_Bridge,2160,18,"BiomassCap, BiomassCap - w/ CCS, BiomassCap - w/o CCS, CoalCap, CoalCap - w/ CCS, CoalCap - w/o CCS, GasCap, GasCap - w/ CCS, GasCap - w/o CCS, HydroCap, Hydrogen, NuclearCap, OilCap, OilCap - w/o CCS, SolarCap - CSP, SolarCap - PV, WindCap - Offshore, WindCap - Onshore",1080,1080,50.0,840,38.89,720,33.33,600,27.78,0,0.0,13,"efficiency_decimal,lifetime_years,capital_cost_usd_per_mw,om_cost_usd_per_mw_per_yr",18,18,100.0,209,2025,2050,target,BRA
WITCH 5.0,CO_CurPol,2036,17,"BiomassCap, BiomassCap - w/ CCS, BiomassCap - w/o CCS, CoalCap, CoalCap - w/ CCS, CoalCap - w/o CCS, GasCap, GasCap - w/ CCS, GasCap - w/o CCS, HydroCap, NuclearCap, OilCap, OilCap - w/o CCS, SolarCap - CSP, SolarCap - PV, WindCap - Offshore, WindCap - Onshore",1049,987,51.52,746,36.64,675,33.15,600,29.47,0,0.0,15,"efficiency_decimal,lifetime_years,capital_cost_usd_per_mw,om_cost_usd_per_mw_per_yr",17,17,100.0,209,2025,2050,baseline,BRA
WITCH 5.0,CO_GPP,2036,17,"BiomassCap, BiomassCap - w/ CCS, BiomassCap - w/o CCS, CoalCap, CoalCap - w/ CCS, CoalCap - w/o CCS, GasCap, GasCap - w/ CCS, GasCap - w/o CCS, HydroCap, NuclearCap, OilCap, OilCap - w/o CCS, SolarCap - CSP, SolarCap - PV, WindCap - Offshore, WindCap - Onshore",1048,988,51.47,737,36.2,675,33.15,600,29.47,0,0.0,15,"efficiency_decimal,lifetime_years,capital_cost_usd_per_mw,om_cost_usd_per_mw_per_yr",17,17,100.0,209,2025,2050,target,BRA
WITCH 5.0,CO_NDC_2050convergence,2036,17,"BiomassCap, BiomassCap - w/ CCS, BiomassCap - w/o CCS, CoalCap, CoalCap - w/ CCS, CoalCap - w/o CCS, GasCap, GasCap - w/ CCS, GasCap - w/o CCS, HydroCap, NuclearCap, OilCap, OilCap - w/o CCS, SolarCap - CSP, SolarCap - PV, WindCap - Offshore, WindCap - Onshore",1048,988,51.47,741,36.39,675,33.15,600,29.47,0,0.0,15,"efficiency_decimal,lifetime_years,capital_cost_usd_per_mw,om_cost_usd_per_mw_per_yr",17,17,100.0,209,2025,2050,target,BRA
WITCH 5.0,CO_NDCplus,2036,17,"BiomassCap, BiomassCap - w/ CCS, BiomassCap - w/o CCS, CoalCap, CoalCap - w/ CCS, CoalCap - w/o CCS, GasCap, GasCap - w/ CCS, GasCap - w/o CCS, HydroCap, NuclearCap, OilCap, OilCap - w/o CCS, SolarCap - CSP, SolarCap - PV, WindCap - Offshore, WindCap - Onshore",1048,988,51.47,742,36.44,675,33.15,600,29.47,0,0.0,15,"efficiency_decimal,lifetime_years,capital_cost_usd_per_mw,om_cost_usd_per_mw_per_yr",17,17,100.0,209,2025,2050,target,BRA
WITCH 5.0,EN_INDCi2030_1000,2160,18,"BiomassCap, BiomassCap - w/ CCS, BiomassCap - w/o CCS, CoalCap, CoalCap - w/ CCS, CoalCap - w/o CCS, GasCap, GasCap - w/ CCS, GasCap - w/o CCS, HydroCap, Hydrogen, NuclearCap, OilCap, OilCap - w/o CCS, SolarCap - CSP, SolarCap - PV, WindCap - Offshore, WindCap - Onshore",1080,1080,50.0,840,38.89,720,33.33,600,27.78,0,0.0,13,"efficiency_decimal,lifetime_years,capital_cost_usd_per_mw,om_cost_usd_per_mw_per_yr",18,18,100.0,209,2025,2050,target,BRA
WITCH 5.0,EN_INDCi2030_1000_NDCp,2160,18,"BiomassCap, BiomassCap - w/ CCS, BiomassCap - w/o CCS, CoalCap, CoalCap - w/ CCS, CoalCap - w/o CCS, GasCap, GasCap - w/ CCS, GasCap - w/o CCS, HydroCap, Hydrogen, NuclearCap, OilCap, OilCap - w/o CCS, SolarCap - CSP, SolarCap - PV, WindCap - Offshore, WindCap - Onshore",1080,1080,50.0,840,38.89,720,33.33,600,27.78,0,0.0,13,"efficiency_decimal,lifetime_years,capital_cost_usd_per_mw,om_cost_usd_per_mw_per_yr",18,18,100.0,209,2025,2050,target,BRA
WITCH 5.0,EN_INDCi2030_1000f,2160,18,"BiomassCap, BiomassCap - w/ CCS, BiomassCap - w/o CCS, CoalCap, CoalCap - w/ CCS, CoalCap - w/o CCS, GasCap, GasCap - w/ CCS, GasCap - w/o CCS, HydroCap, Hydrogen, NuclearCap, OilCap, OilCap - w/o CCS, SolarCap - CSP, SolarCap - PV, WindCap - Offshore, WindCap - Onshore",1080,1080,50.0,840,38.89,720,33.33,600,27.78,0,0.0,13,"efficiency_decimal,lifetime_years,capital_cost_usd_per_mw,om_cost_usd_per_mw_per_yr",18,18,100.0,209,2025,2050,target,BRA
WITCH 5.0,EN_INDCi2030_1000f_NDCp,2160,18,"BiomassCap, BiomassCap - w/ CCS, BiomassCap - w/o CCS, CoalCap, CoalCap - w/ CCS, CoalCap - w/o CCS, GasCap, GasCap - w/ CCS, GasCap - w/o CCS, HydroCap, Hydrogen, NuclearCap, OilCap, OilCap - w/o CCS, SolarCap - CSP, SolarCap - PV, WindCap - Offshore, WindCap - Onshore",1080,1080,50.0,840,38.89,720,33.33,600,27.78,0,0.0,13,"efficiency_decimal,lifetime_years,capital_cost_usd_per_mw,om_cost_usd_per_mw_per_yr",18,18,100.0,209,2025,2050,target,BRA
WITCH 5.0,EN_INDCi2030_1200,2160,18,"BiomassCap, BiomassCap - w/ CCS, BiomassCap - w/o CCS, CoalCap, CoalCap - w/ CCS, CoalCap - w/o CCS, GasCap, GasCap - w/ CCS, GasCap - w/o CCS, HydroCap, Hydrogen, NuclearCap, OilCap, OilCap - w/o CCS, SolarCap - CSP, SolarCap - PV, WindCap - Offshore, WindCap - Onshore",1080,1080,50.0,840,38.89,720,33.33,600,27.78,0,0.0,13,"efficiency_decimal,lifetime_years,capital_cost_usd_per_mw,om_cost_usd_per_mw_per_yr",18,18,100.0,209,2025,2050,target,BRA
WITCH 5.0,EN_INDCi2030_1200_NDCp,2160,18,"BiomassCap, BiomassCap - w/ CCS, BiomassCap - w/o CCS, CoalCap, CoalCap - w/ CCS, CoalCap - w/o CCS, GasCap, GasCap - w/ CCS, GasCap - w/o CCS, HydroCap, Hydrogen, NuclearCap, OilCap, OilCap - w/o CCS, SolarCap - CSP, SolarCap - PV, WindCap - Offshore, WindCap - Onshore",1080,1080,50.0,840,38.89,720,33.33,600,27.78,0,0.0,13,"efficiency_decimal,lifetime_years,capital_cost_usd_per_mw,om_cost_usd_per_mw_per_yr",18,18,100.0,209,2025,2050,target,BRA
WITCH 5.0,EN_INDCi2030_1200f,2160,18,"BiomassCap, BiomassCap - w/ CCS, BiomassCap - w/o CCS, CoalCap, CoalCap - w/ CCS, CoalCap - w/o CCS, GasCap, GasCap - w/ CCS, GasCap - w/o CCS, HydroCap, Hydrogen, NuclearCap, OilCap, OilCap - w/o CCS, SolarCap - CSP, SolarCap - PV, WindCap - Offshore, WindCap - Onshore",1080,1080,50.0,840,38.89,720,33.33,600,27.78,0,0.0,13,"efficiency_decimal,lifetime_years,capital_cost_usd_per_mw,om_cost_usd_per_mw_per_yr",18,18,100.0,209,2025,2050,target,BRA
WITCH 5.0,EN_INDCi2030_1200f_NDCp,2160,18,"BiomassCap, BiomassCap - w/ CCS, BiomassCap - w/o CCS, CoalCap, CoalCap - w/ CCS, CoalCap - w/o CCS, GasCap, GasCap - w/ CCS, GasCap - w/o CCS, HydroCap, Hydrogen, NuclearCap, OilCap, OilCap - w/o CCS, SolarCap - CSP, SolarCap - PV, WindCap - Offshore, WindCap - Onshore",1080,1080,50.0,840,38.89,720,33.33,600,27.78,0,0.0,13,"efficiency_decimal,lifetime_years,capital_cost_usd_per_mw,om_cost_usd_per_mw_per_yr",18,18,100.0,209,2025,2050,target,BRA
WITCH 5.0,EN_INDCi2030_1400,2160,18,"BiomassCap, BiomassCap - w/ CCS, BiomassCap - w/o CCS, CoalCap, CoalCap - w/ CCS, CoalCap - w/o CCS, GasCap, GasCap - w/ CCS, GasCap - w/o CCS, HydroCap, Hydrogen, NuclearCap, OilCap, OilCap - w/o CCS, SolarCap - CSP, SolarCap - PV, WindCap - Offshore, WindCap - Onshore",1080,1080,50.0,840,38.89,720,33.33,600,27.78,0,0.0,13,"efficiency_decimal,lifetime_years,capital_cost_usd_per_mw,om_cost_usd_per_mw_per_yr",18,18,100.0,209,2025,2050,target,BRA
WITCH 5.0,EN_INDCi2030_1400_NDCp,2160,18,"BiomassCap, BiomassCap - w/ CCS, BiomassCap - w/o CCS, CoalCap, CoalCap - w/ CCS, CoalCap - w/o CCS, GasCap, GasCap - w/ CCS, GasCap - w/o CCS, HydroCap, Hydrogen, NuclearCap, OilCap, OilCap - w/o CCS, SolarCap - CSP, SolarCap - PV, WindCap - Offshore, WindCap - Onshore",1080,1080,50.0,840,38.89,720,33.33,600,27.78,0,0.0,13,"efficiency_decimal,lifetime_years,capital_cost_usd_per_mw,om_cost_usd_per_mw_per_yr",18,18,100.0,209,2025,2050,target,BRA
WITCH 5.0,EN_INDCi2030_1400f,2160,18,"BiomassCap, BiomassCap - w/ CCS, BiomassCap - w/o CCS, CoalCap, CoalCap - w/ CCS, CoalCap - w/o CCS, GasCap, GasCap - w/ CCS, GasCap - w/o CCS, HydroCap, Hydrogen, NuclearCap, OilCap, OilCap - w/o CCS, SolarCap - CSP, SolarCap - PV, WindCap - Offshore, WindCap - Onshore",1080,1080,50.0,840,38.89,720,33.33,600,27.78,0,0.0,13,"efficiency_decimal,lifetime_years,capital_cost_usd_per_mw,om_cost_usd_per_mw_per_yr",18,18,100.0,209,2025,2050,target,BRA
WITCH 5.0,EN_INDCi2030_1400f_NDCp,2160,18,"BiomassCap, BiomassCap - w/ CCS, BiomassCap - w/o CCS, CoalCap, CoalCap - w/ CCS, CoalCap - w/o CCS, GasCap, GasCap - w/ CCS, GasCap - w/o CCS, HydroCap, Hydrogen, NuclearCap, OilCap, OilCap - w/o CCS, SolarCap - CSP, SolarCap - PV, WindCap - Offshore, WindCap - Onshore",1080,1080,50.0,840,38.89,720,33.33,600,27.78,0,0.0,13,"efficiency_decimal,lifetime_years,capital_cost_usd_per_mw,om_cost_usd_per_mw_per_yr",18,18,100.0,209,2025,2050,target,BRA
WITCH 5.0,EN_INDCi2030_1600,2160,18,"BiomassCap, BiomassCap - w/ CCS, BiomassCap - w/o CCS, CoalCap, CoalCap - w/ CCS, CoalCap - w/o CCS, GasCap, GasCap - w/ CCS, GasCap - w/o CCS, HydroCap, Hydrogen, NuclearCap, OilCap, OilCap - w/o CCS, SolarCap - CSP, SolarCap - PV, WindCap - Offshore, WindCap - Onshore",1080,1080,50.0,840,38.89,720,33.33,600,27.78,0,0.0,13,"efficiency_decimal,lifetime_years,capital_cost_usd_per_mw,om_cost_usd_per_mw_per_yr",18,18,100.0,209,2025,2050,target,BRA
WITCH 5.0,EN_INDCi2030_1600_NDCp,2160,18,"BiomassCap, BiomassCap - w/ CCS, BiomassCap - w/o CCS, CoalCap, CoalCap - w/ CCS, CoalCap - w/o CCS, GasCap, GasCap - w/ CCS, GasCap - w/o CCS, HydroCap, Hydrogen, NuclearCap, OilCap, OilCap - w/o CCS, SolarCap - CSP, SolarCap - PV, WindCap - Offshore, WindCap - Onshore",1080,1080,50.0,840,38.89,720,33.33,600,27.78,0,0.0,13,"efficiency_decimal,lifetime_years,capital_cost_usd_per_mw,om_cost_usd_per_mw_per_yr",18,18,100.0,209,2025,2050,target,BRA
WITCH 5.0,EN_INDCi2030_1600f,2160,18,"BiomassCap, BiomassCap - w/ CCS, BiomassCap - w/o CCS, CoalCap, CoalCap - w/ CCS, CoalCap - w/o CCS, GasCap, GasCap - w/ CCS, GasCap - w/o CCS, HydroCap, Hydrogen, NuclearCap, OilCap, OilCap - w/o CCS, SolarCap - CSP, SolarCap - PV, WindCap - Offshore, WindCap - Onshore",1080,1080,50.0,840,38.89,720,33.33,600,27.78,0,0.0,13,"efficiency_decimal,lifetime_years,capital_cost_usd_per_mw,om_cost_usd_per_mw_per_yr",18,18,100.0,209,2025,2050,target,BRA
WITCH 5.0,EN_INDCi2030_1600f_NDCp,2160,18,"BiomassCap, BiomassCap - w/ CCS, BiomassCap - w/o CCS, CoalCap, CoalCap - w/ CCS, CoalCap - w/o CCS, GasCap, GasCap - w/ CCS, GasCap - w/o CCS, HydroCap, Hydrogen, NuclearCap, OilCap, OilCap - w/o CCS, SolarCap - CSP, SolarCap - PV, WindCap - Offshore, WindCap - Onshore",1080,1080,50.0,840,38.89,720,33.33,600,27.78,0,0.0,13,"efficiency_decimal,lifetime_years,capital_cost_usd_per_mw,om_cost_usd_per_mw_per_yr",18,18,100.0,209,2025,2050,target,BRA
WITCH 5.0,EN_INDCi2030_1800,2160,18,"BiomassCap, BiomassCap - w/ CCS, BiomassCap - w/o CCS, CoalCap, CoalCap - w/ CCS, CoalCap - w/o CCS, GasCap, GasCap - w/ CCS, GasCap - w/o CCS, HydroCap, Hydrogen, NuclearCap, OilCap, OilCap - w/o CCS, SolarCap - CSP, SolarCap - PV, WindCap - Offshore, WindCap - Onshore",1080,1080,50.0,840,38.89,720,33.33,600,27.78,0,0.0,13,"efficiency_decimal,lifetime_years,capital_cost_usd_per_mw,om_cost_usd_per_mw_per_yr",18,18,100.0,209,2025,2050,target,BRA
WITCH 5.0,EN_INDCi2030_1800_NDCp,2160,18,"BiomassCap, BiomassCap - w/ CCS, BiomassCap - w/o CCS, CoalCap, CoalCap - w/ CCS, CoalCap - w/o CCS, GasCap, GasCap - w/ CCS, GasCap - w/o CCS, HydroCap, Hydrogen, NuclearCap, OilCap, OilCap - w/o CCS, SolarCap - CSP, SolarCap - PV, WindCap - Offshore, WindCap - Onshore",1080,1080,50.0,840,38.89,720,33.33,600,27.78,0,0.0,13,"efficiency_decimal,lifetime_years,capital_cost_usd_per_mw,om_cost_usd_per_mw_per_yr",18,18,100.0,209,2025,2050,target,BRA
WITCH 5.0,EN_INDCi2030_1800f,2160,18,"BiomassCap, BiomassCap - w/ CCS, BiomassCap - w/o CCS, CoalCap, CoalCap - w/ CCS, CoalCap - w/o CCS, GasCap, GasCap - w/ CCS, GasCap - w/o CCS, HydroCap, Hydrogen, NuclearCap, OilCap, OilCap - w/o CCS, SolarCap - CSP, SolarCap - PV, WindCap - Offshore, WindCap - Onshore",1080,1080,50.0,840,38.89,720,33.33,600,27.78,0,0.0,13,"efficiency_decimal,lifetime_years,capital_cost_usd_per_mw,om_cost_usd_per_mw_per_yr",18,18,100.0,209,2025,2050,target,BRA
WITCH 5.0,EN_INDCi2030_1800f_NDCp,2160,18,"BiomassCap, BiomassCap - w/ CCS, BiomassCap - w/o CCS, CoalCap, CoalCap - w/ CCS, CoalCap - w/o CCS, GasCap, GasCap - w/ CCS, GasCap - w/o CCS, HydroCap, Hydrogen, NuclearCap, OilCap, OilCap - w/o CCS, SolarCap - CSP, SolarCap - PV, WindCap - Offshore, WindCap - Onshore",1080,1080,50.0,840,38.89,720,33.33,600,27.78,0,0.0,13,"efficiency_decimal,lifetime_years,capital_cost_usd_per_mw,om_cost_usd_per_mw_per_yr",18,18,100.0,209,2025,2050,target,BRA
WITCH 5.0,EN_INDCi2030_2000,2160,18,"BiomassCap, BiomassCap - w/ CCS, BiomassCap - w/o CCS, CoalCap, CoalCap - w/ CCS, CoalCap - w/o CCS, GasCap, GasCap - w/ CCS, GasCap - w/o CCS, HydroCap, Hydrogen, NuclearCap, OilCap, OilCap - w/o CCS, SolarCap - CSP, SolarCap - PV, WindCap - Offshore, WindCap - Onshore",1080,1080,50.0,840,38.89,720,33.33,600,27.78,0,0.0,13,"efficiency_decimal,lifetime_years,capital_cost_usd_per_mw,om_cost_usd_per_mw_per_yr",18,18,100.0,209,2025,2050,target,BRA
WITCH 5.0,EN_INDCi2030_2000_NDCp,2160,18,"BiomassCap, BiomassCap - w/ CCS, BiomassCap - w/o CCS, CoalCap, CoalCap - w/ CCS, CoalCap - w/o CCS, GasCap, GasCap - w/ CCS, GasCap - w/o CCS, HydroCap, Hydrogen, NuclearCap, OilCap, OilCap - w/o CCS, SolarCap - CSP, SolarCap - PV, WindCap - Offshore, WindCap - Onshore",1080,1080,50.0,840,38.89,720,33.33,600,27.78,0,0.0,13,"efficiency_decimal,lifetime_years,capital_cost_usd_per_mw,om_cost_usd_per_mw_per_yr",18,18,100.0,209,2025,2050,target,BRA
WITCH 5.0,EN_INDCi2030_2000f,2160,18,"BiomassCap, BiomassCap - w/ CCS, BiomassCap - w/o CCS, CoalCap, CoalCap - w/ CCS, CoalCap - w/o CCS, GasCap, GasCap - w/ CCS, GasCap - w/o CCS, HydroCap, Hydrogen, NuclearCap, OilCap, OilCap - w/o CCS, SolarCap - CSP, SolarCap - PV, WindCap - Offshore, WindCap - Onshore",1080,1080,50.0,840,38.89,720,33.33,600,27.78,0,0.0,13,"efficiency_decimal,lifetime_years,capital_cost_usd_per_mw,om_cost_usd_per_mw_per_yr",18,18,100.0,209,2025,2050,target,BRA
WITCH 5.0,EN_INDCi2030_2000f_NDCp,2160,18,"BiomassCap, BiomassCap - w/ CCS, BiomassCap - w/o CCS, CoalCap, CoalCap - w/ CCS, CoalCap - w/o CCS, GasCap, GasCap - w/ CCS, GasCap - w/o CCS, HydroCap, Hydrogen, NuclearCap, OilCap, OilCap - w/o CCS, SolarCap - CSP, SolarCap - PV, WindCap - Offshore, WindCap - Onshore",1080,1080,50.0,840,38.89,720,33.33,600,27.78,0,0.0,13,"efficiency_decimal,lifetime_years,capital_cost_usd_per_mw,om_cost_usd_per_mw_per_yr",18,18,100.0,209,2025,2050,target,BRA
WITCH 5.0,EN_INDCi2030_2500,2160,18,"BiomassCap, BiomassCap - w/ CCS, BiomassCap - w/o CCS, CoalCap, CoalCap - w/ CCS, CoalCap - w/o CCS, GasCap, GasCap - w/ CCS, GasCap - w/o CCS, HydroCap, Hydrogen, NuclearCap, OilCap, OilCap - w/o CCS, SolarCap - CSP, SolarCap - PV, WindCap - Offshore, WindCap - Onshore",1080,1080,50.0,840,38.89,720,33.33,600,27.78,0,0.0,13,"efficiency_decimal,lifetime_years,capital_cost_usd_per_mw,om_cost_usd_per_mw_per_yr",18,18,100.0,209,2025,2050,target,BRA
WITCH 5.0,EN_INDCi2030_2500_NDCp,2160,18,"BiomassCap, BiomassCap - w/ CCS, BiomassCap - w/o CCS, CoalCap, CoalCap - w/ CCS, CoalCap - w/o CCS, GasCap, GasCap - w/ CCS, GasCap - w/o CCS, HydroCap, Hydrogen, NuclearCap, OilCap, OilCap - w/o CCS, SolarCap - CSP, SolarCap - PV, WindCap - Offshore, WindCap - Onshore",1080,1080,50.0,840,38.89,720,33.33,600,27.78,0,0.0,13,"efficiency_decimal,lifetime_years,capital_cost_usd_per_mw,om_cost_usd_per_mw_per_yr",18,18,100.0,209,2025,2050,target,BRA
WITCH 5.0,EN_INDCi2030_2500f,2160,18,"BiomassCap, BiomassCap - w/ CCS, BiomassCap - w/o CCS, CoalCap, CoalCap - w/ CCS, CoalCap - w/o CCS, GasCap, GasCap - w/ CCS, GasCap - w/o CCS, HydroCap, Hydrogen, NuclearCap, OilCap, OilCap - w/o CCS, SolarCap - CSP, SolarCap - PV, WindCap - Offshore, WindCap - Onshore",1080,1080,50.0,840,38.89,720,33.33,600,27.78,0,0.0,13,"efficiency_decimal,lifetime_years,capital_cost_usd_per_mw,om_cost_usd_per_mw_per_yr",18,18,100.0,209,2025,2050,target,BRA
WITCH 5.0,EN_INDCi2030_2500f_NDCp,2160,18,"BiomassCap, BiomassCap - w/ CCS, BiomassCap - w/o CCS, CoalCap, CoalCap - w/ CCS, CoalCap - w/o CCS, GasCap, GasCap - w/ CCS, GasCap - w/o CCS, HydroCap, Hydrogen, NuclearCap, OilCap, OilCap - w/o CCS, SolarCap - CSP, SolarCap - PV, WindCap - Offshore, WindCap - Onshore",1080,1080,50.0,840,38.89,720,33.33,600,27.78,0,0.0,13,"efficiency_decimal,lifetime_years,capital_cost_usd_per_mw,om_cost_usd_per_mw_per_yr",18,18,100.0,209,2025,2050,target,BRA
WITCH 5.0,EN_INDCi2030_3000,2160,18,"BiomassCap, BiomassCap - w/ CCS, BiomassCap - w/o CCS, CoalCap, CoalCap - w/ CCS, CoalCap - w/o CCS, GasCap, GasCap - w/ CCS, GasCap - w/o CCS, HydroCap, Hydrogen, NuclearCap, OilCap, OilCap - w/o CCS, SolarCap - CSP, SolarCap - PV, WindCap - Offshore, WindCap - Onshore",1080,1080,50.0,840,38.89,720,33.33,600,27.78,0,0.0,13,"efficiency_decimal,lifetime_years,capital_cost_usd_per_mw,om_cost_usd_per_mw_per_yr",18,18,100.0,209,2025,2050,target,BRA
WITCH 5.0,EN_INDCi2030_3000_NDCp,2160,18,"BiomassCap, BiomassCap - w/ CCS, BiomassCap - w/o CCS, CoalCap, CoalCap - w/ CCS, CoalCap - w/o CCS, GasCap, GasCap - w/ CCS, GasCap - w/o CCS, HydroCap, Hydrogen, NuclearCap, OilCap, OilCap - w/o CCS, SolarCap - CSP, SolarCap - PV, WindCap - Offshore, WindCap - Onshore",1080,1080,50.0,840,38.89,720,33.33,600,27.78,0,0.0,13,"efficiency_decimal,lifetime_years,capital_cost_usd_per_mw,om_cost_usd_per_mw_per_yr",18,18,100.0,209,2025,2050,target,BRA
WITCH 5.0,EN_INDCi2030_3000f,2160,18,"BiomassCap, BiomassCap - w/ CCS, BiomassCap - w/o CCS, CoalCap, CoalCap - w/ CCS, CoalCap - w/o CCS, GasCap, GasCap - w/ CCS, GasCap - w/o CCS, HydroCap, Hydrogen, NuclearCap, OilCap, OilCap - w/o CCS, SolarCap - CSP, SolarCap - PV, WindCap - Offshore, WindCap - Onshore",1080,1080,50.0,840,38.89,720,33.33,600,27.78,0,0.0,13,"efficiency_decimal,lifetime_years,capital_cost_usd_per_mw,om_cost_usd_per_mw_per_yr",18,18,100.0,209,2025,2050,target,BRA
WITCH 5.0,EN_INDCi2030_3000f_NDCp,2160,18,"BiomassCap, BiomassCap - w/ CCS, BiomassCap - w/o CCS, CoalCap, CoalCap - w/ CCS, CoalCap - w/o CCS, GasCap, GasCap - w/ CCS, GasCap - w/o CCS, HydroCap, Hydrogen, NuclearCap, OilCap, OilCap - w/o CCS, SolarCap - CSP, SolarCap - PV, WindCap - Offshore, WindCap - Onshore",1080,1080,50.0,840,38.89,720,33.33,600,27.78,0,0.0,13,"efficiency_decimal,lifetime_years,capital_cost_usd_per_mw,om_cost_usd_per_mw_per_yr",18,18,100.0,209,2025,2050,target,BRA
WITCH 5.0,EN_INDCi2030_500f,2160,18,"BiomassCap, BiomassCap - w/ CCS, BiomassCap - w/o CCS, CoalCap, CoalCap - w/ CCS, CoalCap - w/o CCS, GasCap, GasCap - w/ CCS, GasCap - w/o CCS, HydroCap, Hydrogen, NuclearCap, OilCap, OilCap - w/o CCS, SolarCap - CSP, SolarCap - PV, WindCap - Offshore, WindCap - Onshore",1104,1056,51.11,840,38.89,720,33.33,636,29.44,0,0.0,13,fuel_price,18,18,100.0,209,2025,2050,target,BRA
WITCH 5.0,EN_INDCi2030_600f,2160,18,"BiomassCap, BiomassCap - w/ CCS, BiomassCap - w/o CCS, CoalCap, CoalCap - w/ CCS, CoalCap - w/o CCS, GasCap, GasCap - w/ CCS, GasCap - w/o CCS, HydroCap, Hydrogen, NuclearCap, OilCap, OilCap - w/o CCS, SolarCap - CSP, SolarCap - PV, WindCap - Offshore, WindCap - Onshore",1080,1080,50.0,840,38.89,720,33.33,600,27.78,0,0.0,13,"efficiency_decimal,lifetime_years,capital_cost_usd_per_mw,om_cost_usd_per_mw_per_yr",18,18,100.0,209,2025,2050,target,BRA
WITCH 5.0,EN_INDCi2030_600f_NDCp,2160,18,"BiomassCap, BiomassCap - w/ CCS, BiomassCap - w/o CCS, CoalCap, CoalCap - w/ CCS, CoalCap - w/o CCS, GasCap, GasCap - w/ CCS, GasCap - w/o CCS, HydroCap, Hydrogen, NuclearCap, OilCap, OilCap - w/o CCS, SolarCap - CSP, SolarCap - PV, WindCap - Offshore, WindCap - Onshore",1080,1080,50.0,840,38.89,720,33.33,600,27.78,0,0.0,13,"efficiency_decimal,lifetime_years,capital_cost_usd_per_mw,om_cost_usd_per_mw_per_yr",18,18,100.0,209,2025,2050,target,BRA
WITCH 5.0,EN_INDCi2030_700f,2160,18,"BiomassCap, BiomassCap - w/ CCS, BiomassCap - w/o CCS, CoalCap, CoalCap - w/ CCS, CoalCap - w/o CCS, GasCap, GasCap - w/ CCS, GasCap - w/o CCS, HydroCap, Hydrogen, NuclearCap, OilCap, OilCap - w/o CCS, SolarCap - CSP, SolarCap - PV, WindCap - Offshore, WindCap - Onshore",1080,1080,50.0,840,38.89,720,33.33,600,27.78,0,0.0,13,"efficiency_decimal,lifetime_years,capital_cost_usd_per_mw,om_cost_usd_per_mw_per_yr",18,18,100.0,209,2025,2050,target,BRA
WITCH 5.0,EN_INDCi2030_700f_NDCp,2160,18,"BiomassCap, BiomassCap - w/ CCS, BiomassCap - w/o CCS, CoalCap, CoalCap - w/ CCS, CoalCap - w/o CCS, GasCap, GasCap - w/ CCS, GasCap - w/o CCS, HydroCap, Hydrogen, NuclearCap, OilCap, OilCap - w/o CCS, SolarCap - CSP, SolarCap - PV, WindCap - Offshore, WindCap - Onshore",1080,1080,50.0,840,38.89,720,33.33,600,27.78,0,0.0,13,"efficiency_decimal,lifetime_years,capital_cost_usd_per_mw,om_cost_usd_per_mw_per_yr",18,18,100.0,209,2025,2050,target,BRA
WITCH 5.0,EN_INDCi2030_800,2160,18,"BiomassCap, BiomassCap - w/ CCS, BiomassCap - w/o CCS, CoalCap, CoalCap - w/ CCS, CoalCap - w/o CCS, GasCap, GasCap - w/ CCS, GasCap - w/o CCS, HydroCap, Hydrogen, NuclearCap, OilCap, OilCap - w/o CCS, SolarCap - CSP, SolarCap - PV, WindCap - Offshore, WindCap - Onshore",1096,1064,50.74,840,38.89,720,33.33,624,28.89,0,0.0,13,fuel_price,18,18,100.0,209,2025,2050,target,BRA
WITCH 5.0,EN_INDCi2030_800_NDCp,2160,18,"BiomassCap, BiomassCap - w/ CCS, BiomassCap - w/o CCS, CoalCap, CoalCap - w/ CCS, CoalCap - w/o CCS, GasCap, GasCap - w/ CCS, GasCap - w/o CCS, HydroCap, Hydrogen, NuclearCap, OilCap, OilCap - w/o CCS, SolarCap - CSP, SolarCap - PV, WindCap - Offshore, WindCap - Onshore",1080,1080,50.0,840,38.89,720,33.33,600,27.78,0,0.0,13,"efficiency_decimal,lifetime_years,capital_cost_usd_per_mw,om_cost_usd_per_mw_per_yr",18,18,100.0,209,2025,2050,target,BRA
WITCH 5.0,EN_INDCi2030_800f,2160,18,"BiomassCap, BiomassCap - w/ CCS, BiomassCap - w/o CCS, CoalCap, CoalCap - w/ CCS, CoalCap - w/o CCS, GasCap, GasCap - w/ CCS, GasCap - w/o CCS, HydroCap, Hydrogen, NuclearCap, OilCap, OilCap - w/o CCS, SolarCap - CSP, SolarCap - PV, WindCap - Offshore, WindCap - Onshore",1080,1080,50.0,840,38.89,720,33.33,600,27.78,0,0.0,13,"efficiency_decimal,lifetime_years,capital_cost_usd_per_mw,om_cost_usd_per_mw_per_yr",18,18,100.0,209,2025,2050,target,BRA
WITCH 5.0,EN_INDCi2030_800f_NDCp,2160,18,"BiomassCap, BiomassCap - w/ CCS, BiomassCap - w/o CCS, CoalCap, CoalCap - w/ CCS, CoalCap - w/o CCS, GasCap, GasCap - w/ CCS, GasCap - w/o CCS, HydroCap, Hydrogen, NuclearCap, OilCap, OilCap - w/o CCS, SolarCap - CSP, SolarCap - PV, WindCap - Offshore, WindCap - Onshore",1080,1080,50.0,840,38.89,720,33.33,600,27.78,0,0.0,13,"efficiency_decimal,lifetime_years,capital_cost_usd_per_mw,om_cost_usd_per_mw_per_yr",18,18,100.0,209,2025,2050,target,BRA
WITCH 5.0,EN_INDCi2030_900,2160,18,"BiomassCap, BiomassCap - w/ CCS, BiomassCap - w/o CCS, CoalCap, CoalCap - w/ CCS, CoalCap - w/o CCS, GasCap, GasCap - w/ CCS, GasCap - w/o CCS, HydroCap, Hydrogen, NuclearCap, OilCap, OilCap - w/o CCS, SolarCap - CSP, SolarCap - PV, WindCap - Offshore, WindCap - Onshore",1080,1080,50.0,840,38.89,720,33.33,600,27.78,0,0.0,13,"efficiency_decimal,lifetime_years,capital_cost_usd_per_mw,om_cost_usd_per_mw_per_yr",18,18,100.0,209,2025,2050,target,BRA
WITCH 5.0,EN_INDCi2030_900_NDCp,2160,18,"BiomassCap, BiomassCap - w/ CCS, BiomassCap - w/o CCS, CoalCap, CoalCap - w/ CCS, CoalCap - w/o CCS, GasCap, GasCap - w/ CCS, GasCap - w/o CCS, HydroCap, Hydrogen, NuclearCap, OilCap, OilCap - w/o CCS, SolarCap - CSP, SolarCap - PV, WindCap - Offshore, WindCap - Onshore",1080,1080,50.0,840,38.89,720,33.33,600,27.78,0,0.0,13,"efficiency_decimal,lifetime_years,capital_cost_usd_per_mw,om_cost_usd_per_mw_per_yr",18,18,100.0,209,2025,2050,target,BRA
WITCH 5.0,EN_INDCi2030_900f,2160,18,"BiomassCap, BiomassCap - w/ CCS, BiomassCap - w/o CCS, CoalCap, CoalCap - w/ CCS, CoalCap - w/o CCS, GasCap, GasCap - w/ CCS, GasCap - w/o CCS, HydroCap, Hydrogen, NuclearCap, OilCap, OilCap - w/o CCS, SolarCap - CSP, SolarCap - PV, WindCap - Offshore, WindCap - Onshore",1080,1080,50.0,840,38.89,720,33.33,600,27.78,0,0.0,13,"efficiency_decimal,lifetime_years,capital_cost_usd_per_mw,om_cost_usd_per_mw_per_yr",18,18,100.0,209,2025,2050,target,BRA
WITCH 5.0,EN_INDCi2030_900f_NDCp,2160,18,"BiomassCap, BiomassCap - w/ CCS, BiomassCap - w/o CCS, CoalCap, CoalCap - w/ CCS, CoalCap - w/o CCS, GasCap, GasCap - w/ CCS, GasCap - w/o CCS, HydroCap, Hydrogen, NuclearCap, OilCap, OilCap - w/o CCS, SolarCap - CSP, SolarCap - PV, WindCap - Offshore, WindCap - Onshore",1080,1080,50.0,840,38.89,720,33.33,600,27.78,0,0.0,13,"efficiency_decimal,lifetime_years,capital_cost_usd_per_mw,om_cost_usd_per_mw_per_yr",18,18,100.0,209,2025,2050,target,BRA
WITCH 5.0,EN_INDCi2100,2160,18,"BiomassCap, BiomassCap - w/ CCS, BiomassCap - w/o CCS, CoalCap, CoalCap - w/ CCS, CoalCap - w/o CCS, GasCap, GasCap - w/ CCS, GasCap - w/o CCS, HydroCap, Hydrogen, NuclearCap, OilCap, OilCap - w/o CCS, SolarCap - CSP, SolarCap - PV, WindCap - Offshore, WindCap - Onshore",1080,1080,50.0,840,38.89,720,33.33,600,27.78,0,0.0,13,"efficiency_decimal,lifetime_years,capital_cost_usd_per_mw,om_cost_usd_per_mw_per_yr",18,18,100.0,209,2025,2050,target,BRA
WITCH 5.0,EN_INDCi2100_NDCp,2160,18,"BiomassCap, BiomassCap - w/ CCS, BiomassCap - w/o CCS, CoalCap, CoalCap - w/ CCS, CoalCap - w/o CCS, GasCap, GasCap - w/ CCS, GasCap - w/o CCS, HydroCap, Hydrogen, NuclearCap, OilCap, OilCap - w/o CCS, SolarCap - CSP, SolarCap - PV, WindCap - Offshore, WindCap - Onshore",1080,1080,50.0,840,38.89,720,33.33,600,27.78,0,0.0,13,"efficiency_decimal,lifetime_years,capital_cost_usd_per_mw,om_cost_usd_per_mw_per_yr",18,18,100.0,209,2025,2050,target,BRA
WITCH 5.0,EN_NPi2020_1000,2160,18,"BiomassCap, BiomassCap - w/ CCS, BiomassCap - w/o CCS, CoalCap, CoalCap - w/ CCS, CoalCap - w/o CCS, GasCap, GasCap - w/ CCS, GasCap - w/o CCS, HydroCap, Hydrogen, NuclearCap, OilCap, OilCap - w/o CCS, SolarCap - CSP, SolarCap - PV, WindCap - Offshore, WindCap - Onshore",1080,1080,50.0,840,38.89,720,33.33,600,27.78,0,0.0,13,"efficiency_decimal,lifetime_years,capital_cost_usd_per_mw,om_cost_usd_per_mw_per_yr",18,18,100.0,209,2025,2050,target,BRA
WITCH 5.0,EN_NPi2020_1000f,2160,18,"BiomassCap, BiomassCap - w/ CCS, BiomassCap - w/o CCS, CoalCap, CoalCap - w/ CCS, CoalCap - w/o CCS, GasCap, GasCap - w/ CCS, GasCap - w/o CCS, HydroCap, Hydrogen, NuclearCap, OilCap, OilCap - w/o CCS, SolarCap - CSP, SolarCap - PV, WindCap - Offshore, WindCap - Onshore",1080,1080,50.0,840,38.89,720,33.33,600,27.78,0,0.0,13,"efficiency_decimal,lifetime_years,capital_cost_usd_per_mw,om_cost_usd_per_mw_per_yr",18,18,100.0,209,2025,2050,target,BRA
WITCH 5.0,EN_NPi2020_1200,2160,18,"BiomassCap, BiomassCap - w/ CCS, BiomassCap - w/o CCS, CoalCap, CoalCap - w/ CCS, CoalCap - w/o CCS, GasCap, GasCap - w/ CCS, GasCap - w/o CCS, HydroCap, Hydrogen, NuclearCap, OilCap, OilCap - w/o CCS, SolarCap - CSP, SolarCap - PV, WindCap - Offshore, WindCap - Onshore",1080,1080,50.0,840,38.89,720,33.33,600,27.78,0,0.0,13,"efficiency_decimal,lifetime_years,capital_cost_usd_per_mw,om_cost_usd_per_mw_per_yr",18,18,100.0,209,2025,2050,target,BRA
WITCH 5.0,EN_NPi2020_1200f,2160,18,"BiomassCap, BiomassCap - w/ CCS, BiomassCap - w/o CCS, CoalCap, CoalCap - w/ CCS, CoalCap - w/o CCS, GasCap, GasCap - w/ CCS, GasCap - w/o CCS, HydroCap, Hydrogen, NuclearCap, OilCap, OilCap - w/o CCS, SolarCap - CSP, SolarCap - PV, WindCap - Offshore, WindCap - Onshore",1080,1080,50.0,840,38.89,720,33.33,600,27.78,0,0.0,13,"efficiency_decimal,lifetime_years,capital_cost_usd_per_mw,om_cost_usd_per_mw_per_yr",18,18,100.0,209,2025,2050,target,BRA
WITCH 5.0,EN_NPi2020_1400,2160,18,"BiomassCap, BiomassCap - w/ CCS, BiomassCap - w/o CCS, CoalCap, CoalCap - w/ CCS, CoalCap - w/o CCS, GasCap, GasCap - w/ CCS, GasCap - w/o CCS, HydroCap, Hydrogen, NuclearCap, OilCap, OilCap - w/o CCS, SolarCap - CSP, SolarCap - PV, WindCap - Offshore, WindCap - Onshore",1080,1080,50.0,840,38.89,720,33.33,600,27.78,0,0.0,13,"efficiency_decimal,lifetime_years,capital_cost_usd_per_mw,om_cost_usd_per_mw_per_yr",18,18,100.0,209,2025,2050,target,BRA
WITCH 5.0,EN_NPi2020_1400f,2160,18,"BiomassCap, BiomassCap - w/ CCS, BiomassCap - w/o CCS, CoalCap, CoalCap - w/ CCS, CoalCap - w/o CCS, GasCap, GasCap - w/ CCS, GasCap - w/o CCS, HydroCap, Hydrogen, NuclearCap, OilCap, OilCap - w/o CCS, SolarCap - CSP, SolarCap - PV, WindCap - Offshore, WindCap - Onshore",1080,1080,50.0,840,38.89,720,33.33,600,27.78,0,0.0,13,"efficiency_decimal,lifetime_years,capital_cost_usd_per_mw,om_cost_usd_per_mw_per_yr",18,18,100.0,209,2025,2050,target,BRA
WITCH 5.0,EN_NPi2020_1600,2160,18,"BiomassCap, BiomassCap - w/ CCS, BiomassCap - w/o CCS, CoalCap, CoalCap - w/ CCS, CoalCap - w/o CCS, GasCap, GasCap - w/ CCS, GasCap - w/o CCS, HydroCap, Hydrogen, NuclearCap, OilCap, OilCap - w/o CCS, SolarCap - CSP, SolarCap - PV, WindCap - Offshore, WindCap - Onshore",1080,1080,50.0,840,38.89,720,33.33,600,27.78,0,0.0,13,"efficiency_decimal,lifetime_years,capital_cost_usd_per_mw,om_cost_usd_per_mw_per_yr",18,18,100.0,209,2025,2050,target,BRA
WITCH 5.0,EN_NPi2020_1600f,2160,18,"BiomassCap, BiomassCap - w/ CCS, BiomassCap - w/o CCS, CoalCap, CoalCap - w/ CCS, CoalCap - w/o CCS, GasCap, GasCap - w/ CCS, GasCap - w/o CCS, HydroCap, Hydrogen, NuclearCap, OilCap, OilCap - w/o CCS, SolarCap - CSP, SolarCap - PV, WindCap - Offshore, WindCap - Onshore",1080,1080,50.0,840,38.89,720,33.33,600,27.78,0,0.0,13,"efficiency_decimal,lifetime_years,capital_cost_usd_per_mw,om_cost_usd_per_mw_per_yr",18,18,100.0,209,2025,2050,target,BRA
WITCH 5.0,EN_NPi2020_1800,2160,18,"BiomassCap, BiomassCap - w/ CCS, BiomassCap - w/o CCS, CoalCap, CoalCap - w/ CCS, CoalCap - w/o CCS, GasCap, GasCap - w/ CCS, GasCap - w/o CCS, HydroCap, Hydrogen, NuclearCap, OilCap, OilCap - w/o CCS, SolarCap - CSP, SolarCap - PV, WindCap - Offshore, WindCap - Onshore",1080,1080,50.0,840,38.89,720,33.33,600,27.78,0,0.0,13,"efficiency_decimal,lifetime_years,capital_cost_usd_per_mw,om_cost_usd_per_mw_per_yr",18,18,100.0,209,2025,2050,target,BRA
WITCH 5.0,EN_NPi2020_1800f,2160,18,"BiomassCap, BiomassCap - w/ CCS, BiomassCap - w/o CCS, CoalCap, CoalCap - w/ CCS, CoalCap - w/o CCS, GasCap, GasCap - w/ CCS, GasCap - w/o CCS, HydroCap, Hydrogen, NuclearCap, OilCap, OilCap - w/o CCS, SolarCap - CSP, SolarCap - PV, WindCap - Offshore, WindCap - Onshore",1080,1080,50.0,840,38.89,720,33.33,600,27.78,0,0.0,13,"efficiency_decimal,lifetime_years,capital_cost_usd_per_mw,om_cost_usd_per_mw_per_yr",18,18,100.0,209,2025,2050,target,BRA
WITCH 5.0,EN_NPi2020_2000,2160,18,"BiomassCap, BiomassCap - w/ CCS, BiomassCap - w/o CCS, CoalCap, CoalCap - w/ CCS, CoalCap - w/o CCS, GasCap, GasCap - w/ CCS, GasCap - w/o CCS, HydroCap, Hydrogen, NuclearCap, OilCap, OilCap - w/o CCS, SolarCap - CSP, SolarCap - PV, WindCap - Offshore, WindCap - Onshore",1080,1080,50.0,840,38.89,720,33.33,600,27.78,0,0.0,13,"efficiency_decimal,lifetime_years,capital_cost_usd_per_mw,om_cost_usd_per_mw_per_yr",18,18,100.0,209,2025,2050,target,BRA
WITCH 5.0,EN_NPi2020_2000f,2160,18,"BiomassCap, BiomassCap - w/ CCS, BiomassCap - w/o CCS, CoalCap, CoalCap - w/ CCS, CoalCap - w/o CCS, GasCap, GasCap - w/ CCS, GasCap - w/o CCS, HydroCap, Hydrogen, NuclearCap, OilCap, OilCap - w/o CCS, SolarCap - CSP, SolarCap - PV, WindCap - Offshore, WindCap - Onshore",1080,1080,50.0,840,38.89,720,33.33,600,27.78,0,0.0,13,"efficiency_decimal,lifetime_years,capital_cost_usd_per_mw,om_cost_usd_per_mw_per_yr",18,18,100.0,209,2025,2050,target,BRA
WITCH 5.0,EN_NPi2020_2500,2160,18,"BiomassCap, BiomassCap - w/ CCS, BiomassCap - w/o CCS, CoalCap, CoalCap - w/ CCS, CoalCap - w/o CCS, GasCap, GasCap - w/ CCS, GasCap - w/o CCS, HydroCap, Hydrogen, NuclearCap, OilCap, OilCap - w/o CCS, SolarCap - CSP, SolarCap - PV, WindCap - Offshore, WindCap - Onshore",1080,1080,50.0,840,38.89,720,33.33,600,27.78,0,0.0,13,"efficiency_decimal,lifetime_years,capital_cost_usd_per_mw,om_cost_usd_per_mw_per_yr",18,18,100.0,209,2025,2050,target,BRA
WITCH 5.0,EN_NPi2020_2500f,2160,18,"BiomassCap, BiomassCap - w/ CCS, BiomassCap - w/o CCS, CoalCap, CoalCap - w/ CCS, CoalCap - w/o CCS, GasCap, GasCap - w/ CCS, GasCap - w/o CCS, HydroCap, Hydrogen, NuclearCap, OilCap, OilCap - w/o CCS, SolarCap - CSP, SolarCap - PV, WindCap - Offshore, WindCap - Onshore",1080,1080,50.0,840,38.89,720,33.33,600,27.78,0,0.0,13,"efficiency_decimal,lifetime_years,capital_cost_usd_per_mw,om_cost_usd_per_mw_per_yr",18,18,100.0,209,2025,2050,target,BRA
WITCH 5.0,EN_NPi2020_3000,2160,18,"BiomassCap, BiomassCap - w/ CCS, BiomassCap - w/o CCS, CoalCap, CoalCap - w/ CCS, CoalCap - w/o CCS, GasCap, GasCap - w/ CCS, GasCap - w/o CCS, HydroCap, Hydrogen, NuclearCap, OilCap, OilCap - w/o CCS, SolarCap - CSP, SolarCap - PV, WindCap - Offshore, WindCap - Onshore",1080,1080,50.0,840,38.89,720,33.33,600,27.78,0,0.0,13,"efficiency_decimal,lifetime_years,capital_cost_usd_per_mw,om_cost_usd_per_mw_per_yr",18,18,100.0,209,2025,2050,target,BRA
WITCH 5.0,EN_NPi2020_3000f,2160,18,"BiomassCap, BiomassCap - w/ CCS, BiomassCap - w/o CCS, CoalCap, CoalCap - w/ CCS, CoalCap - w/o CCS, GasCap, GasCap - w/ CCS, GasCap - w/o CCS, HydroCap, Hydrogen, NuclearCap, OilCap, OilCap - w/o CCS, SolarCap - CSP, SolarCap - PV, WindCap - Offshore, WindCap - Onshore",1080,1080,50.0,840,38.89,720,33.33,600,27.78,0,0.0,13,"efficiency_decimal,lifetime_years,capital_cost_usd_per_mw,om_cost_usd_per_mw_per_yr",18,18,100.0,209,2025,2050,target,BRA
WITCH 5.0,EN_NPi2020_400f,2160,18,"BiomassCap, BiomassCap - w/ CCS, BiomassCap - w/o CCS, CoalCap, CoalCap - w/ CCS, CoalCap - w/o CCS, GasCap, GasCap - w/ CCS, GasCap - w/o CCS, HydroCap, Hydrogen, NuclearCap, OilCap, OilCap - w/o CCS, SolarCap - CSP, SolarCap - PV, WindCap - Offshore, WindCap - Onshore",1080,1080,50.0,840,38.89,720,33.33,600,27.78,0,0.0,13,"efficiency_decimal,lifetime_years,capital_cost_usd_per_mw,om_cost_usd_per_mw_per_yr",18,18,100.0,209,2025,2050,target,BRA
WITCH 5.0,EN_NPi2020_450,2160,18,"BiomassCap, BiomassCap - w/ CCS, BiomassCap - w/o CCS, CoalCap, CoalCap - w/ CCS, CoalCap - w/o CCS, GasCap, GasCap - w/ CCS, GasCap - w/o CCS, HydroCap, Hydrogen, NuclearCap, OilCap, OilCap - w/o CCS, SolarCap - CSP, SolarCap - PV, WindCap - Offshore, WindCap - Onshore",1252,908,57.96,840,38.89,720,33.33,858,39.72,0,0.0,13,fuel_price,18,18,100.0,209,2025,2050,target,BRA
WITCH 5.0,EN_NPi2020_450f,2160,18,"BiomassCap, BiomassCap - w/ CCS, BiomassCap - w/o CCS, CoalCap, CoalCap - w/ CCS, CoalCap - w/o CCS, GasCap, GasCap - w/ CCS, GasCap - w/o CCS, HydroCap, Hydrogen, NuclearCap, OilCap, OilCap - w/o CCS, SolarCap - CSP, SolarCap - PV, WindCap - Offshore, WindCap - Onshore",1080,1080,50.0,840,38.89,720,33.33,600,27.78,0,0.0,13,"efficiency_decimal,lifetime_years,capital_cost_usd_per_mw,om_cost_usd_per_mw_per_yr",18,18,100.0,209,2025,2050,target,BRA
WITCH 5.0,EN_NPi2020_500,2160,18,"BiomassCap, BiomassCap - w/ CCS, BiomassCap - w/o CCS, CoalCap, CoalCap - w/ CCS, CoalCap - w/o CCS, GasCap, GasCap - w/ CCS, GasCap - w/o CCS, HydroCap, Hydrogen, NuclearCap, OilCap, OilCap - w/o CCS, SolarCap - CSP, SolarCap - PV, WindCap - Offshore, WindCap - Onshore",1170,990,54.17,840,38.89,720,33.33,735,34.03,0,0.0,13,fuel_price,18,18,100.0,209,2025,2050,target,BRA
WITCH 5.0,EN_NPi2020_500f,2160,18,"BiomassCap, BiomassCap - w/ CCS, BiomassCap - w/o CCS, CoalCap, CoalCap - w/ CCS, CoalCap - w/o CCS, GasCap, GasCap - w/ CCS, GasCap - w/o CCS, HydroCap, Hydrogen, NuclearCap, OilCap, OilCap - w/o CCS, SolarCap - CSP, SolarCap - PV, WindCap - Offshore, WindCap - Onshore",1080,1080,50.0,840,38.89,720,33.33,600,27.78,0,0.0,13,"efficiency_decimal,lifetime_years,capital_cost_usd_per_mw,om_cost_usd_per_mw_per_yr",18,18,100.0,209,2025,2050,target,BRA
WITCH 5.0,EN_NPi2020_600,2160,18,"BiomassCap, BiomassCap - w/ CCS, BiomassCap - w/o CCS, CoalCap, CoalCap - w/ CCS, CoalCap - w/o CCS, GasCap, GasCap - w/ CCS, GasCap - w/o CCS, HydroCap, Hydrogen, NuclearCap, OilCap, OilCap - w/o CCS, SolarCap - CSP, SolarCap - PV, WindCap - Offshore, WindCap - Onshore",1080,1080,50.0,840,38.89,720,33.33,600,27.78,0,0.0,13,"efficiency_decimal,lifetime_years,capital_cost_usd_per_mw,om_cost_usd_per_mw_per_yr",18,18,100.0,209,2025,2050,target,BRA
WITCH 5.0,EN_NPi2020_600f,2160,18,"BiomassCap, BiomassCap - w/ CCS, BiomassCap - w/o CCS, CoalCap, CoalCap - w/ CCS, CoalCap - w/o CCS, GasCap, GasCap - w/ CCS, GasCap - w/o CCS, HydroCap, Hydrogen, NuclearCap, OilCap, OilCap - w/o CCS, SolarCap - CSP, SolarCap - PV, WindCap - Offshore, WindCap - Onshore",1080,1080,50.0,840,38.89,720,33.33,600,27.78,0,0.0,13,"efficiency_decimal,lifetime_years,capital_cost_usd_per_mw,om_cost_usd_per_mw_per_yr",18,18,100.0,209,2025,2050,target,BRA
WITCH 5.0,EN_NPi2020_700,2160,18,"BiomassCap, BiomassCap - w/ CCS, BiomassCap - w/o CCS, CoalCap, CoalCap - w/ CCS, CoalCap - w/o CCS, GasCap, GasCap - w/ CCS, GasCap - w/o CCS, HydroCap, Hydrogen, NuclearCap, OilCap, OilCap - w/o CCS, SolarCap - CSP, SolarCap - PV, WindCap - Offshore, WindCap - Onshore",1080,1080,50.0,840,38.89,720,33.33,600,27.78,0,0.0,13,"efficiency_decimal,lifetime_years,capital_cost_usd_per_mw,om_cost_usd_per_mw_per_yr",18,18,100.0,209,2025,2050,target,BRA
WITCH 5.0,EN_NPi2020_700f,2160,18,"BiomassCap, BiomassCap - w/ CCS, BiomassCap - w/o CCS, CoalCap, CoalCap - w/ CCS, CoalCap - w/o CCS, GasCap, GasCap - w/ CCS, GasCap - w/o CCS, HydroCap, Hydrogen, NuclearCap, OilCap, OilCap - w/o CCS, SolarCap - CSP, SolarCap - PV, WindCap - Offshore, WindCap - Onshore",1080,1080,50.0,840,38.89,720,33.33,600,27.78,0,0.0,13,"efficiency_decimal,lifetime_years,capital_cost_usd_per_mw,om_cost_usd_per_mw_per_yr",18,18,100.0,209,2025,2050,target,BRA
WITCH 5.0,EN_NPi2020_800,2160,18,"BiomassCap, BiomassCap - w/ CCS, BiomassCap - w/o CCS, CoalCap, CoalCap - w/ CCS, CoalCap - w/o CCS, GasCap, GasCap - w/ CCS, GasCap - w/o CCS, HydroCap, Hydrogen, NuclearCap, OilCap, OilCap - w/o CCS, SolarCap - CSP, SolarCap - PV, WindCap - Offshore, WindCap - Onshore",1080,1080,50.0,840,38.89,720,33.33,600,27.78,0,0.0,13,"efficiency_decimal,lifetime_years,capital_cost_usd_per_mw,om_cost_usd_per_mw_per_yr",17,18,94.44,209,2025,2050,target,BRA
WITCH 5.0,EN_NPi2020_800f,2160,18,"BiomassCap, BiomassCap - w/ CCS, BiomassCap - w/o CCS, CoalCap, CoalCap - w/ CCS, CoalCap - w/o CCS, GasCap, GasCap - w/ CCS, GasCap - w/o CCS, HydroCap, Hydrogen, NuclearCap, OilCap, OilCap - w/o CCS, SolarCap - CSP, SolarCap - PV, WindCap - Offshore, WindCap - Onshore",1080,1080,50.0,840,38.89,720,33.33,600,27.78,0,0.0,13,"efficiency_decimal,lifetime_years,capital_cost_usd_per_mw,om_cost_usd_per_mw_per_yr",18,18,100.0,209,2025,2050,target,BRA
WITCH 5.0,EN_NPi2020_900,2160,18,"BiomassCap, BiomassCap - w/ CCS, BiomassCap - w/o CCS, CoalCap, CoalCap - w/ CCS, CoalCap - w/o CCS, GasCap, GasCap - w/ CCS, GasCap - w/o CCS, HydroCap, Hydrogen, NuclearCap, OilCap, OilCap - w/o CCS, SolarCap - CSP, SolarCap - PV, WindCap - Offshore, WindCap - Onshore",1080,1080,50.0,840,38.89,720,33.33,600,27.78,0,0.0,13,"efficiency_decimal,lifetime_years,capital_cost_usd_per_mw,om_cost_usd_per_mw_per_yr",17,18,94.44,209,2025,2050,target,BRA
WITCH 5.0,EN_NPi2020_900f,2160,18,"BiomassCap, BiomassCap - w/ CCS, BiomassCap - w/o CCS, CoalCap, CoalCap - w/ CCS, CoalCap - w/o CCS, GasCap, GasCap - w/ CCS, GasCap - w/o CCS, HydroCap, Hydrogen, NuclearCap, OilCap, OilCap - w/o CCS, SolarCap - CSP, SolarCap - PV, WindCap - Offshore, WindCap - Onshore",1080,1080,50.0,840,38.89,720,33.33,600,27.78,0,0.0,13,"efficiency_decimal,lifetime_years,capital_cost_usd_per_mw,om_cost_usd_per_mw_per_yr",18,18,100.0,209,2025,2050,target,BRA
WITCH 5.0,EN_NPi2100,2160,18,"BiomassCap, BiomassCap - w/ CCS, BiomassCap - w/o CCS, CoalCap, CoalCap - w/ CCS, CoalCap - w/o CCS, GasCap, GasCap - w/ CCS, GasCap - w/o CCS, HydroCap, Hydrogen, NuclearCap, OilCap, OilCap - w/o CCS, SolarCap - CSP, SolarCap - PV, WindCap - Offshore, WindCap - Onshore",1080,1080,50.0,840,38.89,720,33.33,600,27.78,0,0.0,13,"efficiency_decimal,lifetime_years,capital_cost_usd_per_mw,om_cost_usd_per_mw_per_yr",18,18,100.0,209,2025,2050,target,BRA
WITCH 5.0,EN_NoPolicy,2160,18,"BiomassCap, BiomassCap - w/ CCS, BiomassCap - w/o CCS, CoalCap, CoalCap - w/ CCS, CoalCap - w/o CCS, GasCap, GasCap - w/ CCS, GasCap - w/o CCS, HydroCap, Hydrogen, NuclearCap, OilCap, OilCap - w/o CCS, SolarCap - CSP, SolarCap - PV, WindCap - Offshore, WindCap - Onshore",1080,1080,50.0,840,38.89,720,33.33,600,27.78,0,0.0,13,"efficiency_decimal,lifetime_years,capital_cost_usd_per_mw,om_cost_usd_per_mw_per_yr",18,18,100.0,209,2025,2050,baseline,BRA
eTIMES-EU 1.0,NEUTR,204,17,"BiomassCap, BiomassCap - w/ CCS, BiomassCap - w/o CCS, CoalCap, CoalCap - w/ CCS, CoalCap - w/o CCS, GasCap, GasCap - w/ CCS, GasCap - w/o CCS, GeothermalCap, HydroCap, NuclearCap, OilCap, OilCap - w/ CCS, OilCap - w/o CCS, WindCap - Offshore, WindCap - Onshore",204,0,100.0,204,100.0,204,100.0,144,70.59,204,100.0,3,"efficiency_decimal,lifetime_years,capital_cost_usd_per_mw,om_cost_usd_per_mw_per_yr,fuel_price,scenario_price",0,17,0.0,27,2025,2050,target,EU
eTIMES-EU 1.0,NEUTR_A45,204,17,"BiomassCap, BiomassCap - w/ CCS, BiomassCap - w/o CCS, CoalCap, CoalCap - w/ CCS, CoalCap - w/o CCS, GasCap, GasCap - w/ CCS, GasCap - w/o CCS, GeothermalCap, HydroCap, NuclearCap, OilCap, OilCap - w/ CCS, OilCap - w/o CCS, WindCap - Offshore, WindCap - Onshore",204,0,100.0,204,100.0,204,100.0,144,70.59,204,100.0,3,"efficiency_decimal,lifetime_years,capital_cost_usd_per_mw,om_cost_usd_per_mw_per_yr,fuel_price,scenario_price",0,17,0.0,27,2025,2050,target,EU
eTIMES-EU 1.0,NEUTR_A85,204,17,"BiomassCap, BiomassCap - w/ CCS, BiomassCap - w/o CCS, CoalCap, CoalCap - w/ CCS, CoalCap - w/o CCS, GasCap, GasCap - w/ CCS, GasCap - w/o CCS, GeothermalCap, HydroCap, NuclearCap, OilCap, OilCap - w/ CCS, OilCap - w/o CCS, WindCap - Offshore, WindCap - Onshore",204,0,100.0,204,100.0,204,100.0,144,70.59,204,100.0,3,"efficiency_decimal,lifetime_years,capital_cost_usd_per_mw,om_cost_usd_per_mw_per_yr,fuel_price,scenario_price",0,17,0.0,27,2025,2050,target,EU
eTIMES-EU 1.0,NEUTR_B45,204,17,"BiomassCap, BiomassCap - w/ CCS, BiomassCap - w/o CCS, CoalCap, CoalCap - w/ CCS, CoalCap - w/o CCS, GasCap, GasCap - w/ CCS, GasCap - w/o CCS, GeothermalCap, HydroCap, NuclearCap, OilCap, OilCap - w/ CCS, OilCap - w/o CCS, WindCap - Offshore, WindCap - Onshore",204,0,100.0,204,100.0,204,100.0,144,70.59,204,100.0,3,"efficiency_decimal,lifetime_years,capital_cost_usd_per_mw,om_cost_usd_per_mw_per_yr,fuel_price,scenario_price",0,17,0.0,27,2025,2050,target,EU
eTIMES-EU 1.0,NEUTR_B85,204,17,"BiomassCap, BiomassCap - w/ CCS, BiomassCap - w/o CCS, CoalCap, CoalCap - w/ CCS, CoalCap - w/o CCS, GasCap, GasCap - w/ CCS, GasCap - w/o CCS, GeothermalCap, HydroCap, NuclearCap, OilCap, OilCap - w/ CCS, OilCap - w/o CCS, WindCap - Offshore, WindCap - Onshore",204,0,100.0,204,100.0,204,100.0,144,70.59,204,100.0,3,"efficiency_decimal,lifetime_years,capital_cost_usd_per_mw,om_cost_usd_per_mw_per_yr,fuel_price,scenario_price",0,17,0.0,27,2025,2050,target,EU
eTIMES-EU 1.0,NEUTR_C45,204,17,"BiomassCap, BiomassCap - w/ CCS, BiomassCap - w/o CCS, CoalCap, CoalCap - w/ CCS, CoalCap - w/o CCS, GasCap, GasCap - w/ CCS, GasCap - w/o CCS, GeothermalCap, HydroCap, NuclearCap, OilCap, OilCap - w/ CCS, OilCap - w/o CCS, WindCap - Offshore, WindCap - Onshore",204,0,100.0,204,100.0,204,100.0,144,70.59,204,100.0,3,"efficiency_decimal,lifetime_years,capital_cost_usd_per_mw,om_cost_usd_per_mw_per_yr,fuel_price,scenario_price",0,17,0.0,27,2025,2050,target,EU
eTIMES-EU 1.0,NEUTR_C85,204,17,"BiomassCap, BiomassCap - w/ CCS, BiomassCap - w/o CCS, CoalCap, CoalCap - w/ CCS, CoalCap - w/o CCS, GasCap, GasCap - w/ CCS, GasCap - w/o CCS, GeothermalCap, HydroCap, NuclearCap, OilCap, OilCap - w/ CCS, OilCap - w/o CCS, WindCap - Offshore, WindCap - Onshore",204,0,100.0,204,100.0,204,100.0,144,70.59,204,100.0,3,"efficiency_decimal,lifetime_years,capital_cost_usd_per_mw,om_cost_usd_per_mw_per_yr,fuel_price,scenario_price",0,17,0.0,27,2025,2050,target,EU
eTIMES-EU 1.0,NEUTR_D45,204,17,"BiomassCap, BiomassCap - w/ CCS, BiomassCap - w/o CCS, CoalCap, CoalCap - w/ CCS, CoalCap - w/o CCS, GasCap, GasCap - w/ CCS, GasCap - w/o CCS, GeothermalCap, HydroCap, NuclearCap, OilCap, OilCap - w/ CCS, OilCap - w/o CCS, WindCap - Offshore, WindCap - Onshore",204,0,100.0,204,100.0,204,100.0,144,70.59,204,100.0,3,"efficiency_decimal,lifetime_years,capital_cost_usd_per_mw,om_cost_usd_per_mw_per_yr,fuel_price,scenario_price",0,17,0.0,27,2025,2050,target,EU
eTIMES-EU 1.0,NEUTR_D85,204,17,"BiomassCap, BiomassCap - w/ CCS, BiomassCap - w/o CCS, CoalCap, CoalCap - w/ CCS, CoalCap - w/o CCS, GasCap, GasCap - w/ CCS, GasCap - w/o CCS, GeothermalCap, HydroCap, NuclearCap, OilCap, OilCap - w/ CCS, OilCap - w/o CCS, WindCap - Offshore, WindCap - Onshore",204,0,100.0,204,100.0,204,100.0,144,70.59,204,100.0,3,"efficiency_decimal,lifetime_years,capital_cost_usd_per_mw,om_cost_usd_per_mw_per_yr,fuel_price,scenario_price",0,17,0.0,27,2025,2050,target,EU
eTIMES-EU 1.0,NEUTR_E45,204,17,"BiomassCap, BiomassCap - w/ CCS, BiomassCap - w/o CCS, CoalCap, CoalCap - w/ CCS, CoalCap - w/o CCS, GasCap, GasCap - w/ CCS, GasCap - w/o CCS, GeothermalCap, HydroCap, NuclearCap, OilCap, OilCap - w/ CCS, OilCap - w/o CCS, WindCap - Offshore, WindCap - Onshore",204,0,100.0,204,100.0,204,100.0,144,70.59,204,100.0,3,"efficiency_decimal,lifetime_years,capital_cost_usd_per_mw,om_cost_usd_per_mw_per_yr,fuel_price,scenario_price",0,17,0.0,27,2025,2050,target,EU
eTIMES-EU 1.0,NEUTR_E85,204,17,"BiomassCap, BiomassCap - w/ CCS, BiomassCap - w/o CCS, CoalCap, CoalCap - w/ CCS, CoalCap - w/o CCS, GasCap, GasCap - w/ CCS, GasCap - w/o CCS, GeothermalCap, HydroCap, NuclearCap, OilCap, OilCap - w/ CCS, OilCap - w/o CCS, WindCap - Offshore, WindCap - Onshore",204,0,100.0,204,100.0,204,100.0,144,70.59,204,100.0,3,"efficiency_decimal,lifetime_years,capital_cost_usd_per_mw,om_cost_usd_per_mw_per_yr,fuel_price,scenario_price",0,17,0.0,27,2025,2050,target,EU
eTIMES-EU 1.0,NEUTR_F45,204,17,"BiomassCap, BiomassCap - w/ CCS, BiomassCap - w/o CCS, CoalCap, CoalCap - w/ CCS, CoalCap - w/o CCS, GasCap, GasCap - w/ CCS, GasCap - w/o CCS, GeothermalCap, HydroCap, NuclearCap, OilCap, OilCap - w/ CCS, OilCap - w/o CCS, WindCap - Offshore, WindCap - Onshore",204,0,100.0,204,100.0,204,100.0,144,70.59,204,100.0,3,"efficiency_decimal,lifetime_years,capital_cost_usd_per_mw,om_cost_usd_per_mw_per_yr,fuel_price,scenario_price",0,17,0.0,27,2025,2050,target,EU
eTIMES-EU 1.0,NEUTR_F85,204,17,"BiomassCap, BiomassCap - w/ CCS, BiomassCap - w/o CCS, CoalCap, CoalCap - w/ CCS, CoalCap - w/o CCS, GasCap, GasCap - w/ CCS, GasCap - w/o CCS, GeothermalCap, HydroCap, NuclearCap, OilCap, OilCap - w/ CCS, OilCap - w/o CCS, WindCap - Offshore, WindCap - Onshore",204,0,100.0,204,100.0,204,100.0,144,70.59,204,100.0,3,"efficiency_decimal,lifetime_years,capital_cost_usd_per_mw,om_cost_usd_per_mw_per_yr,fuel_price,scenario_price",0,17,0.0,27,2025,2050,target,EU
eTIMES-EU 1.0,NEUTR_G45,204,17,"BiomassCap, BiomassCap - w/ CCS, BiomassCap - w/o CCS, CoalCap, CoalCap - w/ CCS, CoalCap - w/o CCS, GasCap, GasCap - w/ CCS, GasCap - w/o CCS, GeothermalCap, HydroCap, NuclearCap, OilCap, OilCap - w/ CCS, OilCap - w/o CCS, WindCap - Offshore, WindCap - Onshore",204,0,100.0,204,100.0,204,100.0,144,70.59,204,100.0,3,"efficiency_decimal,lifetime_years,capital_cost_usd_per_mw,om_cost_usd_per_mw_per_yr,fuel_price,scenario_price",0,17,0.0,27,2025,2050,target,EU
eTIMES-EU 1.0,NEUTR_G85,204,17,"BiomassCap, BiomassCap - w/ CCS, BiomassCap - w/o CCS, CoalCap, CoalCap - w/ CCS, CoalCap - w/o CCS, GasCap, GasCap - w/ CCS, GasCap - w/o CCS, GeothermalCap, HydroCap, NuclearCap, OilCap, OilCap - w/ CCS, OilCap - w/o CCS, WindCap - Offshore, WindCap - Onshore",204,0,100.0,204,100.0,204,100.0,144,70.59,204,100.0,3,"efficiency_decimal,lifetime_years,capital_cost_usd_per_mw,om_cost_usd_per_mw_per_yr,fuel_price,scenario_price",0,17,0.0,27,2025,2050,target,EU
eTIMES-EU 1.0,NEUTR_H45,204,17,"BiomassCap, BiomassCap - w/ CCS, BiomassCap - w/o CCS, CoalCap, CoalCap - w/ CCS, CoalCap - w/o CCS, GasCap, GasCap - w/ CCS, GasCap - w/o CCS, GeothermalCap, HydroCap, NuclearCap, OilCap, OilCap - w/ CCS, OilCap - w/o CCS, WindCap - Offshore, WindCap - Onshore",204,0,100.0,204,100.0,204,100.0,144,70.59,204,100.0,3,"efficiency_decimal,lifetime_years,capital_cost_usd_per_mw,om_cost_usd_per_mw_per_yr,fuel_price,scenario_price",0,17,0.0,27,2025,2050,target,EU
eTIMES-EU 1.0,NEUTR_H85,204,17,"BiomassCap, BiomassCap - w/ CCS, BiomassCap - w/o CCS, CoalCap, CoalCap - w/ CCS, CoalCap - w/o CCS, GasCap, GasCap - w/ CCS, GasCap - w/o CCS, GeothermalCap, HydroCap, NuclearCap, OilCap, OilCap - w/ CCS, OilCap - w/o CCS, WindCap - Offshore, WindCap - Onshore",204,0,100.0,204,100.0,204,100.0,144,70.59,204,100.0,3,"efficiency_decimal,lifetime_years,capital_cost_usd_per_mw,om_cost_usd_per_mw_per_yr,fuel_price,scenario_price",0,17,0.0,27,2025,2050,target,EU
eTIMES-EU 1.0,NEUTR_I45,204,17,"BiomassCap, BiomassCap - w/ CCS, BiomassCap - w/o CCS, CoalCap, CoalCap - w/ CCS, CoalCap - w/o CCS, GasCap, GasCap - w/ CCS, GasCap - w/o CCS, GeothermalCap, HydroCap, NuclearCap, OilCap, OilCap - w/ CCS, OilCap - w/o CCS, WindCap - Offshore, WindCap - Onshore",204,0,100.0,204,100.0,204,100.0,144,70.59,204,100.0,3,"efficiency_decimal,lifetime_years,capital_cost_usd_per_mw,om_cost_usd_per_mw_per_yr,fuel_price,scenario_price",0,17,0.0,27,2025,2050,target,EU
eTIMES-EU 1.0,NEUTR_I85,204,17,"BiomassCap, BiomassCap - w/ CCS, BiomassCap - w/o CCS, CoalCap, CoalCap - w/ CCS, CoalCap - w/o CCS, GasCap, GasCap - w/ CCS, GasCap - w/o CCS, GeothermalCap, HydroCap, NuclearCap, OilCap, OilCap - w/ CCS, OilCap - w/o CCS, WindCap - Offshore, WindCap - Onshore",204,0,100.0,204,100.0,204,100.0,144,70.59,204,100.0,3,"efficiency_decimal,lifetime_years,capital_cost_usd_per_mw,om_cost_usd_per_mw_per_yr,fuel_price,scenario_price",0,17,0.0,27,2025,2050,target,EU
eTIMES-EU 1.0,NEUTR_J45,204,17,"BiomassCap, BiomassCap - w/ CCS, BiomassCap - w/o CCS, CoalCap, CoalCap - w/ CCS, CoalCap - w/o CCS, GasCap, GasCap - w/ CCS, GasCap - w/o CCS, GeothermalCap, HydroCap, NuclearCap, OilCap, OilCap - w/ CCS, OilCap - w/o CCS, WindCap - Offshore, WindCap - Onshore",204,0,100.0,204,100.0,204,100.0,144,70.59,204,100.0,3,"efficiency_decimal,lifetime_years,capital_cost_usd_per_mw,om_cost_usd_per_mw_per_yr,fuel_price,scenario_price",0,17,0.0,27,2025,2050,target,EU
eTIMES-EU 1.0,NEUTR_J85,204,17,"BiomassCap, BiomassCap - w/ CCS, BiomassCap - w/o CCS, CoalCap, CoalCap - w/ CCS, CoalCap - w/o CCS, GasCap, GasCap - w/ CCS, GasCap - w/o CCS, GeothermalCap, HydroCap, NuclearCap, OilCap, OilCap - w/ CCS, OilCap - w/o CCS, WindCap - Offshore, WindCap - Onshore",204,0,100.0,204,100.0,204,100.0,144,70.59,204,100.0,3,"efficiency_decimal,lifetime_years,capital_cost_usd_per_mw,om_cost_usd_per_mw_per_yr,fuel_price,scenario_price",0,17,0.0,27,2025,2050,target,EU
eTIMES-EU 1.0,NEUTR_L45,204,17,"BiomassCap, BiomassCap - w/ CCS, BiomassCap - w/o CCS, CoalCap, CoalCap - w/ CCS, CoalCap - w/o CCS, GasCap, GasCap - w/ CCS, GasCap - w/o CCS, GeothermalCap, HydroCap, NuclearCap, OilCap, OilCap - w/ CCS, OilCap - w/o CCS, WindCap - Offshore, WindCap - Onshore",204,0,100.0,204,100.0,204,100.0,144,70.59,204,100.0,3,"efficiency_decimal,lifetime_years,capital_cost_usd_per_mw,om_cost_usd_per_mw_per_yr,fuel_price,scenario_price",0,17,0.0,27,2025,2050,target,EU
eTIMES-EU 1.0,NEUTR_L85,204,17,"BiomassCap, BiomassCap - w/ CCS, BiomassCap - w/o CCS, CoalCap, CoalCap - w/ CCS, CoalCap - w/o CCS, GasCap, GasCap - w/ CCS, GasCap - w/o CCS, GeothermalCap, HydroCap, NuclearCap, OilCap, OilCap - w/ CCS, OilCap - w/o CCS, WindCap - Offshore, WindCap - Onshore",204,0,100.0,204,100.0,204,100.0,144,70.59,204,100.0,3,"efficiency_decimal,lifetime_years,capital_cost_usd_per_mw,om_cost_usd_per_mw_per_yr,fuel_price,scenario_price",0,17,0.0,27,2025,2050,target,EU
